title;	genus;	species;	name
Rogue (video game);	"";	"";	''rogue''}}
Rogue (Marvel Comics);	"";	[[mutant (marvel comics);	""
Hack (video game);	"";	"";	''hack''}}
Gaston Leroux;	"";	"";	gaston leroux
IEEE-488;	"";	"";	ieee&nbsp;488
The Phantom of the Opera (novel);	"";	"";	the phantom of the opera
Hell's Kitchen, Manhattan;	"";	"";	hell's kitchen
Maurice Maeterlinck;	"";	"";	maurice maeterlinck
Eastbourne, New Zealand;	"";	"";	eastbourne
Christian Gottlob Heyne;	"";	"";	christian gottlob heyne
Igraine;	"";	"";	igraine
Thuringian Forest;	"";	"";	thuringian forest
Altmarkkreis Salzwedel;	"";	"";	altmarkkreis salzwedel
Bothel, Lower Saxony;	"";	"";	bothel
Brest, Belarus;	"";	"";	brest
Radio 4 (band);	"";	"";	radio 4
Lothal;	"";	"";	lothal
Mark Hanna;	"";	"";	mark hanna
Albert I, Prince of Monaco;	"";	"";	albert i
Fort Stotsenburg;	"";	"";	fort stotsenburg
Swing (dance);	"";	"";	swing dance
Penicillium;	"";	yes}};	""
Magnesium oxide;	"";	"";	""
Conrad Gessner;	"";	"";	conrad gessner
Frida Kahlo;	"";	"";	frida kahlo
Samantha Smith;	"";	"";	samantha smith
Georges Cuvier;	"";	"";	georges cuvier
Pierre Bézier;	"";	"";	pierre étienne bézier
Heinrich Bullinger;	"";	"";	heinrich bullinger
Renault;	"";	"";	renault s.a.
Aphid;	"";	"";	aphids
Conspiracy of One;	"";	"";	conspiracy of one
Curculionidae;	"";	"";	true weevils and bark beetles
Sveinn Björnsson;	"";	"";	sveinn björnsson
Ásgeir Ásgeirsson;	"";	"";	ásgeir ásgeirsson
Kristján Eldjárn;	"";	"";	kristján eldjárn
Vigdís Finnbogadóttir;	"";	"";	vigdís finnbogadóttir
Ólafur Ragnar Grímsson;	"";	"";	ólafur ragnar grímsson
John Gay;	"";	"";	john gay
Portsmouth Naval Shipyard;	"";	"";	portsmouth naval shipyard
Norfolk Naval Shipyard;	"";	"";	norfolk naval shipyard
The Offspring (album);	"";	"";	the offspring
Epitaph Records;	"";	"";	epitaph records
David Gates;	"";	"";	david gates
Microvillus;	"";	"";	microvillus
Don't Let's Start;	"";	"";	don't let's start
Paul-Henri Spaak;	"";	"";	paul-henri spaak
Sol Plaatje;	"";	"";	solomon tshekisho plaatje <!-- include middle initial, if not specified in birth_name -->
Richard Brinsley Sheridan;	"";	"";	richard brinsley sheridan
Clonaid;	"";	"";	clonaid
Sidney Lanier;	"";	"";	sidney lanier
Paul-Émile Janson;	"";	"";	paul-émile janson
Thorstein Veblen;	"";	"";	thorstein veblen
The Jerky Boys: The Movie;	"";	"";	the jerky boys: the movie
Paul van Zeeland;	"";	"";	paul van zeeland
Amorica;	"";	"";	amorica
Oglethorpe University;	"";	"";	oglethorpe university
United Nations Secretariat;	"";	"";	{{lang
Automobiles Alpine;	"";	"";	société des automobiles alpine sas
Bad English;	"";	"";	bad english
Charles Deutsch;	"";	"";	charles deutsch
Naunton Wayne;	"";	"";	naunton wayne
Simon Weston;	"";	"";	simon weston
John Wilkes;	"";	"";	john wilkes
Bill Owen (actor);	"";	"";	bill owen
Ewan MacColl;	"";	"";	ewan maccoll
Lloyd Aéreo Boliviano;	"";	"";	"\"found date\""
Queensboro Bridge;	"";	"";	ed koch queensboro bridge
Mont Ventoux;	"";	"";	mont&nbsp;ventoux
Booth Tarkington;	"";	"";	booth tarkington
Agilent Technologies;	"";	"";	agilent technologies, inc.
Special Broadcasting Service;	"";	"";	special broadcasting service
Chuck Wepner;	"";	"";	chuck wepner
Baguio;	"";	"";	{{ph wikidata
Octavio Paz;	"";	"";	octavio paz
Louis Philippe (musician);	"";	"";	louis philippe
Joshua Slocum;	"";	"";	joshua upham slocum
Hugo Banzer;	"";	"";	hugo banzer
Bird-of-paradise;	"";	"";	bird-of-paradise
Two-source hypothesis;	"";	"";	two-source hypothesis
Japanese beetle;	popillia;	japonica;	japanese beetle
Corvidae;	"";	"";	corvids
Thomas De Quincey;	"";	"";	thomas de quincey
Polynesian languages;	"";	"";	polynesian
Sari Nusseibeh;	"";	"";	sari nusseibeh
Chuck Norris;	"";	"";	chuck norris
Albert Stubbins;	"";	"";	albert stubbins
Flag of North Korea;	"";	"";	democratic people's republic of korea
Henry X, Duke of Bavaria;	"";	"";	henry x the proud
Las Piñas;	"";	"";	{{ph wikidata
Thomas Moore;	"";	"";	thomas moore
Middle Temple;	"";	"";	the honourable society of the middle temple
D. K. Broster;	"";	"";	d. k. broster
Dulwich College;	"";	"";	dulwich college
Facel Vega;	"";	"";	facel sa
Tildonk;	"";	"";	tildonk
Dirk Stikker;	"";	"";	dirk stikker
Louis Jean-Marie Daubenton;	"";	"";	louis jean-marie daubenton
René Antoine Ferchault de Réaumur;	"";	"";	réaumur
Chappe et Gessalin;	"";	"";	automobiles cg
List of presidents of Italy;	"";	"";	speed
Ken Barlow;	"";	"";	ken barlow
David Jenkins (bishop);	"";	"";	david jenkins
Templeton College, Oxford;	"";	"";	templeton college
Singing;	"";	"";	singing}}</ref>
Robert Capa;	"";	"";	robert capa
Brassaï;	"";	"";	brassaï (gyula halász)
Emilia-Romagna;	"";	"";	}}
Kamal Ahmed (comedian);	"";	"";	kamal ahmed
Johnny Brennan;	"";	"";	johnny brennan
Marc Riboud;	"";	"";	marc riboud
Daniel arap Moi;	"";	"";	<!-- defaults to article title when left blank -->
Diane Arbus;	"";	"";	diane arbus
Friedrich Hölderlin;	"";	"";	friedrich hölderlin
Inge Morath;	"";	"";	inge morath
James Brooke;	"";	"";	james brooke
César Gaviria;	"";	"";	césar gaviria
Nevada Test Site;	"";	"";	nevada national security sites
Murder on the Orient Express;	"";	"";	murder on the orient express
Majapahit;	"";	"";	jointheirs
Janez Drnovšek;	"";	"";	janez drnovšek
Edward Shackleton, Baron Shackleton;	"";	"";	the lord shackleton
Cabinet of the United Kingdom;	"";	"";	cabinet of the united kingdom<br />{{small
Pascal Couchepin;	"";	"";	pascal couchepin
Louis Blériot;	"";	"";	louis blériot
Olive Oyl;	"";	human;	olive oyl
Bluto;	"";	"";	bluto
J. Wellington Wimpy;	"";	"";	j. wellington wimpy
Danzig (album);	"";	"";	danzig
Danzig II: Lucifuge;	"";	"";	danzig ii: lucifuge
Transvestic fetishism;	"";	"";	<!--{{pagename}} by default-->
American Recordings (record label);	"";	"";	american recordings
Charles Brooke, Rajah of Sarawak;	"";	"";	charles brooke
Ngaio Marsh;	"";	"";	ngaio marsh
Christopher Pike (author);	"";	"";	christopher pike
Puddle of Mudd;	"";	"";	puddle of mudd
Lockheed P-3 Orion;	"";	"";	p-3 orion
Lauryn Hill;	"";	no}};	lauryn hill
K. D. Wentworth;	"";	"";	k. d. wentworth
Jay-Z;	"";	no}};	jay-z
Kimjongilia;	''[[begonia]]'';	"";	''begonia'' 'kimjongilhwa'
Sabena;	"";	"";	}}
Jeff Fenech;	"";	"";	jeff fenech
Airbus A310;	"";	"";	a310
Tiffeny Milbrett;	"";	"";	tiffeny milbrett
Katherine Mansfield;	"";	"";	katherine mansfield
Eastern District, Hong Kong;	"";	"";	eastern district
Wan Chai District;	"";	"";	wan chai
Hewanorra International Airport;	"";	"";	hewanorra international airport
Nectar (loyalty card);	"";	"";	nectar 360 limited
Longinus;	"";	"";	longinus
GNU Compiler for Java;	"";	"";	gnu compiler for java
Pierre Harmel;	"";	"";	the count harmel
Kenya African National Union;	"";	"";	kenya african national union
John Stamos;	"";	"";	john stamos
STMicroelectronics;	"";	"";	stmicroelectronics n.v.
National Rainbow Coalition;	"";	"";	national rainbow coalition
Finland Swedish;	"";	"";	finland swedish
Ford Park Cemetery;	"";	"";	ford park cemetery
Rovaniemi;	"";	"";	rovaniemi
Joan Littlewood;	"";	"";	joan littlewood
Celia Johnson;	"";	"";	celia johnson
Charles II of Spain;	"";	"";	charles ii
Louis I of Spain;	"";	"";	louis i
René Daumal;	"";	"";	rené daumal
A Night of Serious Drinking;	"";	"";	a night of serious drinking
Glenda Jackson;	"";	"";	glenda jackson
Admiral Ackbar;	"";	[[list of star wars species (k–o)#mon calamari;	""
RADA;	"";	"";	royal academy of dramatic art
Šabac;	"";	"";	šabac
Hongwu Emperor;	"";	"";	hongwu emperor<br />{{nobold
Dina Merrill;	"";	"";	dina merrill
EF Hutton;	"";	"";	ef hutton
Aamir Khan;	"";	"";	aamir khan
Laura Riding;	"";	"";	laura riding
Crimea;	"";	"";	crimean peninsula
Alexios Komnenos (disambiguation);	"";	"";	komnenos, alexios}}
Barbara Bush;	"";	"";	barbara bush
Olympic National Park;	"";	"";	olympic national park
Mau Mau rebellion;	"";	"";	note2
Menachem Mendel Schneerson;	"";	"";	menachem m. schneerson
Carol Reed;	"";	"";	carol reed
El Reencuentro;	"";	"";	el reencuentro
Denis Healey;	"";	"";	the lord healey
Eurico Gaspar Dutra;	"";	"";	eurico dutra
Dennis Conner;	"";	"";	dennis conner
Steeleye Span;	"";	"";	steeleye span
Chabad;	"";	"";	chabad
The Hostage (1967 film);	"";	"";	the hostage
John Smith (explorer);	"";	"";	""
John Winthrop;	"";	"";	john winthrop
London Metropolitan University;	"";	"";	london metropolitan university
University of North London;	"";	"";	university of north london
John Boyd (military strategist);	"";	"";	john boyd
Eazy-E;	"";	no}};	eazy-e
John Burgoyne;	"";	"";	john burgoyne
Southern rock;	"";	"";	southern rock
Arena rock;	"";	"";	arena rock
1 (Beatles album);	"";	"";	1
Madison Avenue;	"";	"";	madison avenue
John Hench;	"";	"";	john hench
Michael Eisner;	"";	"";	michael eisner
Jimmy Reed;	"";	"";	jimmy reed
Karl Haushofer;	"";	"";	karl haushofer
Tobey Maguire;	"";	"";	tobey maguire
Harry Potter and the Chamber of Secrets;	"";	"";	harry potter and the chamber of secrets
Dandy Nichols;	"";	"";	dandy nichols}}
Teófilo Stevenson;	"";	"";	teófilo stevenson
Boeing YAL-1;	"";	"";	yal-1 airborne laser
Free State Project;	"";	"";	free state project
Ginger Baker;	"";	"";	ginger baker
Claude Chappe;	"";	"";	claude chappe
Bonnie Hunt;	"";	"";	bonnie hunt
John Bonham;	"";	"";	john bonham
Philomena;	"";	"";	philomena
Mario Vargas Llosa;	"";	"";	the marquess of vargas llosa
Ricky Gervais;	"";	no}};	ricky gervais
Heinrich Mann;	"";	"";	heinrich mann
Rafael Trujillo;	"";	"";	interview with general rafael trujillo (1961)}}
Mwai Kibaki;	"";	"";	mwai kibaki
Milan Šufflay;	"";	"";	milan šufflay
Leon Festinger;	"";	"";	leon festinger
Perak;	"";	"";	perak
Maccabees;	"";	"";	the holy maccabees
University of Kansas;	"";	"";	university of kansas
John Keble;	"";	"";	john keble
Walter de Merton;	"";	"";	walter de merton
Peter Shaffer;	"";	"";	peter shaffer
Anthony Shaffer (writer);	"";	"";	anthony shaffer
Maceo Parker;	"";	"";	maceo parker
Julie Christie;	"";	"";	julie christie
Billy Liar;	"";	"";	billy liar
Republican River;	"";	"";	republican river
Smoky Hill River;	"";	"";	smoky hill river
Charles Pinckney (governor);	"";	"";	charles pinckney
Tom Courtenay;	"";	"";	tom courtenay
Michael Crawford;	"";	"";	michael crawford
Manhattan Christian College;	"";	"";	manhattan christian college
John Smith (missionary);	"";	"";	john smith
Eamonn Andrews;	"";	"";	eamonn andrews
Craig Mundie;	"";	"";	craig mundie
American Movie;	"";	"";	american movie
Traffic light;	"";	"";	2prep
Joanne Harris;	"";	"";	joanne harris
Hank Williams;	"";	"";	hank williams
The Rite of Spring;	"";	"";	{{lang
Amazon parrot;	"";	"";	amazon parrots
Acheiropodia;	"";	"";	acheiropodia
John Profumo;	"";	"";	john profumo
Valerie Hobson;	"";	"";	valerie hobson
Mandy Rice-Davies;	"";	"";	mandy rice-davies
Edward Hutton;	"";	"";	hutton, edward}}
Sleuth (1972 film);	"";	"";	sleuth
Ronin (film);	"";	"";	ronin
The Ruling Class (film);	"";	"";	the ruling class
Kate Greenaway;	"";	"";	kate greenaway
Leon Spinks;	"";	"";	leon spinks
Paul Winfield;	"";	"";	paul winfield
Julia (1977 film);	"";	"";	julia
Save the Tiger;	"";	"";	save the tiger
Last Tango in Paris;	"";	"";	last tango in paris
The Last Detail;	"";	"";	the last detail
Serpico;	"";	"";	serpico
Art Carney;	"";	"";	art carney
Harry and Tonto;	"";	"";	harry and tonto
Lionel Bart;	"";	"";	lionel bart
François Mauriac;	"";	"";	françois mauriac
The Sunshine Boys;	"";	"";	the sunshine boys
William F. Marquat;	"";	"";	william frederic marquat
The Man in the Glass Booth;	"";	"";	the man in the glass booth
Christopher Cross;	"";	"";	christopher cross
Yoshiyuki Tomino;	"";	"";	yoshiyuki tomino
Mobile Suit Gundam: Char's Counterattack;	"";	"";	mobile suit gundam: char's counterattack
James Whitmore;	"";	"";	james whitmore
Give 'em Hell, Harry!;	"";	"";	give 'em hell, harry!
Christopher Cross (album);	"";	"";	christopher cross
Giancarlo Giannini;	"";	"";	giancarlo giannini
Seven Beauties;	"";	"";	seven beauties
Equus (play);	"";	"";	equus
A Special Day;	"";	"";	a special day
The Wiki Way;	"";	"";	the wiki way
Walla Walla University;	"";	"";	walla walla university
John T. Scopes;	"";	"";	john t. scopes
Erasure (duo);	"";	"";	erasure
E. Nesbit;	"";	"";	edith nesbit
Henry Walter Bates;	"";	"";	henry walter bates
Joseph Butler;	"";	"";	joseph butler
Juan de Oñate;	"";	"";	juan de oñate
Kerri Strug;	"";	"";	kerri strug
Abraham Isaac Kook;	"";	"";	abraham isaac kook<br />{{nobold
Ernesto Cortissoz International Airport;	"";	"";	ernesto cortissoz international airport
John Marshall (archaeologist);	"";	"";	john marshall
Vienna New Year's Concert;	"";	"";	vienna new year's concert
Roddy McDowall;	"";	"";	roddy mcdowall
Chicory;	cichorium;	intybus;	common chicory
Michael Gambon;	"";	"";	michael gambon
Dennis Potter;	"";	"";	dennis potter
Joseph Addison;	"";	"";	joseph addison
Aldus Manutius;	"";	"";	aldus manutius
Jacopo Sannazaro;	"";	"";	jacopo sannazaro
Giovanni Pontano;	"";	"";	""
John Addington Symonds;	"";	"";	john addington symonds}}
Thomas Linacre;	"";	"";	thomas linacre
John Caius;	"";	"";	john caius
William Grocyn;	"";	"";	william grocyn
Wedding ring;	"";	no;	""
John Colet;	"";	"";	john colet
Richard Steele;	"";	"";	richard steele
Kalimantaan;	"";	"";	kalimantaan
John Redwood;	"";	"";	sir john redwood
Guillaume Budé;	"";	"";	guillaume budé
Jean du Bellay;	"";	"";	jean du bellay
Las Palmas;	"";	"";	las palmas de gran canaria
Joachim du Bellay;	"";	"";	joachim du bellay
Wasteland (video game);	"";	"";	''wasteland''}}
Inner London Education Authority;	"";	"";	inner london education authority
The Future of Ideas;	"";	"";	the future of ideas
Tommaso Campanella;	"";	"";	tommaso campanella
Michel de l'Hôpital;	"";	"";	michel de l'hôpital
William Lilly;	"";	"";	william lilly
The City of the Sun;	"";	"";	the city of the sun
Clément Marot;	"";	"";	clément marot
Percy (1971 film);	"";	"";	percy
Guarino da Verona;	"";	"";	guarino
Manuel Chrysoloras;	"";	"";	manuel chrysoloras
Skid Row (Irish band);	"";	"";	skid row
Maurizio Costanzo;	"";	"";	maurizio costanzo
Pteridinium;	✝'''''pteridinium''''';	"";	""
Richard Seddon;	"";	"";	richard john seddon
Tracey Emin;	"";	"";	tracey emin
Katipunan;	"";	"";	katipunan
Olaf Guthfrithson;	"";	"";	olaf guthfrithson
Del Monte Airfield;	"";	"";	del monte airfield
National Diet;	"";	"";	national diet of japan
Luigi Luca Cavalli-Sforza;	"";	"";	luigi luca cavalli-sforza
Amlaíb Cuarán;	"";	"";	olaf
Neverland;	"";	"";	neverland
The Coasters;	"";	"";	the coasters
200th Infantry Regiment (United States);	"";	"";	1-200th infantry battalion}}
Viggo Mortensen;	"";	"";	""
Elijah Wood;	"";	no;	elijah wood
Heavenly Creatures;	"";	"";	heavenly creatures
Orion (mythology);	"";	"";	hesiod, the homeric hymns, and homerica by hesiod
Bernard Hill;	"";	"";	bernard hill
The Song Remains the Same (album);	"";	"";	the song remains the same
Lights Out (UFO album);	"";	"";	lights out
Rude Awakening (Prong album);	"";	"";	rude awakening
The Japan Times;	"";	"";	the japan times
Bounce (Bon Jovi album);	"";	"";	bounce
Budgie (band);	"";	"";	budgie
Takahiro Nishikawa;	"";	"";	takahiro nishikawa
Watching the Wildlife;	"";	"";	watching the wildlife
Enka;	"";	"";	''enka''
John Mayall;	"";	"";	john mayall
Stray Cats;	"";	"";	stray cats
Half Hour of Power;	"";	"";	half hour of power
Andrew Golota;	"";	"";	andrew golota
Gustave Le Bon;	"";	"";	gustave le bon
Jean Stas;	"";	"";	jean stas
Amager;	"";	"";	amager
Stockholm Arlanda Airport;	"";	"";	stockholm arlanda airport
Abdullah II of Jordan;	"";	"";	abdullah ii
DJ Ötzi;	"";	"";	dj ötzi
Horned owl;	"";	"";	horned owls and eagle-owls
Walther Rathenau;	"";	"";	walther rathenau
Saint-Rémy-Blanzy;	"";	"";	saint-rémy-blanzy
Twins (group);	"";	"";	twins
Mort Walker;	"";	"";	mort walker
Ligier;	"";	"";	ligier automotive
Jean Giraud;	"";	"";	"\"pilote\""
Harald Schmidt;	"";	"";	harald schmidt
Moral panic;	"";	"";	folk devils and moral panics
Hugh Masekela;	"";	"";	hugh masekela
Harriet Beecher Stowe;	"";	"";	harriet beecher stowe
Cosworth;	"";	"";	cosworth
ABC 80;	"";	"";	abc 80
Matra Alice;	"";	"";	matra & hachette ordinateur alice
Oranienburg;	"";	"";	oranienburg
Ethan Hawke;	"";	"";	ethan hawke
Sankt Pölten;	"";	"";	sankt pölten
Melk;	"";	"";	melk
John Blow;	"";	"";	john blow
Special Region of Yogyakarta;	"";	"";	special region of yogyakarta
Alexis de Tocqueville;	"";	"";	alexis de tocqueville
Willa Cather;	"";	"";	willa cather
Le prix du danger;	"";	"";	le prix du danger
Yitzchak Hutner;	"";	"";	yitzchak hutner
J. A. Hobson;	"";	"";	john a. hobson
Brutus of Troy;	"";	"";	brutus
Rome Braves;	"";	"";	rome braves
Avedis Zildjian Company;	"";	"";	avedis zildjian company
Sabian Cymbals;	"";	"";	sabian
Tobacco mosaic virus;	"";	tobacco mosaic virus;	""
Michael Landy;	"";	"";	michael landy<br><small>{{post-nominals
Bob Hoskins;	"";	"";	bob hoskins
Liberal Democratic Party (Japan);	"";	"";	liberal democratic party<br />{{nobold
David Garrick;	"";	"";	david garrick}}
Gottfried Kinkel;	"";	"";	johann gottfried kinkel
Qinhuangdao;	"";	"";	qinhuangdao
Krispy Kreme;	"";	"";	krispy kreme inc.
Nonnus;	"";	"";	nonnus
Kinmen;	"";	"";	kinmen
Nobusuke Kishi;	"";	"";	nobusuke kishi
Johann Gottlob Theaenus Schneider;	"";	"";	johann gottlob schneider
Cassander;	"";	"";	cassander
Philip III of Macedon;	"";	"";	philip iii
Flare (novel);	"";	"";	flare
John Earle (bishop);	"";	"";	john earle
Creatures of Light and Darkness;	"";	"";	creatures of light and darkness
Squirtle;	"";	pokémon;	squirtle
Falafel;	"";	"";	falafel
Barbie;	"";	"";	barbie
Avro Lancaster;	"";	"";	lancaster
Cauliflower;	"";	''[[brassica oleracea]]'';	cauliflower
Ship prefix;	"";	"";	confederate states
Bobby Fuller;	"";	"";	bobby fuller
Society of Motion Picture and Television Engineers;	"";	"";	society of motion picture and television engineers
The Bobby Fuller Four;	"";	"";	the bobby fuller four
Bernard Herrmann;	"";	"";	bernard herrmann
MacPaint;	"";	"";	macpaint image
The Buddy Holly Story;	"";	"";	the buddy holly story
Eddie Cochran;	"";	"";	eddie cochran
The China Syndrome;	"";	"";	the china syndrome
Roy Scheider;	"";	"";	roy scheider
Herbert Blomstedt;	"";	"";	herbert blomstedt
Croissant;	"";	"";	croissant
Clyde McPhatter;	"";	"";	clyde mcphatter
Andrew Dickson White;	"";	"";	andrew dickson white
Being There;	"";	"";	being there
Pierre Puvis de Chavannes;	"";	"";	pierre puvis de chavannes
UNIVAC 1101;	"";	"";	univac 1101
...And Justice for All (album);	"";	"";	...and justice for all
Grand Duke Michael Alexandrovich of Russia;	"";	"";	grand duke michael alexandrovich
Leopold Stokowski;	"";	"";	leopold stokowski
Harry McClintock;	"";	"";	harry kirby mcclintock
S&P Global Ratings;	"";	"";	s&p global ratings
...And Justice for All (film);	"";	"";	...and justice for all
The Great Santini;	"";	"";	the great santini
Paul Heyse;	"";	"";	paul heyse}}
John Hurt;	"";	"";	john hurt
The Stunt Man;	"";	"";	the stunt man
Tribute (play);	"";	"";	tribute
Ricky Nelson;	"";	"";	ricky nelson
Arthur (1981 film);	"";	"";	arthur
Absence of Malice;	"";	"";	absence of malice
The Drifters;	"";	"";	the drifters
Chesty Puller;	"";	no }};	lewis burwell puller
Johnnie Johnson (musician);	"";	"";	johnnie johnson
Ivan Bunin;	"";	"";	ivan bunin
James Burton;	"";	"";	james burton
Lupe Pintor;	"";	"";	lupe pintor
Goldsmiths, University of London;	"";	"";	goldsmiths' college<!--this is the legal name of the royal charter company. do not change to the trademark branding here unless there is a change to the legal name of the company.-->
Yoshinoya;	"";	"";	yoshinoya holdings co., ltd.
IBM Series/1;	"";	"";	ibm series/1
Earl Palmer;	"";	"";	earl palmer
Fieseler Fi 103R Reichenberg;	"";	"";	fi 103r ''reichenberg''
Solomon Burke;	"";	"";	solomon burke
Curtis Mayfield;	"";	"";	curtis mayfield
Little Willie John;	"";	"";	little willie john
Simca;	"";	"";	simca
Kate Douglas Wiggin;	"";	"";	kate douglas wiggin
No Secrets (group);	"";	"";	no secrets
Max Beerbohm;	"";	"";	max beerbohm
Cucumber;	cucumis;	sativus;	cucumber
Radish;	raphanus;	raphanistrum;	radishes, raw
Giselle Blondet;	"";	"";	giselle blondet
The Adventures of Baron Munchausen;	"";	"";	the adventures of baron munchausen
Rudolf Erich Raspe;	"";	"";	rudolph erich raspe}}
Liverpool John Lennon Airport;	"";	"";	liverpool john lennon airport
Radio clock;	"";	"";	rjh69}}
Love and Kisses (film);	"";	"";	love and kisses
Live at Leeds;	"";	"";	live at leeds
Bismark, Germany;	"";	"";	bismark
Uckermark (district);	"";	"";	uckermark
Elias Disney;	"";	"";	elias disney
Tete Montoliu;	"";	"";	tete montoliu
The Mamas & the Papas;	"";	no;	the mamas & the papas
Del Shannon;	"";	"";	del shannon
Etta James;	"";	"";	etta james
Maiden's Prayer;	"";	"";	maiden's prayer
Ma Rainey;	"";	"";	ma rainey
Martti Ahtisaari;	"";	"";	martti ahtisaari
Aksel Airo;	"";	"";	aksel airo
Kyösti Kallio;	"";	"";	kyösti kallio
Carl Gustaf Emil Mannerheim;	"";	"";	carl gustaf emil mannerheim
Mauno Koivisto;	"";	"";	mauno koivisto
Juho Kusti Paasikivi;	"";	"";	juho kusti paasikivi
Lauri Kristian Relander;	"";	"";	lauri kristian relander
Risto Ryti;	"";	"";	risto ryti
Kaarlo Juho Ståhlberg;	"";	"";	kaarlo juho ståhlberg
Pehr Evind Svinhufvud;	"";	"";	pehr evind svinhufvud
Lauri Törni;	"";	no;	lauri törni<br>{{spaces
Mika Waltari;	"";	"";	mika waltari
Chief Joseph;	"";	"";	chief joseph
Linji Yixuan;	"";	"";	linji yixuan
Transcendental (album);	"";	"";	transcendental
Pune;	"";	"";	pune
Dickinson College;	"";	"";	dickinson college
Steffi Graf;	"";	"";	steffi graf
Armistead Maupin;	"";	"";	armistead maupin
Albert Ghiorso;	"";	"";	albert ghiorso
Joseph B. Soloveitchik;	"";	"";	joseph b. soloveitchik
Just Enough Education to Perform;	"";	"";	just enough education to perform
Terence Rattigan;	"";	"";	terence rattigan
Dominique de Villepin;	"";	"";	dominique de villepin
Jean-Pierre Raffarin;	"";	"";	jean-pierre raffarin
Cantharidin;	"";	"";	cantharidin
Union Pacific Railroad;	"";	"";	missing
CFNY-FM;	"";	"";	cfny-fm
Elizabeth Stuart, Queen of Bohemia;	"";	"";	elizabeth stuart
Barnim;	"";	"";	barnim
Mercyful Fate;	"";	"";	mercyful fate
Roy O. Disney;	"";	"";	roy o. disney
Don't Break the Oath;	"";	"";	don't break the oath
King Diamond;	"";	"";	king diamond
Karl Pearson;	"";	"";	karl pearson
Marjorie Merriweather Post;	"";	"";	marjorie merriweather post
Reign of Fire (film);	"";	"";	reign of fire
C. W. Post;	"";	"";	c. w. post
Frederick V of the Palatinate;	"";	"";	frederick v
Odilon Redon;	"";	"";	odilon redon
Ītzpāpālōtl;	"";	"";	ītzpāpālōtl
Lilo & Stitch;	"";	"";	lilo & stitch
File:Just Enough Education to Perform.jpg;	"";	"";	just enough education to perform
Saxtead Green Windmill;	"";	"";	saxtead green post mill
Prototype pattern;	"";	"";	gof
Märkisch-Oderland;	"";	"";	märkisch-oderland
Thomas Fuller;	"";	"";	thomas fuller
Swing music;	"";	"";	swing
Lanarkshire;	"";	"";	lanarkshire
Ali Ahmeti;	"";	"";	ali ahmeti
Izaak Walton;	"";	"";	izaak walton
General Mills;	"";	"";	general mills, inc.
Thomas Overbury;	"";	"";	thomas overbury
Serena Williams;	"";	no;	serena williams
List of dams and reservoirs;	"";	"";	}}
List of dams and reservoirs in the United States;	"";	"";	lake holiday dam
Joseph Hall (bishop);	"";	no;	joseph hall
Norovirus;	"";	norwalk virus;	norovirus
Roger de Rabutin, comte de Bussy;	"";	"";	comte roger de bussy-rabutin
Airbus A319;	"";	"";	airbus a319
Airbus A320 family;	"";	"";	{{ubl
Salk Institute for Biological Studies;	"";	"";	salk institute for biological studies
Airbus A340;	"";	"";	a340
Isaac de Benserade;	"";	"";	isaac de benserade
Airbus A321;	"";	"";	a321
Airbus A330;	"";	"";	a330
Taylor Caldwell;	"";	"";	taylor caldwell
Jan Swammerdam;	"";	"";	jan swammerdam
Garret FitzGerald;	"";	"";	extradition (european convention on the suppression of terrorism) act 1987
Juan Pablo Montoya;	"";	"";	juan pablo montoya
Algernon Blackwood;	"";	"";	algernon blackwood
Jacen Solo;	"";	[[humans (star wars);	jacen solo<br />
Eduardo Frei Montalva;	"";	"";	eduardo frei montalva
Anna Katharine Green;	"";	"";	anna katharine green
William Gilbert (physicist);	"";	"";	william gilbert
The Handmaid's Tale;	"";	"";	the handmaid's tale
Dan Curtis;	"";	"";	dan curtis
Gale Storm;	"";	"";	gale storm
Colin Baker;	"";	"";	colin baker
Jive Bunny and the Mastermixers;	"";	"";	jive bunny and the mastermixers
La Jolla;	"";	"";	la jolla, san diego<!-- at least one of the first two fields must be filled in -->
Alagoas;	"";	"";	alagoas
California Institute of the Arts;	"";	"";	california institute of the arts
Provinces of the Philippines;	"";	"";	provinces of the philippines
Barbershop Harmony Society;	"";	"";	barbershop harmony society
List of presidents of Venezuela;	"";	"";	president
Desk Set;	"";	"";	desk set
Columbia Records;	"";	"";	{{color
Upper Hutt;	"";	"";	upper hutt
Neil Diamond;	"";	no;	neil diamond
Amanda Levens;	"";	"";	amanda levens
Mia St. John;	"";	"";	mia st. john
Hannes Alfvén;	"";	"";	hannes alfvén
Cyrus Vance;	"";	"";	cyrus vance
Eddie from Ohio;	"";	"";	eddie from ohio
Inductance;	"";	"";	inductance
Stereophonics;	"";	"";	stereophonics
Sumner, New Zealand;	"";	"";	sumner
Bernard Le Bovier de Fontenelle;	"";	"";	bernard le bovier de fontenelle
Nicolas Boileau-Despréaux;	"";	"";	nicolas boileau-despréaux
Earthsea;	"";	"";	earthsea
Eric Allman;	"";	"";	eric paul allman
Giambattista Vico;	"";	"";	giambattista vico
Schönbrunn Palace;	"";	"";	schönbrunn palace
Kwai Tsing District;	"";	"";	kwai tsing
Karl Renner;	"";	"";	karl renner
Julius Raab;	"";	"";	julius raab
BitKeeper;	"";	"";	bitkeeper
Pentium 4;	"";	"";	pentium 4
Pentium II;	"";	"";	pentium ii
Pentium III;	"";	"";	pentium iii
Pentium Pro;	"";	"";	pentium pro
Opteron;	"";	"";	opteron
Pierre de Ronsard;	"";	"";	pierre de ronsard
Mellin de Saint-Gelais;	"";	"";	mellin de saint-gelais}}
Beech;	"";	"";	beech
Étienne Dolet;	"";	"";	etienne dolet}}
List of national forests of the United States;	"";	"";	allegeny
Gillingham F.C.;	"";	"";	[[glenn morris (footballer)
European Committee of the Regions;	"";	"";	european committee of the regions
European Economic and Social Committee;	"";	"";	european economic and social committee
Leaves (Icelandic band);	"";	"";	leaves
Fountain of Dreams;	"";	"";	''fountain of dreams''}}
SM U-19 (Germany);	"";	"";	constantin kolbe
3rd Infantry Division (United States);	"";	"";	united states
Hercules (1997 film);	"";	"";	hercules
Burger King;	"";	"";	burger king corporation
XM Satellite Radio;	"";	"";	xm satellite radio
Faces (band);	"";	"";	faces
Monmouth College;	"";	"";	monmouth college
Sid Gillman;	"";	"";	sid gillman
Middlemarch;	"";	"";	middlemarch, a study of provincial life
All My Babies;	"";	"";	all my babies
Baron Munchausen;	"";	"";	baron munchausen
The Black Stallion (film);	"";	"";	the black stallion
Edward;	"";	"";	edward
The Endless Summer;	"";	"";	the endless summer
Oristano;	"";	"";	oristano
Gennargentu;	"";	"";	gennargentu
Boesenbergia rotunda;	boesenbergia;	rotunda;	""
From Stump to Ship;	"";	"";	from stump to ship
Lady Windermere's Fan;	"";	"";	lady windermere's fan}}<!-- if the template generates the bullet, it produces a small extra line space. -->
Aozora Bunko;	"";	"";	aozora bunko
Melody Ranch;	"";	"";	melody ranch
The Pearl (novella);	"";	"";	the pearl
Punch Drunks;	"";	"";	punch drunks
Felicia Hemans;	"";	"";	felicia hemans
Star Theatre (film);	"";	"";	star theatre
Doritos;	"";	"";	doritos
Stranger Than Paradise;	"";	"";	stranger than paradise
Theodore Case Sound Test: Gus Visser and His Singing Duck;	"";	"";	theodore case sound test: gus visser and his singing duck
This Is Cinerama;	"";	"";	this is cinerama
Barchester Towers;	"";	"";	barchester towers
Why Man Creates;	"";	"";	why man creates
Wild and Woolly (1917 film);	"";	"";	wild and woolly
Wild River (film);	"";	"";	wild river
Tulane University;	"";	"";	tulane university
Treaty of Guadalupe Hidalgo;	"";	"";	treaty of guadalupe hidalgo
Peter Osgood;	"";	"";	peter osgood
She Stoops to Conquer;	"";	"";	she stoops to conquer
Digestion;	"";	"";	digestive system
William Rose Benét;	"";	"";	william rose benét
Willows High School;	"";	"";	willows high school
Magma (band);	"";	"";	magma
Ken (doll);	"";	"";	ken
Paul Signac;	"";	"";	paul signac
Emerald Park, Saskatchewan;	"";	"";	emerald park
White City, Saskatchewan;	"";	"";	white city
Phytophthora infestans;	phytophthora;	infestans;	""
Inigo Jones;	"";	"";	inigo jones
Big cat;	"";	"";	big cats
Lucian;	"";	"";	lucian
Yerba mate;	ilex;	paraguariensis;	yerba mate
Kalimantan;	"";	"";	kalimantan
Acadian French;	"";	"";	acadian french
Mount Allison University;	"";	"";	mount allison university
Jie people;	"";	"";	jie
Daniel Kahneman;	"";	"";	daniel kahneman
Amos Tversky;	"";	"";	amos tversky
Avril Lavigne;	"";	no}};	avril lavigne
DeMarcus Corley;	"";	"";	demarcus corley
A Close Shave;	"";	"";	wallace and gromit: a close shave
Incheon International Airport;	"";	"";	incheon international airport
Marlborough District;	"";	"";	marlborough
Angela Lansbury;	"";	"";	<!-- defaults to article title when left blank -->
Linköping University;	"";	"";	linköping university
List of Dreamcast games;	"";	"";	no
Advanced Linux Sound Architecture;	"";	"";	alsa
Open Sound System;	"";	"";	open sound system
LADSPA;	"";	"";	linux audio developer's simple plugin api
Earl of Derby;	"";	"";	earldom of derby
Thomas Sankara;	"";	"";	thomas sankara
James Scott, 1st Duke of Monmouth;	"";	"";	the duke of monmouth
Jan Karol Chodkiewicz;	"";	"";	<small>hetman</small><br>jan karol chodkiewicz
Easy listening;	"";	"";	easy listening
Lenny Kravitz;	"";	"";	lenny kravitz
Jean Chapelain;	"";	"";	jean chapelain
Fairchild Aircraft;	"";	"";	fairchild aircraft
Jean-Christophe Mitterrand;	"";	"";	jean-christophe mitterrand
Cornelius Vanderbilt;	"";	"";	cornelius vanderbilt
Maynard Ferguson;	"";	"";	maynard ferguson
The Raincoats;	"";	"";	the raincoats
Thomas Wolfe;	"";	"";	thomas wolfe
Jacques Cujas;	"";	"";	jacques cujas
Our Man in Havana;	"";	"";	our man in havana
Pierre Séguier;	"";	"";	pierre séguier
Hank Ballard;	"";	"";	hank ballard
Villach;	"";	"";	villach
Brett Ratner;	"";	"";	brett ratner
The Four Seasons (band);	"";	"";	the four seasons
Mongolic languages;	"";	"";	mongolic
The Platters;	"";	"";	the platters
LaVern Baker;	"";	"";	lavern baker
World Monuments Fund;	"";	"";	world monuments fund
Hells Canyon;	"";	"";	hells canyon
Australian Senate;	"";	"";	senate
Mark Pattison (academic);	"";	"";	mark pattison}}
A (Jethro Tull album);	"";	"";	a
Colin Cowdrey;	"";	"";	colin cowdrey<br/>baron cowdrey of tonbridge
Jacques Delors;	"";	"";	jacques delors
François-René de Chateaubriand;	"";	"";	françois-rené de chateaubriand
Gene Vincent;	"";	"";	gene vincent
Frank Yates;	"";	"";	frank yates
Chao Phraya River;	catlocarpio;	siamensis;	chao phraya
Gaston Eyskens;	"";	"";	gaston eyskens
Navajo Nation;	"";	no;	""
The Staple Singers;	"";	"";	the staple singers
Kelp;	"";	"";	kelp
Singapore English;	"";	"";	singapore english
Sierra Nevada (Spain);	"";	"";	sierra nevada
Presque rien;	"";	"";	presque rien
Pearl S. Buck;	"";	"";	pearl sydenstricker buck
Wissembourg;	"";	"";	wissembourg
Consensus decision-making;	"";	"";	"good faith collaboration: the culture of wikipedia}}.</ref> randy schutt,<ref name=\"schutt2016\">{{cite web"
Mark Jonathan Harris;	"";	"";	mark jonathan harris}}
East Wind: West Wind;	"";	"";	east wind: west wind
Beautiful Thing (play);	"";	"";	beautiful thing
Hal Newhouser;	"";	"";	hal newhouser
In & Out (film);	"";	"";	in & out
The Legend of Zelda (video game);	"";	"";	dates
Guisborough;	"";	"";	guisborough town council
Manchester City F.C.;	"";	"";	prem}} city fell to the lowest point in their history, becoming the second ever european trophy winners to be relegated to their country's third-tier league after [[1. fc magdeburg]] of germany.
Bobby Bland;	"";	"";	bobby bland
The Isley Brothers;	"";	"";	the isley brothers
Doc Pomus;	"";	"";	doc pomus
Booker T. & the M.G.'s;	"";	"";	booker t. & the m.g.'s
Lilian, Princess of Réthy;	"";	"";	lilian
Sam & Dave;	"";	"";	sam & dave
Duane Eddy;	"";	"";	duane eddy
The Shirelles;	"";	"";	the shirelles
Frankie Lymon;	"";	"";	frankie lymon
Sly and the Family Stone;	"";	"";	sly and the family stone
Rockefeller Center;	"";	"";	rockefeller center
Sly Stone;	"";	"";	sly stone
Paintball;	"";	"";	paintball
Martha and the Vandellas;	"";	"";	martha and the vandellas
24-7 Spyz;	"";	"";	24-7 spyz
Gladys Knight & the Pips;	"";	"";	gladys knight & the pips
Godsmack;	"";	"";	godsmack
Gladys Knight;	"";	"";	gladys knight
Dick Gephardt;	"";	"";	dick gephardt
Earth, Wind & Fire;	"";	"";	earth, wind & fire
Green-Wood Cemetery;	"";	"";	green-wood cemetery
311 (band);	"";	"";	311
Schwann cell;	"";	"";	schwann cell
The Moonglows;	"";	"";	the moonglows
Flamingo;	"";	"";	flamingos
The Flamingos;	"";	"";	the flamingos
Isaac Hayes;	"";	"";	isaac hayes
Mark Madsen (basketball);	"";	"";	mark madsen
Brenda Lee;	"";	"";	brenda lee
Gene Pitney;	"";	"";	gene pitney
Lady Bird Lake;	"";	"";	lady bird lake
Sharon Osbourne;	"";	"";	sharon osbourne
Neurilemma;	"";	"";	neurilemma
Public holidays in Germany;	"";	"";	schoolsclosed}}
World Scout Jamboree;	"";	"";	world scout jamboree
Stanley Ketchel;	"";	"";	stanley ketchel
Grand Staircase–Escalante National Monument;	"";	"";	grand staircase–escalante national monument
Zilker Park;	"";	"";	zilker park
Electronic body music;	"";	"";	electronic body music
Rio Reiser;	"";	"";	rio reiser
Rumble in the Bronx;	"";	"";	rumble in the bronx
SEAT;	"";	"";	seat s.a.<ref>{{cite web
Drupal;	"";	"";	drupal
Borgward;	"";	"";	borgward
1st Armored Division (United States);	"";	"";	united states of america}}
Avocado;	persea;	americana;	avocados, raw
Sheridan College;	"";	"";	sheridan college institute of technology and advanced learning
Bokmål;	"";	"";	norwegian bokmål
Old Faithful Inn;	"";	"";	old faithful inn
Squonk;	"";	"";	squonk
Osmania University;	"";	"";	osmania university
Jimmy Yancey;	"";	"";	jimmy yancey
Louis Jordan;	"";	"";	louis jordan
T-Bone Walker;	"";	"";	t-bone walker
Thomas Couture;	"";	"";	thomas couture
Historicity of the Bible;	"";	"";	"exist}} the \"[[quest for the historical jesus]]\" began as early as the 18th century, and has continued to this day. the most notable recent scholarship came in the 1980s and 1990s, with the work of [[j. d. crossan]],<ref>crossan, j. d. \"the historical jesus: a mediterranean jewish peasant,\" harperone, 1993, {{isbn"
The Ink Spots;	"";	"";	the ink spots
Gisborough Priory;	"";	"";	gisborough priory
Peter Rosegger;	"";	"";	peter rosegger}}
Süleyman Demirel;	"";	"";	süleyman demirel
Barton Springs;	"";	"";	barton springs
David Hasselhoff;	"";	no;	david hasselhoff
RMS Queen Mary;	"";	"";	rms ''queen mary''
Nobukazu Takemura;	"";	"";	nobukazu takemura
The World Is Not Enough;	"";	"";	the world is not enough
Robert Shaw (actor);	"";	"";	robert shaw
Ferdinand I of Austria;	"";	"";	ferdinand i & v
LyX;	"";	"";	lyx
Tameside;	"";	"";	borough of tameside
Immanuel Hermann Fichte;	"";	"";	immanuel hermann fichte
Cosmos 1;	"";	"";	cosmos 1
The Planetary Society;	"";	"";	the planetary society
Conrad Hall;	"";	"";	conrad l. hall
Magnetic North (Hopesfall album);	"";	"";	magnetic north
Old Faithful;	"";	"";	old faithful
Frank Loesser;	"";	"";	frank loesser
Zhuang Zhou;	"";	"";	zhuangzi ({{nobold
University of North Carolina at Asheville;	"";	"";	university of north carolina asheville
Paul McGuinness;	"";	"";	paul mcguinness
Henry Ward Beecher;	"";	no;	henry ward beecher}}
John Edwards;	"";	"";	john edwards
Agenda 21;	"";	"";	agenda 21
Thomas Muster;	"";	"";	thomas muster
River Etherow;	"";	"";	river etherow
Louise Labé;	"";	"";	louise labé
Victim (1961 film);	"";	"";	victim
Autonomic nervous system;	"";	"";	autonomic nervous system
The Soul Stirrers;	"";	"";	the soul stirrers
Lauch Faircloth;	"";	"";	lauch faircloth
Microsoft Visual C++;	"";	"";	visual c++
Splanchnic nerves;	"";	"";	splanchnic nerves
Virginie Ledoyen;	"";	"";	virginie ledoyen
University of Tokyo;	"";	"";	university of tokyo
Herman Kahn;	"";	"";	herman kahn
Oriolus;	"";	"";	orioles
Blessid Union of Souls;	"";	"";	blessid union of souls
The Orioles;	"";	"";	the orioles
Shawn Mullins;	"";	"";	shawn mullins
Peter Arshinov;	"";	"";	peter arshinov
Daniel Boone National Forest;	"";	"";	daniel boone national forest
Religion in Japan;	"";	"";	cia world factbook
Elmore James;	"";	"";	elmore james
Wayne National Forest;	"";	"";	wayne national forest
Professor Longhair;	"";	"";	professor longhair
Dinah Washington;	"";	"";	dinah washington
Tuanku Imam Bonjol;	"";	"";	tuanku imam bonjol
Hans Heinrich Thyssen-Bornemisza;	"";	"";	hans heinrich august gábor thyssen-bornemisza
Claremont Colleges;	"";	"";	claremont colleges
Lake Travis;	"";	"";	lake travis
Lake Austin;	"";	"";	lake austin
Ulster Scots dialect;	"";	"";	ulster scots
Dungan language;	"";	"";	dungan
Dungan people;	"";	"";	masanchi}}) [[korday district]], [[jambyl region]] of [[kazakhstan]] (8&nbsp;km north of [[tokmok]], [[kyrgyzstan]])
Celia Cruz;	"";	"";	celia cruz
Blind Harry;	"";	"";	blind harry
Prince Albert Victor, Duke of Clarence and Avondale;	"";	"";	prince albert victor
OPEC;	"";	"";	"bbl}}<ref name=\"eia production\">{{cite web"
River Mersey;	"";	"";	river mersey
La Tosca;	"";	"";	la tosca
Tubular bells;	"";	"";	tubular bells
Mulled wine;	"";	"";	mulled wine
Merkava;	"";	"";	merkava
Lime Grove Studios;	"";	"";	lime grove studios
Caddie (CAD system);	"";	"";	caddie
Margaret Drabble;	"";	"";	margaret drabble
Tomas Lindberg;	"";	"";	tomas lindberg
Rudi Dornbusch;	"";	"";	rudi dornbusch
Henan;	"";	"";	henan
Hunan;	"";	"";	hunan
Yunnan;	"";	"";	yunnan
Hainan;	"";	"";	hainan
Jiangsu;	"";	"";	jiangsu
Omar Bradley;	"";	"";	omar bradley
Luoyang;	"";	"";	luoyang
Wu Zetian;	"";	"";	wu zetian <br /> {{lang
List of tunnels in the United Kingdom;	"";	"";	ampthill tunnel}}</small>
Brigitte Boisselier;	"";	"";	brigitte boisselier
Chesapeake and Ohio Canal;	"";	"";	chesapeake and ohio canal
River Douglas, Lancashire;	"";	"";	douglas
Ricin;	"";	"";	ricin
Dirac (video compression format);	"";	"";	dirac
Derwent Reservoir (Derbyshire);	"";	"";	derwent reservoir
Howden Reservoir;	"";	"";	howden reservoir
Blaise Cendrars;	"";	"";	blaise cendrars
Ladybower Reservoir;	"";	"";	ladybower reservoir
Vilnius Airport;	"";	"";	vilnius international airport
Tejanos;	"";	"";	juan de oñate}}</ref>
Robert Shea;	"";	"";	robert shea
Geoff Hoon;	"";	"";	geoff hoon
Phi Beta Kappa;	"";	"";	phi beta kappa
Pierre Boulle;	"";	"";	pierre boulle
Antonin Scalia;	"";	no;	antonin scalia}}
Pizzelle;	"";	"";	pizzelle
Mahalia Jackson;	"";	"";	mahalia jackson
'night, Mother;	"";	"";	'night, mother
Proof (play);	"";	"";	proof
Asclepias tuberosa;	asclepias;	tuberosa;	""
Charles Brown (musician);	"";	"";	charles brown
Saadia Gaon;	"";	"";	saʿadiah ben yosef gaon <br/>{{script/hebrew
Jaipur;	"";	"";	jaipur
Nat King Cole;	"";	no;	nat king cole
Clive Davis;	"";	"";	clive davis
Mount Parnassus;	"";	"";	parnassus
Guillaume Morel;	"";	"";	gillaume morel
Gabriel Naudé;	"";	"";	gabriel naudé
List of tallest structures;	"";	"";	burj dubai}}
On Numbers and Games;	"";	"";	on numbers and games
Mind Dynamics;	"";	"";	mind dynamics
Nicomedia;	"";	"";	nicomedia
Jacques Lipchitz;	"";	"";	jacques lipchitz
Aladdin;	"";	"";	the arabian nights
Allan Kardec;	"";	"";	allan kardec
Saronic Gulf;	"";	"";	saronic gulf
Ludwig I of Bavaria;	"";	"";	ludwig i
George Crumb;	"";	"";	george crumb
Military history of Japan;	"";	"";	military history of japan
Palmistry;	"";	"";	palmistry for all
Doll;	"";	"";	doll
Alan Freed;	"";	"";	""
Patria (company);	"";	"";	patria group
Leonard Chess;	"";	"";	leonard chess
Steve Beresford;	"";	"";	steve beresford
Plasmatics;	"";	"";	plasmatics
Poison (band);	"";	"";	poison
Rick Springfield;	"";	"";	rick springfield
Jonathan Weiner;	"";	"";	jonathan weiner
Halibut;	"";	"";	halibut, atlantic and pacific, raw
K-Y Jelly;	"";	"";	k-y
Skid Row (Skid Row album);	"";	"";	skid row
Ryan Adams;	"";	no;	ryan adams
Al Sharpton;	"";	"";	al sharpton
Thin Lizzy;	"";	no}};	thin lizzy
Uriah Heep (band);	"";	"";	uriah heep
Wishbone Ash;	"";	"";	wishbone ash
Altocumulus cloud;	alto-, meaning high, and cumulo-, meaning heap;	* castellanus;	altocumulus cloud
Stratocumulus cloud;	stratocumulus (layer heap);	* castellanus;	stratocumulus clouds
Nimbostratus cloud;	nimbostratus (''rain, layered'');	"";	nimbostratus cloud
Omicron;	"";	"";	ordinal_greek_letters
Cirrocumulus cloud;	cirro- (''curl'')<br>-cumulus (''heaped'');	* castellanus;	cirrocumulus cloud
Cirrostratus cloud;	"cirrus- \"''curl''\" and<br>-stratus \"''layered''\"";	* fibratus;	cirrostratus cloud
Stratus cloud;	stratus (''layered'');	* fractus;	stratus cloud
Carlos Vives;	"";	"";	carlos vives
Kool & the Gang;	"";	"";	kool & the gang
Windsock;	"";	"";	windsock
Brittany Murphy;	"";	"";	brittany murphy
Jack in the Box;	"";	"";	jack in the box, inc.
Ol' Dirty Bastard;	"";	no}};	ol' dirty bastard
AirBaltic;	"";	"";	r2021
Pole Position;	"";	"";	pole position}}
Do not resuscitate;	"";	"";	do-not-resuscitate order
Spartacus (film);	"";	"";	spartacus
Substance intoxication;	"";	"";	substance intoxication
Johnson & Johnson;	"";	"";	johnson & johnson
Choking;	"";	"";	choking
Sylvia Anderson;	"";	"";	sylvia anderson
Gerry Anderson;	"";	"";	gerry anderson
River Don, Aberdeenshire;	"";	"";	river don
River Don, Yorkshire;	"";	"";	river don
River Goyt;	"";	"";	river goyt
Abdominal thrusts;	"";	"";	abdominal thrusts
Safari (web browser);	"";	"";	safari
Tony Harrison;	"";	"";	tony harrison
Carol Ann Duffy;	"";	"";	carol ann duffy
Captain Scarlet and the Mysterons;	"";	"";	{{nowrap
Upper Goyt Valley;	"";	"";	upper goyt valley
River Dane;	"";	"";	river dane
River Manifold;	"";	"";	manifold
Havelland (district);	"";	"";	havelland
Cyberdog;	"";	"";	cyberdog
Potsdam-Mittelmark;	"";	"";	potsdam-mittelmark
Chesterfield Canal;	"";	"";	chesterfield canal
Teltow-Fläming;	"";	"";	teltow-fläming
Stevie Ray Vaughan;	"";	"";	stevie ray vaughan
Jim Croce;	"";	"";	jim croce
Fancy rat;	rattus;	norvegicus;	""
Lionel Curtis;	"";	"";	lionel curtis
John Dudley, 1st Duke of Northumberland;	"";	"";	the duke of northumberland
Himni i Flamurit;	"";	"";	po
Bones (instrument);	"";	"";	the bones
Cartilage;	"";	"";	cartilage
Aleksandër Stavre Drenova;	"";	"";	asdreni
Ba'ath Party;	"";	"";	arab socialist baʿth party
Matt Damon;	"";	"";	matt damon
George Lansbury;	"";	"";	george lansbury
Slavoj Žižek;	"";	"";	slavoj žižek
Edwin Thompson Jaynes;	"";	"";	e. t. jaynes
Agudath Israel of America;	"";	"";	agudath israel of america
Athenaeus;	"";	"";	athenaeus of naucratis
Korçë District;	"";	"";	korçë district
Georgi Markov;	"";	"";	georgi markov
Memphis Minnie;	"";	"";	memphis minnie
The Chantays;	"";	"";	the chantays
The Crystals;	"";	"";	the crystals
Ferney-Voltaire;	"";	"";	ferney-voltaire
María Antonieta Collins;	"";	"";	maría antonieta collins flores
List of festivals in Canada;	"";	"";	'''festivals of canada'''
List of festivals in the United States;	"";	"";	festivals of the united states
Stick McGhee;	"";	"";	stick mcghee
John Mitchel;	"";	"";	john mitchel
The Treniers;	"";	"";	the treniers
Bruce & Terry;	"";	"";	bruce & terry
The Fresh Prince of Bel-Air;	"";	no}};	""
Henry II of Castile;	"";	"";	henry ii
Connie Francis;	"";	"";	connie francis
The Delfonics;	"";	"";	the delfonics
De La Soul;	"";	"";	de la soul
Southern Expeditionary Army Group;	"";	"";	southern army group
Hisaichi Terauchi;	"";	"";	terauchi hisaichi
Lawrence Kohlberg;	"";	"";	lawrence kohlberg
Dashi;	"";	"";	''dashi''
Jim McMahon;	"";	"";	jim mcmahon
Jack Dunn (baseball);	"";	"";	jack dunn
Tuscarora Trail;	"";	"";	tuscarora trail
Leer, Lower Saxony;	"";	"";	leer
Weener;	"";	"";	weener
Peace of Nicias;	"";	"";	peace of nicias
Frankie Muniz;	"";	"";	frankie muniz
Swann v. Charlotte-Mecklenburg Board of Education;	"";	"";	swann v. charlotte-mecklenburg board of education
Alfred de Musset;	"";	"";	alfred de musset
John John Molina;	"";	"";	john john molina
Jerry Jones;	"";	"";	jerry jones
Organ transplantation;	"";	"";	organ transplant
Borkum;	"";	"";	borkum
Thiotimoline;	"";	"";	the endochronic properties of resublimated thiotimoline
Hubli;	"";	"";	hubli
Mersey Ferry;	"";	"";	mersey ferries
Queensway Tunnel;	"";	"";	queensway tunnel
Kingsway Tunnel;	"";	"";	kingsway tunnel
Mont Blanc Tunnel;	"";	"";	mont blanc tunnel
Acute accent;	"";	"";	acute accent
Cyrix 5x86;	"";	"";	cyrix 5x86
Circumflex;	"";	"";	circumflex (diacritic)
Lord Guildford Dudley;	"";	"";	lord guildford dudley
Omelette;	"";	"";	omelette
I, Claudius;	"";	"";	i, claudius
Robert Hardy;	"";	"";	robert hardy
Recumbent bicycle;	"";	"";	recumbent bicycle
Dome;	"";	"";	parker definitions 2012a}}
Ron Goodwin;	"";	"";	ron goodwin
Dick Dale;	"";	"";	dick dale
NBC News;	"";	"";	nbc news
Andrés Bonifacio;	"";	"";	andrés bonifacio
Michael Powell;	"";	"";	michael powell
Tom Brokaw;	"";	"";	tom brokaw
Dionne Warwick;	"";	"";	dionne warwick
Aagtdorp;	"";	"";	aagtdorp
Bergen aan Zee;	"";	"";	bergen aan zee
Bregtdorp;	"";	"";	bregtdorp
Camperduin;	"";	"";	camperduin
Catrijp;	"";	"";	catrijp
Egmond aan den Hoef;	"";	"";	egmond aan den hoef
A Canterbury Tale;	"";	"";	a canterbury tale
Egmond aan Zee;	"";	"";	egmond aan zee
Egmond-Binnen;	"";	"";	egmond-binnen
Schoorldam;	"";	"";	schoorldam
Fabian Forte;	"";	"";	fabian
Groet;	"";	"";	groet
Hargen;	"";	"";	hargen
Schoorl;	"";	"";	schoorl
Arkarua;	arkarua;	adami;	""
Philippine Revolutionary Army;	"";	"";	philippines}}<!-- for sovereign states per infobox description-->
Abdication of Edward VIII;	"";	"";	[[constitution (amendment no. 27) act 1936]]
Demetrius I of Bactria;	"";	"";	demetrius i
Jean Genet;	"";	"";	jean genet
IIT Bombay;	"";	"";	indian institute of technology bombay
Jorge Ramos (news anchor);	"";	"";	jorge ramos
Fantômas;	"";	<!-- for non-humans only -->;	fantômas
Bunhill Fields;	"";	"";	bunhill fields burial ground
Pat Boone;	"";	"";	pat boone
The Ronettes;	"";	"";	the ronettes
Venus Williams;	"";	no;	venus williams
Ronny & the Daytonas;	"";	"";	ronny & the daytonas
The Surfaris;	"";	"";	the surfaris
Calgary Outlaws (baseball);	"";	"";	calgary outlaws
Gospel music;	"";	"";	gospel music
Nicolas Bourbaki;	"";	"";	association of collaborators of nicolas bourbaki
Motown;	"";	"";	{{color
Pacific Crest Trail;	"";	"";	pacific crest trail
Alternative rock;	"";	"";	alternative rock
Lefty Grove;	"";	"";	lefty grove
University of Ljubljana;	"";	"";	university of ljubljana
University of Maribor;	"";	"";	university of maribor
Groundhog;	marmota;	monax;	groundhog
Stan Stokes;	"";	"";	stan stokes
Hemispheres (Rush album);	"";	"";	hemispheres
Robert Don Oliver;	"";	"";	robert oliver
The Dave Clark Five;	"";	no;	the dave clark five
Gerry and the Pacemakers;	"";	"";	gerry and the pacemakers
Rainbow (rock band);	"";	"";	rainbow
Utah Lake;	"";	"";	utah lake
Utah Lake State Park;	"";	"";	utah lake state park
Roots reggae;	"";	"";	roots reggae
Bernhard Rogge;	"";	"";	bernhard rogge
Dao Zheng;	"";	"";	dao zheng
Kerry Livgren;	"";	"";	kerry livgren
Nina Hamnett;	"";	"";	nina hamnett
Sphalerite;	"";	"";	sphalerite
Greenockite;	"";	"";	greenockite
Herman's Hermits;	"";	"";	herman's hermits
Dornbirn;	"";	"";	dornbirn
Hohenems;	"";	"";	hohenems
Bludenz;	"";	"";	bludenz
Vito Antuofermo;	"";	"";	vito antuofermo
United Fruit Company;	"";	"";	united fruit company
Hermeto Pascoal;	"";	"";	hermeto pascoal
Santander, Spain;	"";	"";	santander
Alfredo Stroessner;	"";	"";	alfredo stroessner
Paul Stoddart;	"";	"";	paul stoddart
Microarray;	"";	no;	""
Robert Rankin;	"";	"";	robert rankin
BBC Radio;	"";	"";	bbc radio
Washington Monument;	"";	"";	washington monument
Mpg123;	"";	"";	mpg123
Anthony Perkins;	"";	"";	anthony perkins
Arxel Tribe;	"";	"";	arxel tribe
Men in Black (1997 film);	"";	"";	men in black
Alfred, Duke of Saxe-Coburg and Gotha;	"";	"";	alfred
Rail transport in India;	"";	"";	railway transport in india}}
Nim Chimpsky;	"";	"";	nim chimpsky
Alan Sillitoe;	"";	"";	alan sillitoe
Colin Wilson;	"";	"";	colin wilson
John Osborne;	"";	"";	john osborne
The May Department Stores Company;	"";	"";	the may department stores company
Gladys Cooper;	"";	"";	gladys cooper
Arthur Wing Pinero;	"";	"";	arthur wing pinero}}
Carrefour;	"";	"";	carrefour
Jim Griffiths;	"";	"";	jim griffiths
Marianne Faithfull;	"";	no}};	marianne faithfull
Safeway (UK);	"";	"";	safeway limited
Morrisons;	"";	"";	wm morrison supermarkets limited
Sal Mineo;	"";	"";	sal mineo
Peter and Gordon;	"";	"";	peter and gordon
Small Faces;	"";	"";	small faces
Epsilon Eridani;	"";	"";	ε eridani / ran
Boston (band);	"";	no}};	boston
Artful Dodger;	"";	"";	the artful dodger
Eurofighter Typhoon;	"";	"";	eurofighter typhoon
P.S. Your Cat Is Dead;	"";	"";	p.s. your cat is dead
Canned Heat;	"";	"";	canned heat
The Mask of Orpheus;	"";	"";	the mask of orpheus
The Electric Prunes;	"";	"";	the electric prunes
Mittelschmerz;	"";	"";	mittelschmerz
The Fabulous Thunderbirds;	"";	"";	the fabulous thunderbirds
Hot Tuna;	"";	"";	hot tuna
Japan (band);	"";	"";	japan
Ed Thompson (Wisconsin politician);	"";	"";	ed thompson
The Jesus and Mary Chain;	"";	"";	the jesus and mary chain
Porcelain;	"";	"";	a book of porcelain
Blackfoot Confederacy;	"";	"";	blackfoot confederacy
Clue (1998 video game);	"";	"";	''clue: murder at boddy mansion''}}
Jungle Fever;	"";	"";	jungle fever
Lady Caroline Lamb (film);	"";	"";	lady caroline lamb
Lady Caroline Lamb;	"";	"";	lady caroline lamb
Agfa-Gevaert;	"";	"";	agfa-gevaert n.v.
Saturday Night (musical);	"";	"";	saturday night
University of Surrey;	"";	"";	university of surrey
Royal National Theatre;	"";	"";	national theatre
Saint Anthony Falls;	"";	"";	saint anthony falls
Descent (video game);	"";	"";	devhist
Royal Shakespeare Company;	"";	"";	royal shakespeare company
Sister Sledge;	"";	"";	sister sledge
Nile Rodgers;	"";	"";	nile rodgers
Antiochus XII Dionysus;	"";	"";	antiochus xii dionysus
Freeman's Journal;	"";	"";	freeman's journal
National Mall;	"";	"";	national mall
Irish Famine (1740–1741);	"";	"";	irish famine (1740–1741)
No Doubt;	"";	"";	no doubt
Bartholin's gland;	"";	"";	bartholin's gland
Gwen Stefani;	"";	"";	gwen stefani
Stanley Bruce;	"";	"";	the viscount bruce of melbourne
Rock Steady (album);	"";	"";	rock steady
Douglas DC-3;	"";	"";	dc-3
Royal Philharmonic Orchestra;	"";	"";	royal philharmonic orchestra
Antoine Bourdelle;	"";	"";	antoine bourdelle
GNU TeXmacs;	"";	"";	gnu texmacs
Corinth Canal;	"";	"";	corinth canal
The Usual Suspects;	"";	"";	the usual suspects
Independent Irish Party;	"";	"";	independent irish party
John Russell, 1st Earl Russell;	"";	"";	the earl russell
Decebalus;	"";	"";	decebalus
Wilhelm Steinitz;	"";	"";	wilhelm steinitz
Rebecca Gratz;	"";	"";	rebecca gratz
Sorbonne University;	"";	"";	sorbonne university
Jacques Plante;	"";	"";	jacques plante
Zal Yanovsky;	"";	"";	zal yanovsky
Philip Nitschke;	"";	"";	philip nitschke
Thomas Romney Robinson;	"";	"";	thomas romney robinson
Warren Hastings;	"";	"";	warren hastings
Chocolate milk;	"";	"";	chocolate milk
Daylon Leveller;	"";	"";	daylon leveller
José Roman (boxer);	"";	"";	jose roman
Like Mike;	"";	"";	like mike
Turkish Airlines;	"";	"";	subsidiaries}}
John Loudon McAdam;	"";	"";	john loudon mcadam
Asda;	"";	"";	asda stores limited
Sloan (band);	"";	"";	sloan
Stephen Leacock;	"";	"";	stephen leacock}}
Treasure Island;	"";	no;	treasure island
South Pacific (musical);	"";	"";	south pacific
Alexander Korda;	"";	"";	alexander korda
Siân Phillips;	"";	"";	siân phillips
Terrytoons;	"";	"";	terrytoons
Peter Ustinov;	"";	"";	peter ustinov
Pittsburgh Symphony Orchestra;	"";	"";	pittsburgh symphony orchestra (pso)
Suomenlinna;	"";	"";	suomenlinna<br />sveaborg
RISC OS;	"";	"";	risc os
Cecil Rhodes;	"";	"";	cecil rhodes
Reading F.C.;	"";	"";	[[david button]]}}
Morus (plant);	"";	"";	mulberry
Derek Jacobi;	"";	"";	derek jacobi
Artturi Ilmari Virtanen;	"";	"";	artturi ilmari virtanen
Aleksis Kivi;	"";	"";	aleksis kivi
Seitsemän veljestä;	"";	"";	seitsemän veljestä
Arvo Ylppö;	"";	"";	arvo ylppö
Sassafras;	sassafras;	albidum}}</ref>;	""
Harold Stephen Black;	"";	"";	harold stephen black
Ritchie Blackmore's Rainbow;	"";	"";	ritchie blackmore's rainbow
On Stage (Rainbow album);	"";	"";	on stage
Long Live Rock 'n' Roll;	"";	"";	long live rock 'n' roll
Amazon river dolphin;	inia;	geoffrensis;	""
Down to Earth (Rainbow album);	"";	"";	down to earth
Too Old to Rock 'n' Roll: Too Young to Die!;	"";	"";	too old to rock 'n' roll: too young to die!
Philip I Philadelphus;	"";	"";	philip i philadelphus
2010 FIFA World Cup;	"";	"";	soccer city}}}}
Dahme-Spreewald;	"";	"";	dahme-spreewald
Severus II;	"";	"";	severus ii
Kris Kristofferson;	"";	"";	kris kristofferson
Urashima Tarō;	"";	"";	"\"miyao-on-otohime\"}} as a reward. he spends what he believes to be several days with the princess, but when he returns to his home village, he discovers he has been gone for at least 100 years. when he opens the forbidden jewelled box ([[tamatebako]]), given to him by otohime on his departure, he turns into an old man."
Kensal Green Cemetery;	"";	"";	kensal green cemetery
The Nation (Irish newspaper);	"";	"";	the nation
Étienne-Louis Malus;	"";	"";	étienne-louis malus
South Pole–Aitken basin;	"";	"";	south pole–aitken basin
Church of Ireland;	"";	"";	church of ireland
Daniel O'Connell;	"";	"";	daniel o'connell<br/>{{lang
Maurice Gibb;	"";	"";	maurice gibb
Helena Blavatsky;	"";	"";	helena blavatsky
Jorge Páez;	"";	"";	jorge páez
Roger MacBride;	"";	"";	roger macbride
Houston Comets;	"";	"";	houston comets
Janet Frame;	"";	"";	janet frame
Gray's Anatomy;	"";	"";	henry gray's anatomy of the human body
Ehud Barak;	"";	"";	ehud barak
Richard Threlkeld Cox;	"";	"";	richard threlkeld cox
Charles E. Silberman;	"";	"";	charles e. silberman
Jim Hunt;	"";	"";	jim hunt
Ricky Byrdsong;	"";	"";	ricky byrdsong
Judy Collins;	"";	"";	judy collins
The Meters;	"";	"";	the meters
John C. Baez;	"";	"";	john c. baez
Moby Grape;	"";	"";	moby grape
Paul Butterfield;	"";	"";	paul butterfield
Pier Paolo Pasolini;	"";	"";	pier paolo pasolini
Steppenwolf (novel);	"";	"";	steppenwolf
Steppenwolf (band);	"";	"";	steppenwolf
Beta Tauri;	"";	"";	β tauri
Traffic (band);	"";	"";	traffic
Coolio;	"";	"";	coolio
Sknyliv air show disaster;	"";	"";	sknyliv air show disaster
David Allan Coe;	"";	"";	david allan coe
Dayton Agreement;	"";	"";	dayton peace agreement
Antiochus XI Epiphanes;	"";	"";	antiochus xi epiphanes
Seleucus VI Epiphanes;	"";	"";	seleucus vi epiphanes
Antiochus XIII Asiaticus;	"";	"";	antiochus xiii
Shivta;	"";	"";	shivta
CAC 40;	"";	"";	cac 40
Philip II Philoromaeus;	"";	"";	philip ii philoromaeus
Seleucus VII Philometor;	"";	"";	seleucus vii philometor
Dian Fossey;	"";	"";	dian fossey}}
Hank Williams Jr.;	"";	"";	hank williams jr.
Indigo Girls;	"";	no;	indigo girls
Blues Traveler;	"";	"";	blues traveler
Franjo Tuđman;	"";	"";	franjo tuđman
Canibus;	"";	"";	canibus
Denholm Elliott;	"";	"";	denholm elliott
D'Angelo;	"";	"";	d'angelo
James Connolly;	"";	no}};	james connolly
Daft Punk;	"";	no;	<!--see discussion on logo-->
DMX;	"";	no;	dmx
Echo & the Bunnymen;	"";	"";	echo & the bunnymen
The Faint;	"";	"";	the faint
Columbia Encyclopedia;	"";	"";	columbia encyclopedia
Lulu (singer);	"";	"";	lulu
Edward Carson;	"";	"";	the lord carson
James Craig, 1st Viscount Craigavon;	"";	"";	the viscount craigavon
Maurice Pialat;	"";	"";	maurice pialat
Halle, Belgium;	"";	"";	halle
Barry Gibb;	"";	"";	barry gibb
Mark Wallinger;	"";	"";	mark wallinger
Veterans Day;	"";	"";	veterans day}}
Songwriters Hall of Fame;	"";	"";	songwriters hall of fame
List of wars involving Sweden;	"";	"";	england}} <small>(1700)</small>
Alessandro Cagliostro;	"";	"";	count alessandro di cagliostro
Tongass National Forest;	"";	"";	tongass national forest
Antiochus VIII Grypus;	"";	"";	antiochus viii epiphanes
Johnny Mercer;	"";	"";	johnny mercer
Antiochus IX Cyzicenus;	"";	"";	antiochus ix cyzicenus
Seleucus V Philometor;	"";	"";	seleucus v philometor
Folk rock;	"";	"";	folk rock
Styrene;	"";	"";	styrene
Faith Hill;	"";	"";	faith hill
Echt-Susteren;	"";	"";	echt-susteren
Bad Religion;	"";	"";	bad religion
Gare Montparnasse;	"";	"";	paris-montparnasse
Sluis;	"";	"";	sluis
Fugees;	"";	"";	fugees
Geto Boys;	"";	"";	geto boys
Goldfinger (novel);	"";	"";	goldfinger
Guru (rapper);	"";	"";	guru
Joan Osborne;	"";	no;	joan osborne
College Green, Dublin;	"";	"";	college green
Laws in Wales Acts 1535 and 1542;	"";	"";	liwa1535}}{{blockquote
Hélène Cixous;	"";	"";	hélène cixous
H.D.;	"";	"";	h.d.
Progressive Democrats;	"";	"";	progressive democrats
Social Democratic and Labour Party;	"";	"";	{{nowrap
Creed (band);	"";	"";	creed
Weathered;	"";	"";	weathered
Benjamin Constant;	"";	"";	benjamin constant
BC United;	"";	"";	bc united
Suzanne Valadon;	"";	"";	suzanne valadon
S.C.I.E.N.C.E.;	"";	"";	s.c.i.e.n.c.e.
Itzhak Perlman;	"";	"";	itzhak perlman
Ben Kingsley;	"";	no;	ben kingsley
Green Party of British Columbia;	"";	"";	green party of british columbia
My Favorite Year;	"";	"";	my favorite year
British Columbia New Democratic Party;	"";	"";	british columbia new democratic party
Tom Conti;	"";	"";	tom conti
Ludwig Quidde;	"";	"";	ludwig quidde
Reuben, Reuben;	"";	"";	reuben, reuben
F. Murray Abraham;	"";	no;	f. murray abraham
Starman (film);	"";	"";	starman
Under the Volcano;	"";	"";	under the volcano
King cobra;	ophiophagus;	hannah;	king cobra
Esophagus;	"";	"";	esophagus
Tom Hulce;	"";	"";	tom hulce
Constipation;	"";	"";	constipation
Sam Waterston;	"";	"";	sam waterston
Halloumi;	"";	"";	halloumi
The Age of Plastic;	"";	"";	the age of plastic
William Hurt;	"";	"";	""
Bulimia nervosa;	"";	"";	bulimia nervosa
Lil Wayne;	"";	no}};	lil wayne
Bandolier (album);	"";	"";	bandolier
James Garner;	"";	"";	james garner
Guardians of the Lost Library;	"";	"";	guardians of the lost library
Murphy's Romance;	"";	"";	murphy's romance
MC Hammer;	"";	"";	mc hammer
Runaway Train (film);	"";	"";	runaway train
Marky Mark and the Funky Bunch;	"";	"";	marky mark and the funky bunch
Nosson Tzvi Finkel (Slabodka);	"";	"";	nosson tzvi finkel
The Color of Money;	"";	"";	the color of money
New Kids on the Block;	"";	"";	new kids on the block
Dexter Gordon;	"";	"";	dexter gordon
Round Midnight (film);	"";	"";	round midnight
Mona Lisa (film);	"";	"";	mona lisa
Master P;	"";	"";	master p
The Mighty Mighty Bosstones;	"";	"";	the mighty mighty bosstones
James Woods;	"";	"";	james woods
The Mooney Suzuki;	"";	"";	the mooney suzuki
Salvador (film);	"";	"";	salvador
Landscape Arch;	"";	"";	landscape arch
Dark Eyes (1987 film);	"";	"";	dark eyes
Ironweed (novel);	"";	"";	ironweed
Kolob Arch;	"";	"";	kolob arch
Good Morning, Vietnam;	"";	"";	good morning, vietnam
Balanced Rock;	"";	"";	balanced rock
Rodney King;	"";	no}};	rodney king
Flashdance;	"";	"";	flashdance
Morphine (band);	"";	"";	morphine
Throbbing Gristle;	"";	"";	throbbing gristle
Paulina Rubio;	"";	"";	paulina rubio
The White Stripes;	"";	"";	the white stripes
Superchunk;	"";	"";	superchunk
Sleater-Kinney;	"";	"";	sleater-kinney
Siemens;	"";	"";	siemens ag
Iran Air;	"";	no}};	""
Girl, Interrupted;	"";	"";	girl, interrupted
Phil Gramm;	"";	"";	phil gramm
Polly Klaas Foundation;	"";	"";	polly klaas foundation
Susan Smith;	"";	"";	susan smith
Small Gods;	"";	"";	small gods
Teradata;	"";	"";	teradata corporation
Panavia Tornado;	"";	"";	tornado ids/ecr
Transmeta;	"";	"";	transmeta corporation
Eliot Ness;	"";	"";	eliot ness
Jingo (novel);	"";	"";	jingo
William Ellery Channing;	"";	"";	william ellery channing
Thujone;	"";	"";	thujone
Ron Paul;	"";	no;	ron paul
Ultimate Play the Game;	"";	"";	ashby computers and graphics limited
Eric of Pomerania;	"";	"";	eric
The Pursuit of Love;	"";	"";	the pursuit of love
Sepultura;	"";	"";	sepultura
Rusted Root;	"";	"";	rusted root
Uvula;	"";	"";	uvula
Truly, Madly, Deeply (film);	"";	"";	truly, madly, deeply
River Tay;	"";	"";	river tay
Palate;	"";	"";	palate
O'Connell Street;	"";	"";	o'connell street
Spire of Dublin;	"";	"";	spire of dublin <br />''monument of light''
Fraktur;	"";	no}};	latin script <br/>(fraktur hand)
César de Choiseul, 1st Duke of Choiseul;	"";	"";	césar de choiseul
Nuns on the Run;	"";	"";	nuns on the run
Kayahan;	"";	"";	kayahan
Jonathan Lynn;	"";	"";	jonathan lynn
Beatrice Wood;	"";	"";	beatrice wood
Tannenberg Memorial;	"";	"";	tannenberg memorial
Embolism;	"";	"";	embolism
Laeken;	"";	"";	{{unbulleted list
Human skeleton;	"";	"";	human skeleton
Stephen Breyer;	"";	no}};	stephen breyer
Skull;	"";	"";	skull
Lucio Gutiérrez;	"";	"";	lucio gutiérrez
Philippe of Belgium;	"";	"";	philippe
Blu Cantrell;	"";	"";	blu cantrell
Macy Gray;	"";	"";	macy gray
Chicago (band);	"";	"";	chicago
Judas Priest;	"";	no}};	judas priest
Pat Buchanan;	"";	"";	pat buchanan
Schenck v. United States;	"";	"";	schenck v. united states}}</ref>  in other words, the court held, the circumstances of wartime allow greater restrictions on free speech than would be allowed during peacetime, if only because new and greater dangers are present.
Chambers v. Florida;	"";	"";	chambers v. florida
1993 Long Island Rail Road shooting;	"";	"";	colin ferguson
Dennis v. United States;	"";	"";	dennis v. united states
Legality of cannabis;	"";	"";	no
Laura Bozzo;	"";	"";	laura bozzo
Killing of JonBenét Ramsey;	"";	"";	jonbenét ramsey
Billy Elliot;	"";	"";	billy elliot
Orrin Hatch;	"";	"";	orrin hatch
Jūrmala;	"";	"";	jūrmala
Liepāja;	"";	"";	liepāja
Shannon Airport;	"";	"";	shannon airport
James Richardson Corporation;	"";	"";	james richardson group
Immunosuppression;	"";	"";	immunosuppression
DB Cargo;	"";	"";	db cargo ag
U.S. National Commission on the Causes and Prevention of Violence;	"";	"";	""
Wilhelm Frick;	"";	"";	wilhelm frick
Friday the 13th (1980 film);	"";	"";	friday the 13th
NoordNed;	"";	"";	noordned personenvervoer
Thane;	"";	"";	thane
Charles Coughlin;	"";	"";	charles edward coughlin
ProRail;	"";	"";	prorail
Håkan Lans;	"";	"";	håkan lans
Trillian (character);	"";	human;	trillian
Lake Geneva;	"";	"";	lake geneva
Ford Anglia;	"";	"";	ford anglia
Lake Winnipeg;	"";	"";	lake winnipeg
Lake Manitoba;	"";	"";	lake manitoba
Nederlandse Spoorwegen;	"";	"";	ns nederlandse spoorwegen
Lazzaro Spallanzani;	"";	"";	lazzaro spallanzani
Klaatu (band);	"";	"";	klaatu
NAACP v. Alabama;	"";	"";	naacp v. alabama
Hans Krebs (biochemist);	"";	"";	hans krebs
Luis Buñuel;	"";	"";	luis buñuel
John Deere (inventor);	"";	"";	john deere
Wheeling Steel Corp. v. Glander;	"";	"";	wheeling steel corp. v. glander
Apache POI;	"";	"";	apache poi
Roquefort;	"";	"";	roquefort
Francis Asbury;	"";	"";	francis asbury
İncirlik;	"";	"";	i̇ncirlik
Prenatal care;	"";	"";	prenatal care
Vegetius;	"";	"";	vegetius
Dessau;	"";	"";	dessau
Whitby;	"";	"";	whitby town council
Charles-Joseph, 7th Prince of Ligne;	"";	"";	charles-joseph
Jacques Antoine Hippolyte, Comte de Guibert;	"";	"";	jacques antoine hippolyte
Victor François de Broglie, 2nd Duke of Broglie;	"";	"";	victor françois de broglie
François Marie de Broglie, 1st Duke of Broglie;	"";	"";	françois marie de broglie
Pepsin;	"";	"";	pepsin
Urease;	"";	"";	urease
Gauche (Scheme implementation);	"";	"";	gauche
Jacques Charles;	"";	"";	jacques charles
University of Western Ontario;	"";	"";	the university of western ontario<!--official name in full-->
Zeelandic Flanders;	"";	"";	zeeuws-vlaanderen
Julie Walters;	"";	"";	julie walters
LilyPond;	"";	"";	lilypond
Vickers Valiant;	"";	"";	valiant
Emmanuelle Béart;	"";	"";	emmanuelle béart
Eindhoven Airport;	"";	"";	eindhoven airport
Yellow brick road;	"";	"";	yellow brick road
Joseph Nollekens;	"";	"";	joseph nollekens
Peter Scheemakers;	"";	"";	peter scheemakers
Charles Watson-Wentworth, 2nd Marquess of Rockingham;	"";	"";	the marquess of rockingham
Chaeronea;	"";	"";	chaeronea
Acrux;	"";	"";	α crucis ab
Neil Innes;	"";	"";	neil innes
Russian Ark;	"";	"";	russian ark
PJ Harvey;	"";	"";	pj harvey
Paul Oakenfold;	"";	"";	paul oakenfold
Alejandra Guzmán;	"";	"";	alejandra guzmán
1995 in film;	"";	"";	reissue
Enrique Guzmán;	"";	"";	enrique guzmán
Fiel a La Vega;	"";	"";	fiel a la vega
Miami Sound Machine;	"";	"";	miami sound machine
Gloria Estefan;	"";	"";	gloria estefan
La Ley (band);	"";	"";	la ley
Mecano;	"";	"";	mecano
Macrophage;	"";	"";	macrophage
Charo;	"";	"";	charo
CHSH inequality;	"";	"";	theorem (exact chsh rigidity)
Jimmy Wilde;	"";	"";	jimmy wilde
The Vines (band);	"";	"";	the vines
The Hives;	"";	"";	the hives
Vincent Schiavelli;	"";	"";	vincent schiavelli
Dragan Marušič;	"";	"";	dragan marušič
Monoceros;	"";	"";	monoceros
Carnegie Hall;	"";	"";	carnegie hall
ANDOS;	"";	"";	andos
Electronika BK;	"";	"";	electronika bk
Toaplan;	"";	"";	toaplan co., ltd.
Mount Etna;	"";	"";	mount etna
Fluxbox;	"";	"";	fluxbox
Novell;	"";	"";	novell, inc.
John Lloyd (producer);	"";	"";	john lloyd
Dan Dare;	"";	<!-- optional -->;	""
Oder-Spree;	"";	"";	oder-spree
Elbe-Elster;	"";	"";	elbe-elster
Oberspreewald-Lausitz;	"";	"";	oberspreewald-lausitz
Spree-Neiße;	"";	"";	spree-neiße
The Atomic Cafe;	"";	"";	the atomic cafe
Nelly;	"";	"";	nelly
Destiny's Child;	"";	no}};	destiny's child
Fugging, Upper Austria;	"";	no;	fugging
TLC (group);	"";	"";	tlc
Sasha & John Digweed;	"";	"";	sasha & john digweed
Sandra Collins;	"";	"";	sandra collins
Metamagical Themas;	"";	"";	metamagical themas: questing for the essence of mind and pattern
Reel Big Fish;	"";	"";	reel big fish
Condom, Gers;	"";	"";	condom
Frontinus;	"";	"";	sextus julius frontinus
Kamaboko;	"";	"";	{{transl
Essen, Belgium;	"";	"";	essen
Bristol Cars;	"";	"";	bristol cars
Giovannino Guareschi;	"";	"";	giovannino guareschi<br/><small>[[order of the crown of italy
Oliver Sacks;	"";	no;	oliver sacks
Torey Hayden;	"";	"";	torey hayden
Temple Grandin;	"";	no}};	temple grandin
Alopecia areata;	"";	"";	alopecia areata
Jacques Mesrine;	"";	"";	jacques mesrine
Ferdinand Waldo Demara;	"";	"";	ferdinand waldo demara
James Barry (surgeon);	"";	"";	james barry
Billy Tipton;	"";	"";	billy tipton
Agnosia;	"";	"";	agnosia
Borduria;	"";	"";	borduria
1944 Summer Olympics;	"";	"";	italy}}
The Republic of Ireland Act 1948;	"";	"";	the republic of ireland act 1948 (commencement) order 1949
Hootie & the Blowfish;	"";	no;	hootie & the blowfish
Manic Street Preachers;	"";	"";	manic street preachers
Irish Independent;	"";	"";	irish independent
Suede (band);	"";	"";	suede
Milli Vanilli;	"";	"";	milli vanilli
Lotus Cars;	"";	"";	lotus group
Vance Packard;	"";	"";	vance oakley packard
Old Friends from Young Years;	"";	"";	old friends from young years
1997 in film;	"";	"";	reissue
Lovehatetragedy;	"";	"";	lovehatetragedy
Carl Andre;	"";	"";	carl andre
Peggy Guggenheim;	"";	"";	peggy guggenheim
Body Count (band);	"";	"";	body count
Emilíana Torrini;	"";	"";	emilíana torrini
Leftfield;	"";	"";	leftfield
Spooky (DJs);	"";	"";	spooky
The Neville Brothers;	"";	"";	the neville brothers
Billy Ray Cyrus;	"";	"";	billy ray cyrus
General Post Office, Dublin;	"";	"";	general post office
Mother Love Bone;	"";	"";	mother love bone
Chico Marx;	"";	"";	chico marx
South Tyrol;	"";	"";	south tyrol
Sweet Children (EP);	"";	"";	sweet children
Helen Clarke (field hockey);	"";	"";	helen clarke
The Lovin' Spoonful;	"";	"";	the lovin' spoonful
Muller v. Oregon;	"";	"";	muller v. oregon
Ultimate Fighting Championship;	"";	"";	ufc holdings, llc
Tito Ortiz;	"";	"";	tito ortiz
Walter Dorwin Teague;	"";	"";	walter dorwin teague
Lake Tanganyika;	neolamprologus;	multifasciatus;	lake tanganyika
Timeline for the day of the September 11 attacks;	"";	"";	time4
Ale Yarok;	"";	"";	ale yarok
Abraham-Louis Breguet;	"";	"";	abraham-louis breguet
Spinach;	spinacia;	oleracea;	spinach
1988 in American television;	"";	"";	wtja
1994 in American television;	"";	"";	upn}}
Humpty Doo;	"";	"";	humpty doo
2001 in American television;	"";	"";	ktvh
Nynorsk;	"";	"";	norwegian nynorsk
Lake Cadibarrawirracanna;	"";	"";	lake cadibarrawirracanna
Golden Earring;	"";	"";	golden earring
Hell, Norway;	"";	"";	}}
Sarah Aaronsohn;	"";	"";	sarah aaronsohn
Friday (1995 film);	"";	"";	friday
Neon tetra;	"";	"";	neon tetra
Elections in Sweden;	"";	"";	how to vote}}</ref>
Survivor (1987 video game);	"";	"";	survivor}}
Eugène Delacroix;	"";	"";	eugène delacroix
Tracy Chapman;	"";	no}};	tracy chapman
Entertainment Software Rating Board;	"";	"";	entertainment software rating board
Stabbing Westward;	"";	"";	stabbing westward
My Life with the Thrill Kill Kult;	"";	"";	my life with the thrill kill kult
Skinny Puppy;	"";	"";	skinny puppy
Grisons;	"";	"";	grisons
Scottish Greens;	"";	"";	scottish green party
Nick Hornby;	"";	"";	nick hornby
Sainsbury's;	"";	"";	j sainsbury plc
Celtic Frost;	"";	"";	celtic frost
Paleoproterozoic;	"";	"";	paleoproterozoic
Margarita;	"";	"";	margarita
Alexander Spesivtsev;	"";	"";	alexander spesivtsev
Lucius Mummius Achaicus;	"";	"";	lucius mummius achaicus
Académie Julian;	"";	"";	{{lang
Stetson University;	"";	"";	stetson university
Flag of Vatican City;	"";	"";	vatican city state
Lucius Junius Brutus;	"";	"";	lucius junius brutus
John Stewart Bell;	"";	"";	john stewart bell
Slow Motion Daydream;	"";	"";	slow motion daydream
Volvo Driving Soccer Mom;	"";	"";	volvo driving soccer mom
Kalakshetra Foundation;	"";	"";	kalakshetra foundation
Merle Haggard;	"";	no}};	merle haggard
Grain (unit);	"";	"";	grain
Michael Williams (actor);	"";	"";	michael williams
Fritz Haarmann;	"";	"";	fritz haarmann
Bob Geldof;	"";	no;	bob geldof
Orleans (band);	"";	"";	orleans
Dwight Yoakam;	"";	"";	dwight yoakam
George Strait;	"";	"";	george strait
Randy Travis;	"";	"";	randy travis
Junior Brown;	"";	"";	junior brown
Alien Ant Farm;	"";	"";	alien ant farm
Karl May;	"";	"";	karl may}}
Nada Surf;	"";	"";	nada surf
New Found Glory;	"";	"";	new found glory
Chris Ballew;	"";	"";	chris ballew
Moonraker (novel);	"";	"";	moonraker
Kevin Griffin;	"";	"";	kevin griffin
13 Other Dimensions;	"";	"";	13 other dimensions
Lord Lieutenant of Ireland;	"";	"";	"\"lang-ga\"}}), or more formally '''lieutenant general and general governor of ireland''', was the title of the [[chief governor of ireland]] from the [[williamite wars]] of [[1690 in ireland"
Eddie McGuire;	"";	"";	eddie mcguire
Randy Newman;	"";	"";	randy newman
John Fogerty;	"";	"";	john fogerty}}
John Mellencamp;	"";	no}};	john mellencamp
A-ha;	"";	"";	a-ha
George Curzon, 1st Marquess Curzon of Kedleston;	"";	"";	the marquess curzon of kedleston
James Bradley;	"";	"";	james bradley
List of blues musicians;	"";	"";	contents
Robert Clive;	"";	"";	the lord clive
The Rugby Championship;	"";	"";	u20 rugby championship
Leo Cruz;	"";	"";	leo cruz
Eleanor Alice Burford;	"";	"";	eleanor alice burford
Paul C. Doherty;	"";	"";	paul doherty
Old Enough;	"";	"";	old enough
Lisa Kudrow;	"";	no;	lisa kudrow
David Schwimmer;	"";	"";	david schwimmer
Parañaque;	"";	"";	{{ph wikidata
Canton of Schwyz;	"";	"";	canton of schwyz
Muntinlupa;	"";	"";	{{ph wikidata
Monarchy of Sweden;	"";	"";	n2}} throughout his reign, gustav i suppressed both aristocratic and [[dacke war
The Dam Busters (film);	"";	"";	the dam busters
13th Annual Grammy Awards;	"";	"";	13th annual grammy awards
House of Freedoms;	"";	"";	house of freedoms
Benjamin Guggenheim;	"";	"";	benjamin guggenheim
Lucius Quintus Cincinnatus Lamar;	"";	"";	confederate army}}
CP/M-86;	"";	"";	cp/m-86
20th Century Studios;	"";	"";	20th century studios, inc.
The Cosby Show;	"";	"";	roseanne
Universal Pictures;	"";	"";	universal studios <!--do not remove this, this is universal's official name -->
Robert van Gulik;	"";	"";	robert van gulik
Kirtland Safety Society;	"";	"";	kirtland safety society<br> anti-banking company
Lateralus;	"";	"";	lateralus
Sauvignon blanc;	"";	''[[vitis vinifera]]'';	{{lang
Lani Guinier;	"";	"";	lani guinier
Normal matrix;	"";	"";	proposition
Oz (Buffy the Vampire Slayer);	"";	"";	"daniel \"oz\" osbourne"
Tristão da Cunha;	"";	"";	tristão da cunha
Chengdu;	"";	"";	chengdu
ReplayTV;	"";	"";	replaytv
R. F. Delderfield;	"";	"";	r. f. delderfield
Princess Ingeborg of Denmark;	"";	"";	princess ingeborg
Constantine X Doukas;	"";	"";	constantine x doukas
José Raúl Capablanca;	"";	"";	josé raúl capablanca
Colin Firth;	"";	"";	colin firth
Alan Lightman;	"";	"";	alan lightman
T cell;	"";	"";	t cell
Dennis Price;	"";	"";	dennis price
University of Missouri–Kansas City;	"";	"";	university of missouri–kansas city
Heather Graham;	"";	"";	heather graham
Simple Minds;	"";	"";	simple minds
LL Cool J;	"";	no;	ll cool j
General Public;	"";	"";	general public
Shirley Ann Jackson;	"";	"";	shirley ann jackson
Spandau Ballet;	"";	"";	spandau ballet
The Cars;	"";	"";	the cars
Haircut One Hundred;	"";	"";	haircut one hundred
A Flock of Seagulls;	"";	"";	a flock of seagulls
Lionel Richie;	"";	"";	lionel richie
America's Cup;	"";	"";	lawson
The Partridge Family Album;	"";	"";	the partridge family album
Up to Date;	"";	"";	up to date
Sound Magazine;	"";	"";	sound magazine
Shopping Bag;	"";	"";	shopping bag
Crossword Puzzle;	"";	"";	crossword puzzle
Bulletin Board (album);	"";	"";	bulletin board
The World of the Partridge Family;	"";	"";	the world of the partridge family
Suzanne Crough;	"";	"";	suzanne crough
Brian Forster;	"";	"";	brian forster
Shirley Jones;	"";	"";	shirley jones
Susan Dey;	"";	"";	susan dey
Danny Bonaduce;	"";	"";	danny bonaduce
Jeremy Gelbwaks;	"";	"";	jeremy gelbwaks
At Home with Their Greatest Hits;	"";	"";	at home with their greatest hits
Boogie-woogie;	"";	"";	boogie-woogie
Tcpdump;	"";	"";	tcpdump
Starpath;	"";	"";	starpath corporation
Starpath Supercharger;	"";	"";	starpath supercharger
William de Braose, 1st Lord of Bramber;	"";	"";	william de braose
Wizardry;	"";	"";	''wizardry'' series}}
William de Braose, 3rd Lord of Bramber;	"";	"";	william de braose
William de Braose, 4th Lord of Bramber;	"";	"";	william de braose
Toxicity (album);	"";	"";	toxicity
Toxicity;	"";	"";	toxicity
Isla de los Estados;	"";	"";	isla de los estados<br>staten island
Macalester College;	"";	"";	macalester college
Jarkko Oikarinen;	"";	"";	jarkko oikarinen
Gato-class submarine;	"";	"";	''gato'' class
Proteus (moon);	"";	"";	proteus
Forgotten Silver;	"";	"";	forgotten silver
Chuck Barris;	"";	"";	chuck barris
Pomeranian dog;	"";	"";	pomeranian
Sunnydale;	"";	"";	sunnydale
Albany International Airport;	"";	"";	albany international airport
Rainbow Harvest;	"";	"";	rainbow harvest
El Nuevo Día;	"";	"";	el nuevo día
Aceh;	"";	"";	aceh
Northern lapwing;	"";	"";	vanellus vanellus}}
Provinces of Indonesia;	"";	"";	provinces of indonesia<br>{{lang
Angora goat;	"";	"";	angora
John Cale;	"";	"";	john cale
Sarah Winnemucca;	"";	"";	sarah winnemucca
Thomas D. Rice;	"";	"";	thomas d. rice
Jump Jim Crow;	"";	"";	jump jim crow
Elizabeth Peabody;	"";	"";	elizabeth peabody
Sarah Miles;	"";	"";	sarah miles
Haverford College;	"";	"";	haverford college
The Famous Five;	"";	"";	''the famous five''
Peru;	"";	"";	{{collapsible list
Bernard Lord;	"";	"";	bernard lord
El Vocero;	"";	"";	el vocero
Miramichi, New Brunswick;	"";	"";	miramichi
Edmundston;	"";	"";	edmundston
Jacobo Árbenz;	"";	"";	jacobo árbenz
Spruce;	"";	"";	spruce
Bill Moyers;	"";	"";	bill moyers
Fir;	"";	"";	fir
List of international declarations;	"";	"";	dos}}
Bruce Peninsula National Park;	"";	"";	bruce peninsula national park
Catgirl;	"";	"";	catgirl
Crataegus;	"";	"";	hawthorns
Eduardo Alquinta;	"";	"";	eduardo alquinta
Los Jaivas;	"";	"";	los jaivas
Alphonse de Lamartine;	"";	"";	alphonse de lamartine
Peruvian Paso;	"";	"";	peruvian horse
Kid A;	"";	"";	kid a
Amnesiac (album);	"";	"";	amnesiac
The Bends (album);	"";	"";	the bends
Pablo Honey;	"";	"";	pablo honey
Hugh Grant;	"";	"";	hugh grant
Bomfunk MC's;	"";	"";	bomfunk mc's
Bounty Killer;	"";	"";	bounty killer
Simon Callow;	"";	"";	simon callow
Mountain Meadows Massacre;	"";	"";	numbers}}
Radio City Music Hall;	"";	"";	radio city music hall
Raymond Duchamp-Villon;	"";	"";	raymond duchamp-villon
Boll weevil;	anthonomus;	grandis;	boll weevil
Frank McKenna;	"";	"";	frank mckenna
Shipworm;	"";	"";	shipworm
Paula Yates;	"";	"";	paula yates
List of premiers of Nova Scotia;	"";	"";	[[james boyle uniacke]]
Jeremy Brett;	"";	"";	jeremy brett
The Hudsucker Proxy;	"";	"";	the hudsucker proxy
Shoegaze;	"";	"";	shoegaze
Lars Johan Hierta;	"";	"";	lars johan hierta
Power pop;	"";	"";	power pop
Leland Stanford;	"";	"";	leland stanford
Dieppe, New Brunswick;	"";	"";	dieppe
Shiitake;	lentinula;	edodes;	''lentinula edodes''
Bathurst, New Brunswick;	"";	"";	bathurst
Whooping cough;	"";	"";	whooping cough
Campbellton, New Brunswick;	"";	"";	campbellton
Harvey (1950 film);	"";	"";	harvey
Lou Grant;	"";	"";	lou grant
List of premiers of Manitoba;	"";	"";	[[alfred boyd]]
Patricia Cornwell;	"";	"";	patricia cornwell
List of premiers of Newfoundland and Labrador;	"";	"";	[[philip francis little]]
List of premiers of Saskatchewan;	"";	"";	[[frederick w. a. g. haultain]]
Walter Bagehot;	"";	"";	walter bagehot
Albert County, New Brunswick;	"";	"";	albert
Carleton County, New Brunswick;	"";	"";	carleton
Fort Vancouver;	"";	"";	fort vancouver national historic site
Matthew Wood (sound editor);	"";	"";	matthew wood
Charlotte County, New Brunswick;	"";	"";	charlotte county
Peter Finch;	"";	"";	peter finch
Hugo Weaving;	"";	"";	hugo weaving
Hedy Lamarr;	"";	"";	hedy lamarr
Edward James Olmos;	"";	"";	edward james olmos
Chrétien de Troyes;	"";	"";	chrétien de troyes}}
Pandora (moon);	"";	"";	pandora
S&P 500;	"";	"";	s&amp;p 500
Pelle the Conqueror;	"";	"";	pelle the conqueror
THX;	"";	"";	thx ltd.
Daniel Day-Lewis;	"";	"";	daniel day-lewis
Henry V (1989 film);	"";	"";	henry v
Reversal of Fortune;	"";	"";	reversal of fortune
Christopher Durang;	"";	"";	christopher durang
The Field (play);	"";	"";	the field
Lymantria dispar;	lymantria;	dispar;	""
Sam Shepard;	"";	no;	sam shepard
Cape Fear (1991 film);	"";	"";	cape fear
Cape Fear (1962 film);	"";	"";	cape fear
Slick Rick;	"";	"";	slick rick
August Wilson;	"";	"";	august wilson
Irving Thalberg;	"";	"";	irving thalberg
Glen Campbell;	"";	no;	glen campbell
Restoration (1995 film);	"";	"";	restoration
B. J. Thomas;	"";	"";	b. j. thomas
Harry Chapin;	"";	"";	harry chapin
The Fisher King;	"";	"";	the fisher king
Richard Crenna;	"";	"";	richard crenna
The Nice;	"";	"";	the nice
Chaplin (film);	"";	"";	chaplin
Stephen Rea;	"";	"";	stephen rea
What's Love Got to Do with It (1993 film);	"";	"";	what's love got to do with it
The Madness of King George;	"";	"";	the madness of king george
Nobody's Fool (1994 film);	"";	"";	nobody's fool
Joaquin Miller;	"";	"";	joaquin miller
Mr. Holland's Opus;	"";	"";	mr. holland's opus
Nixon (film);	"";	"";	nixon
The Teenagers;	"";	"";	the teenagers
Pete Rademacher;	"";	"";	pete rademacher
Zydeco;	"";	"";	zydeco
Leelee Sobieski;	"";	"";	leelee sobieski
Raï;	"";	"";	raï
Happy Days;	"";	no;	""
Alternative country;	"";	"";	alternative country
Nashville sound;	"";	"";	nashville sound
Esau;	"";	"";	esau
Galápagos Islands;	"";	"";	galápagos islands
Erich Kästner;	"";	"";	erich kästner
Distinguished Flying Cross (United Kingdom);	"";	"";	distinguished flying cross
Ira Flatow;	"";	"";	ira flatow
Black Country;	"";	"";	black country
John Amos Comenius;	"";	"";	john amos comenius
Ian Holm;	"";	"";	ian holm
Guava;	"";	"";	guavas, common
Manfred Mann;	"";	"";	manfred mann
Jomo Kenyatta;	"";	"";	jomo kenyatta
Pacifica Foundation;	"";	"";	pacifica network
John Wilmot, 2nd Earl of Rochester;	"";	"";	the earl of rochester
James Barry;	"";	"";	barry, james}}
John Lloyd Stephens;	"";	"";	john lloyd stephens
Porco Rosso;	"";	"";	porco rosso
Hayley Westenra;	"";	"";	hayley westenra
Clyfford Still;	"";	"";	clyfford still
Europop;	"";	"";	europop
Akershus;	"";	"";	akershus
Buskerud;	"";	"";	buskerud
Aust-Agder;	"";	"";	aust-agder
John Mortimer;	"";	"";	john mortimer
Vest-Agder;	"";	"";	vest-agder
Rogaland;	"";	"";	rogaland
Hordaland;	"";	"";	hordaland
Sogn og Fjordane;	"";	"";	sogn og fjordane
Nordland;	"";	"";	nordland
Troms;	"";	"";	troms
Finnmark;	"";	"";	finnmark
Hedmark;	"";	"";	hedmark fylke
Oppland;	"";	"";	oppland
Ride (band);	"";	"";	ride
Vestfold;	"";	"";	vestfold fylke
Østfold;	"";	"";	østfold
Lush (band);	"";	"";	lush
The Boo Radleys;	"";	"";	the boo radleys
Eric B. & Rakim;	"";	"";	eric b. & rakim
Fishbone;	"";	"";	fishbone
Beat Happening;	"";	"";	beat happening
Gloucester County, New Brunswick;	"";	"";	gloucester
The Field Mice;	"";	"";	the field mice
Kent County, New Brunswick;	"";	"";	kent
Spacemen 3;	"";	"";	spacemen 3
Juvenile (rapper);	"";	"";	juvenile
Kings County, New Brunswick;	"";	"";	kings
Fletcher Henderson;	"";	"";	fletcher henderson
Madawaska County, New Brunswick;	"";	"";	madawaska
Ethel Waters;	"";	"";	ethel waters
Goodie Mob;	"";	"";	goodie mob
Tad Morose;	"";	"";	tad morose
Psilotum;	"";	"";	''psilotum''
Chris Rock;	"";	no;	""
East Coast hip hop;	"";	"";	east coast hip hop
Bunk Johnson;	"";	"";	bunk johnson
Ben & Jerry's;	"";	"";	ben & jerry's homemade holdings, inc.
Arcesilaus;	"";	"";	arcesilaus
Chalcis;	"";	"";	chalkida
West Coast hip hop;	"";	"";	west coast hip hop
Crantor;	"";	"";	crantor of soli
Cleanthes;	"";	"";	cleanthes
Southern hip hop;	"";	"";	southern hip hop
John Reith, 1st Baron Reith;	"";	"";	the lord reith
Jan van Riebeeck;	"";	"";	jan van riebeeck
Frank Auerbach;	"";	"";	frank auerbach
Melrose Place;	"";	"";	summeroflove
Barney Bigard;	"";	"";	barney bigard
Wolfe Tone;	"";	"";	theobald wolfe tone
Northumberland County, New Brunswick;	"";	"";	northumberland
Queens County, New Brunswick;	"";	"";	queens
Restigouche County, New Brunswick;	"";	"";	restigouche
South Bohemian Region;	"";	"";	south bohemian region
Coal Chamber;	"";	"";	coal chamber
Cryptomathic;	"";	"";	cryptomathic
Control (Janet Jackson song);	"";	"";	control
Oxygène;	"";	"";	oxygène
Roussillon;	"";	"";	roussillon<!-- at least one of the first two fields must be filled in -->
Sean Lennon;	"";	"";	sean ono lennon
David Bomberg;	"";	"";	david bomberg
Hellhammer;	"";	"";	hellhammer
The Partridge Family Notebook;	"";	"";	the partridge family notebook
Helloween;	"";	"";	helloween
Chocobo;	"";	"";	chocobo
Road Runner (Junior Walker album);	"";	"";	road runner
Henry Pelham;	"";	"";	pelham, henry}}</ref> then migrated to [[hart hall, oxford]] (the present-day hertford college), matriculating on 6 september 1710,<ref name=alum>{{cite web
A Partridge Family Christmas Card;	"";	"";	a partridge family christmas card
Ambrose Burnside;	"";	"";	ambrose burnside
Duke of York;	"";	"";	dukedom of york
Batman: The Animated Series;	"";	"";	'''batman: the animated series'''
Joseph Hooker;	"";	"";	joseph hooker
Horace Greeley;	"";	no}};	horace greeley
