title;	genus;	species;	name
Nullarbor Plain;	"";	"";	nullarbor plain<br><small>nullarbor plains xeric shrublands</small>
County of Bentheim (district);	"";	"";	grafschaft bentheim
Cloppenburg (district);	"";	"";	cloppenburg
Districts of Hong Kong;	"";	"";	districts of hong kong<br />{{nobold
Boeing 757;	"";	"";	boeing 757
TWAIN;	"";	"";	twain
Soli, Cyprus;	"";	"";	soli
River Ouse, Sussex;	"";	"";	ouse
Oldenburg (district);	"";	"";	oldenburg
S-100 bus;	"";	"";	s-100 bus
Buffalo Bill;	"";	"";	buffalo bill
Arthur Middleton;	"";	"";	arthur middleton
Beneath the Planet of the Apes;	"";	"";	beneath the planet of the apes
Lloyd's of London;	"";	"";	lloyd's of london
Eddy Merckx;	"";	"";	eddy merckx
Praise-God Barebone;	"";	"";	praise-god barebone/barbon
Dexys Midnight Runners;	"";	"";	dexys
Deryck Guyler;	"";	"";	deryck guyler
Scalable Coherent Interface;	"";	"";	scalable coherent interface and serial express users, developers, and manufacturers association
River Avon, Strathspey;	"";	"";	river avon
River Avon, Falkirk;	"";	"";	avon
Avon Water;	"";	"";	avon water
George Miller (filmmaker);	"";	"";	george miller
Milford, Connecticut;	"";	"";	milford, connecticut
Kapp Putsch;	"";	"";	weimar republic}}'''
Nelson College;	"";	"";	nelson college
Baz Luhrmann;	"";	"";	baz luhrmann
Don Rickles;	"";	"";	don rickles
Phanes;	"";	"";	phanes
Crows Nest, Indiana;	"";	"";	crows nest, indiana
Unity, Kennebec County, Maine;	"";	"";	township of unity (inactive)
Penobscot Indian Island Reservation;	"";	"";	indian island
Elbow Lake, Becker County, Minnesota;	"";	"";	elbow lake
Oak Grove, Jackson County, Missouri;	"";	"";	oak grove, jackson county,<br>missouri
Deposit (village), New York;	"";	"";	deposit, new york
Cattaraugus Reservation, Erie County, New York;	"";	"";	cattaraugus reservation
Belle Haven, Accomack County, Virginia;	"";	"";	belle haven
Oneida, Wisconsin;	"";	"";	}}
Menasha, Wisconsin;	"";	"";	""
Watertown (town), Wisconsin;	"";	"";	watertown, wisconsin
United Kingdom of Great Britain and Ireland;	"";	"";	c
Rooibos;	"";	"";	rooibos
Michael Spinks;	"";	"";	michael spinks
Richard Brautigan;	"";	"";	richard brautigan
Mount Vernon;	"";	"";	mount vernon
Jane Addams;	"";	"";	jane addams}}
Saint-Savin, Vienne;	"";	"";	saint-savin
Reclaim the Streets;	"";	"";	reclaim the streets
Persimmon;	"";	"";	''diospyros kaki'' thunb.
La Toya Jackson;	"";	"";	la toya jackson
Virginia Dare;	"";	"";	virginia dare
Avon River (Ontario);	"";	"";	avon river
Avon River (Nova Scotia);	"";	"";	avon river
Avon River (Western Australia);	"";	"";	avon
Rothwell, West Yorkshire;	"";	"";	rothwell
Rocky III;	"";	"";	rocky iii
Provinces of Belgium;	"";	"";	provinces of belgium<br>provincies van belgië ([[dutch language
Mae Whitman;	"";	"";	mae whitman
Anderlecht;	"";	"";	anderlecht
Etterbeek;	"";	"";	etterbeek
Evere;	"";	"";	evere
Ganshoren;	"";	"";	ganshoren
Jette;	"";	"";	jette
Koekelberg;	"";	"";	koekelberg
Kirklees;	"";	"";	kirklees
Jean-Andoche Junot;	"";	"";	jean-andoche junot
West Flanders;	"";	"";	west flanders
John Law (economist);	"";	"";	john law
Riders of the Purple Wage;	"";	"";	riders of the purple wage
Shibden;	"";	"";	halifax cb/mb
East Flanders;	"";	"";	east flanders
Todmorden;	"";	"";	todmorden town council
Austrian People's Party;	"";	"";	austrian people's party
Shanghai Cooperation Organisation;	"";	"";	shanghai cooperation organisation
Styx (band);	"";	"";	styx
Giovanni Ceva;	"";	"";	giovanni ceva
Raekwon;	"";	"";	raekwon
Quicksilver Messenger Service;	"";	"";	quicksilver messenger service
Boeing 717;	"";	"";	boeing 717
Queensrÿche;	"";	"";	queensrÿche
Osnabrück (district);	"";	"";	osnabrück
Sean Combs;	"";	"";	sean combs
Dave Matthews Band;	"";	"";	dave matthews band
Optic nerve;	"";	"";	optic nerve
Pudsey;	"";	"";	pudsey
Teutoburg Forest;	"";	"";	teutoburg forest
Robert Fludd;	"";	"";	robert fludd
Jacqui Frazier-Lyde;	"";	"";	jacqui frazier-lyde
Paracelsus;	"";	"";	paracelsus
Vechta (district);	"";	"";	vechta
Portland International Airport;	"";	"";	portland international airport
Susning.nu;	"";	"";	susning
Rhapsody in Blue;	"";	"";	''rhapsody in blue''
Metastasis;	"";	"";	metastasis
Athaulf;	"";	"";	athaulf
Hazel R. O'Leary;	"";	"";	hazel o'leary
Zita of Bourbon-Parma;	"";	"";	zita of austria-hungary
DEA AG;	"";	"";	dea deutsche erdoel ag
Art Tatum;	"";	"";	art tatum
Strait of Dover;	"";	"";	dover strait
Anglo-Irish Treaty;	"";	"";	anglo-irish treaty
Rutabaga;	"";	''[[brassica napus]]'';	rutabaga
Charytín Goyco;	"";	"";	charytín goyco
Giovanni Pico della Mirandola;	"";	"";	pico della mirandola
List of prime ministers of Italy;	"";	"";	parties
Mushroom Records;	"";	"";	mushroom records
B. B. King;	"";	no;	""
Hainaut Province;	"";	"";	hainaut
Lee Miller;	"";	"";	lee miller
Namur Province;	"";	"";	namur
Christina Vidal;	"";	"";	christina vidal
God Bless America;	"";	"";	god bless america
Radiology;	"";	"";	radiologist
Big5;	"";	"";	big5
Robert Stewart, Viscount Castlereagh;	"";	"";	the marquess of londonderry
Diepholz (district);	"";	"";	diepholz
Ribagorça;	"";	"";	ribagorça
Nienburg (district);	"";	"";	nienburg
Zwijndrecht, Netherlands;	"";	"";	zwijndrecht
Z3 (computer);	"";	"";	z3
Schaumburg;	"";	"";	landkreis schaumburg
Grantham;	"";	"";	first
Franz Beckenbauer;	"";	"";	franz beckenbauer
Alberto Santos-Dumont;	"";	"";	alberto santos-dumont
Beernem;	"";	"";	beernem
Jan Narveson;	"";	"";	jan narveson
Sculptor (constellation);	"";	"";	sculptor
James Burke (science historian);	"";	"";	james burke
Bertrand Barère;	"";	"";	bertrand barère
Buenaventura Durruti;	"";	"";	buenaventura durruti
Phoenix Object Basic;	"";	"";	phoenix object basic
Les Diaboliques (film);	"";	"";	les diaboliques
Sopot;	"";	"";	sopot
Anton Rubinstein;	"";	"";	anton rubinstein
Instrument of Accession (Jammu and Kashmir);	"";	"";	instrument of accession of jammu and kashmir state
Theocritus;	"";	"";	theocritus
Organ (biology);	"";	"";	organ
London Paddington station;	"";	"";	paddington
Organ (music);	"";	no;	""
William J. Perry;	"";	"";	william perry
Elaine Chao;	"";	"";	elaine chao
Alexis Herman;	"";	"";	alexis herman
Norman Mineta;	"";	"";	norman mineta
Gansu;	"";	"";	gansu
Dorothea Lange;	"";	"";	dorothea lange
Han Chinese;	"";	"";	han chinese}} or '''han people'''{{efn
Southern Death Cult;	"";	"";	southern death cult
Sitting Bull;	"";	"";	sitting bull
Sonic Mega Collection;	"";	"";	flicky}}
Alexander Nevsky;	"";	"";	alexander nevsky
Jean Arp;	"";	"";	jean arp
Verne Winchell;	"";	"";	verne winchell
John Sebastian;	"";	"";	john sebastian
Zsa Zsa Gabor;	"";	no}};	""
Sarah Slean;	"";	"";	sarah slean
Salvatore Maranzano;	"";	"";	salvatore maranzano
Trypanosomatida;	"";	"";	trypanosomes
Hector International Airport;	"";	"";	hector international airport
Jolie Gabor;	"";	"";	jolie gabor
Eva Gabor;	"";	"";	eva gabor
Magda Gabor;	"";	"";	magda gabor
Holly Valance;	"";	"";	holly valance
Nipper;	"";	''[[dog;	nipper
Footprints (Holly Valance album);	"";	"";	footprints
Phantasy (record label);	"";	"";	phantasy
Waverley (novel);	"";	"";	waverley; or, ’tis sixty years since
Science Museum, London;	"";	"";	science museum
Hexokinase;	"";	"";	hexokinase
Ashdown Forest;	"";	"";	ashdown forest
Motor neuron;	"";	"";	motor neurons
Euglenid;	"";	"";	euglenids
Kinetoplastida;	"";	"";	kinetoplastida
Ishim (river);	"";	"";	ishim
Ian Ure;	"";	"";	ian ure
Robert Simson;	"";	"";	robert simson
Sopwith Camel;	"";	"";	camel
Mount Tambora;	"";	"";	mount tambora
Kenny McCormick;	"";	"";	kenneth mccormick (kenny)
Empress Elisabeth of Austria;	"";	"";	elisabeth
Hameln-Pyrmont;	"";	"";	hameln-pyrmont
Delta Kappa Epsilon;	"";	"";	delta kappa epsilon
Henry Cabot Lodge;	"";	"";	henry cabot lodge
Johnny Tapia;	"";	"";	johnny tapia
Henry Cabot Lodge Jr.;	"";	"";	u.s. warns russia to keep hands off in guatemala crisis (1955)}}
Nothing Records;	"";	"";	nothing records
Ambassadors of the United States;	"";	"";	spain}}
Bretby Hall;	"";	"";	bretby hall
Joyce Grenfell;	"";	"";	joyce grenfell
Harry Worth;	"";	"";	harry worth
Arthur M. Brazier;	"";	"";	arthur m. brazier
Julia Sawalha;	"";	"";	julia sawalha
Luis Muñoz Marín;	"";	"";	luis muñoz marin
Jane Horrocks;	"";	"";	jane horrocks
Tim Smit;	"";	"";	sir tim smit
Chocobo Racing;	"";	"";	''chocobo racing''}}
Carl Loewe;	"";	"";	carl loewe
Wes Craven;	"";	"";	wes craven
The Vampire Lestat;	"";	"";	the vampire lestat
Robert Smithson;	"";	"";	robert smithson
Susan Lindquist;	"";	"";	susan lindquist
Frank Martin (composer);	"";	"";	frank martin
John A. Roebling;	"";	"";	john a. roebling
John F. Peto;	"";	"";	john f. peto
Intracytoplasmic sperm injection;	"";	"";	intracytoplasmic sperm injection
New Zealand Labour Party;	"";	"";	new zealand labour party
Hanover Region;	"";	"";	hanover
Leine;	"";	"";	leine
Oker;	"";	"";	oker
Kuching;	"";	"";	kuching
Manchu language;	"";	"";	manchu
Peine (district);	"";	"";	peine
Hildesheim (district);	"";	"";	hildesheim
Heinkel He 162;	"";	"";	he 162
Hildesheim;	"";	"";	hildesheim
Nigella Lawson;	"";	"";	nigella lawson
Ephedra distachya;	ephedra;	distachya;	""
Heraclea Pontica;	"";	"";	heraclea pontica
WHSmith;	"";	"";	wh smith plc
Samson, Isles of Scilly;	"";	"";	samson
Edmund the Martyr;	"";	"";	edmund
Friedrich Ernst Dorn;	"";	"";	friedrich ernst dorn
Robert Whytlaw-Gray;	"";	"";	""
Enrico Dandolo;	"";	"";	enrico dandolo
John I of Castile;	"";	"";	john i
John II of Castile;	"";	"";	john ii
Malbork;	"";	"";	malbork
Jules Rimet;	"";	"";	jules rimet
Daniel Radcliffe;	"";	"";	daniel radcliffe
Kwidzyn;	"";	"";	kwidzyn
Kartuzy;	"";	"";	kartuzy
Kościerzyna;	"";	"";	kościerzyna
Chojnice;	"";	"";	chojnice
Starogard Gdański;	"";	"";	starogard gdański
Lębork;	"";	"";	lębork
Α-Linolenic acid;	"";	"";	α-linolenic acid
Puck, Poland;	"";	"";	puck
Charlotte Ayanna;	"";	"";	charlotte ayanna
Bnetd;	"";	"";	bnetd
Barbara Hepworth;	"";	"";	barbara hepworth
John Skeaping;	"";	"";	john skeaping
Andromeda (constellation);	"";	"";	andromeda
Sum 41;	"";	no}};	sum 41
Iron Eagle;	"";	"";	iron eagle
Order of Australia;	"";	"";	akad}}
Low Franconian;	"";	"";	low franconian
Donkey Kong Country 2: Diddy's Kong Quest;	"";	"";	dates
Converse (brand);	"";	"";	converse
Rocky V;	"";	"";	rocky v
The Tale of the Body Thief;	"";	"";	the tale of the body thief
North Germanic languages;	"";	"";	north germanic
Norsemen;	"";	"";	a}} [[faroe islanders]],{{efn
Memnoch the Devil;	"";	"";	memnoch the devil
Charles I of Austria;	"";	"";	charles i & iv
Cimbrian language;	"";	"";	cimbrian
Bavarian language;	"";	"";	bavarian
Mensa International;	"";	"";	mensa international
West Germanic languages;	"";	"";	west germanic
Kalwaria Zebrzydowska;	"";	"";	kalwaria zebrzydowska
Wieliczka;	"";	"";	wieliczka
Macau International Airport;	"";	"";	macau international airport
Phil Collins;	"";	no;	phil collins
Arturo Toscanini;	"";	"";	arturo toscanini
Scilab;	"";	"";	scilab
Askham Bog;	"";	"";	askham bog
John I of Portugal;	"";	"";	john i
John IV of Portugal;	"";	"";	john iv
John VI of Portugal;	"";	"";	john vi
Ferdinand I of Portugal;	"";	"";	ferdinand i
Elvington, North Yorkshire;	"";	"";	elvington
William Juxon;	"";	"";	william juxon
Haxby;	"";	"";	haxby town council
Gilbert Sheldon;	"";	"";	gilbert sheldon
John Whitgift;	"";	"";	john whitgift
Malham Cove;	"";	"";	malham cove
Jules Léotard;	"";	"";	jules léotard
Everingham;	"";	"";	everingham
Osbaldwick;	"";	"";	osbaldwick primary school}}</ref> and most pupils transfer after year 6 to [[archbishop holgate's school]].<ref>{{official website
IUCN Red List;	"";	"";	the iucn red list of threatened species
RCA connector;	"";	"";	rca connector
Zamość;	"";	"";	zamość
Edmund Grindal;	"";	"";	edmund grindal
Thomas Cartwright (theologian);	"";	"";	thomas cartwright
River Foss;	"";	"";	river foss
River Glen, Lincolnshire;	"";	"";	river glen
Matthew Parker;	"";	"";	matthew parker
Barbara Castle;	"";	"";	the baroness castle of blackburn
Martin Bucer;	"";	"";	martin bucer
William Warham;	"";	"";	william warham
Robin Ray;	"";	"";	robin ray
Thomas Bourchier (cardinal);	"";	"";	thomas bourchier
River Fowey;	"";	"";	river fowey
InterNIC;	"";	"";	internic
Simon Sudbury;	"";	"";	simon sudbury
River Frome, Dorset;	"";	"";	river frome
Theobald of Bec;	"";	"";	theobald of bec
John Mills;	"";	"";	john mills
River Hamble;	"";	"";	river hamble
Wellman Braud;	"";	"";	wellman braud
River Hull;	"";	"";	river hull
Robert of Jumièges;	"";	"";	robert of jumièges
Hubert Walter;	"";	"";	hubert walter
Robert Kilwardby;	"";	"";	robert kilwardby
Robert Burnell;	"";	"";	robert burnell
Nether Poppleton Tithe Barn;	"";	"";	nether poppleton tithe barn
Robert Winchelsey;	"";	"";	robert winchelsey
Robert Powell;	"";	"";	robert powell
Prince Rupert of the Rhine;	"";	"";	prince rupert
Thomas Bradwardine;	"";	"";	thomas bradwardine
Calleva Atrebatum;	"";	"";	calleva atrebatum
Roger Walden;	"";	"";	roger walden
Galindian language;	"";	"";	galindan
John Potter (bishop);	"";	"";	john potter
John of Salisbury;	"";	"";	john of salisbury
Wilbur Sweatman;	"";	"";	wilbur sweatman
Walter Reynolds;	"";	"";	walter reynolds
Croxden Abbey;	"";	"";	croxden abbey
Świdnica;	"";	"";	świdnica
Jawor;	"";	"";	jawor
Nick LaRocca;	"";	"";	nick larocca
Susanoo-no-Mikoto;	"";	"";	susanoo-no-mikoto
Gussie Mueller;	"";	"";	gussie mueller
Emile Christian;	"";	"";	emile christian
Georgian language;	"";	"";	georgian
Mam Tor;	"";	"";	mam tor
Jimmie Noone;	"";	"";	jimmie noone
Edmund Bonner;	"";	"";	edmund bonner
Nat Friedman;	"";	"";	nat friedman
Bal-Sagoth;	"";	"";	bal-sagoth
Conisbrough Castle;	"";	"";	conisbrough castle
Municipalities of Liechtenstein;	"";	"";	municipalities of liechtenstein<br/>{{native name
Yakov Smirnoff;	"";	"";	yakov smirnoff
Naginata;	"";	"";	{{nihongo
Cecily Neville, Duchess of York;	"";	"";	cecily neville
Corteno Golgi;	"";	"";	corteno golgi
Orion (constellation);	"";	"";	orion
Murray Bookchin;	"";	"";	murray bookchin
Back pain;	"";	"";	back pain
Los Temerarios;	"";	"";	los temerarios
Henry III of Castile;	"";	"";	henry iii
Joe Frazier;	"";	"";	joe frazier
Hasselblad;	"";	"";	victor hasselblad ab
Jorge Porcel;	"";	"";	jorge porcel
Adobe Illustrator;	"";	"";	adobe illustrator
Chief information officer;	"";	"";	chief information officer
Cal Ripken Jr.;	"";	"";	cal ripken jr.
JVC;	"";	"";	victor company of japan, limited
Mackintosh;	"";	"";	mackintosh
Emirate of Ajman;	"";	"";	ajman
Hammond Innes;	"";	"";	hammond innes}}
Alison Bechdel;	"";	no;	alison bechdel
Duke of Edinburgh;	"";	"";	dukedom of edinburgh
Turner (surname);	"";	"";	turner
Richard Wilson (painter);	"";	"";	richard wilson
Franz Xaver Gruber;	"";	"";	franz xaver gruber
Battle of Lepanto;	"";	"";	order of st. john}}<br>{{flag
Brigitte Fontaine;	"";	"";	brigitte fontaine
Michael S. Hart;	"";	"";	michael s. hart
Richard Gere;	"";	"";	richard gere
Lancelot;	"";	"";	lancelot
Bistorta officinalis;	bistorta;	officinalis;	""
Frederick Griffith;	"";	"";	frederick griffith
Airliners.net;	"";	"";	airliners.net
Jennie Kidd Trout;	"";	"";	jennie kidd trout
University of Bath;	"";	"";	university of bath
Octave Mirbeau;	"";	"";	octave mirbeau
Low-voltage differential signaling;	"";	"";	lvds
Moshing;	"";	"";	moshing
Will Wright (game designer);	"";	"";	will wright
Moïse Kisling;	"";	"";	moïse kisling
Crispus Attucks;	"";	"";	crispus attucks
Seventeen Seconds;	"";	"";	seventeen seconds
File:Seventeen Seconds.jpg;	"";	"";	seventeen seconds
Cotton Hill;	"";	"";	cotton hill
Carlos Zárate Serna;	"";	"";	carlos zárate
Hank Hill;	"";	"";	hank hill
Dale Gribble;	"";	"";	dale gribble
Sejanus;	"";	"";	lucius aelius sejanus
Kathryn Grayson;	"";	"";	kathryn grayson
The Afghan Whigs;	"";	"";	the afghan whigs
AFI (band);	"";	"";	afi
Material Exchange Format;	"";	"";	material exchange format
Henry E. Rohlsen Airport;	"";	"";	henry e. rohlsen airport
Baldur von Schirach;	"";	"";	baldur von schirach
Adelsö;	"";	"";	adelsö
Ysbrechtum;	"";	"";	ijsbrechtum
Frank Gaffney;	"";	"";	frank gaffney
Timothy Dalton;	"";	"";	timothy dalton
Mi-Hyun Kim;	"";	"";	mi-hyun kim<br><small>김미현</small>
Kim Jong Il;	"";	"";	kim jong il
I'd Like to Teach the World to Sing (In Perfect Harmony);	"";	"";	i'd like to teach the world to sing (in perfect harmony)
Spivak pronoun;	"";	"";	joyoftex
Philipsburg, Centre County, Pennsylvania;	"";	"";	philipsburg, pennsylvania
Blue Swede;	"";	"";	blue swede
Aktion T4;	"";	"";	''aktion t4''
Edward R. Murrow;	"";	"";	edward r. murrow
Karen Black;	"";	"";	karen black
Edvard Kardelj;	"";	"";	edvard kardelj
Chester Castle;	"";	"";	chester castle
Calypso music;	"";	"";	calypso
United States v. Klein;	"";	"";	united states v. klein
Hubert Julian;	"";	"";	hubert fauntleroy julian
Harry Belafonte;	"";	"";	harry belafonte
Louis Farrakhan;	"";	"";	louis farrakhan
Wilmoth Houdini;	"";	"";	wilmoth houdini
Blankenberge;	"";	"";	blankenberge
Damme;	"";	"";	damme
Jabbeke;	"";	"";	jabbeke
Knokke-Heist;	"";	"";	knokke-heist
Oostkamp;	"";	"";	oostkamp
Torhout;	"";	"";	torhout
Zedelgem;	"";	"";	zedelgem
Zuienkerke;	"";	"";	zuienkerke
Countdown (game show);	"";	"";	guestpresent}}
APC-7 connector;	"";	"";	apc-7
Romy Schneider;	"";	"";	romy schneider
Pete Townshend;	"";	"";	pete townshend
Roger Daltrey;	"";	"";	roger daltrey
Leopold Bloom;	"";	"";	leopold bloom
Ringtail;	bassariscus;	astutus;	ringtail
Titian;	"";	"";	titian
Chalcedon;	"";	"";	chalcedon
Eddie Vedder;	"";	"";	eddie vedder
Carmarthenshire;	"";	"";	county of carmarthenshire
Ceredigion;	"";	"";	ceredigion
Ham (chimpanzee);	"";	[[common chimpanzee]];	ham
Yosemite Falls;	"";	"";	yosemite falls
Thomas Merton;	"";	no}};	thomas merton
Culture Club;	"";	no;	culture club
Charles W. Morris;	"";	"";	charles william morris
Milton H. Erickson;	"";	"";	milton h. erickson
Fritz Perls;	"";	"";	fritz perls
Virginia Satir;	"";	"";	virginia satir
Gregory Bateson;	"";	"";	gregory bateson
Anzegem;	"";	"";	anzegem
Avelgem;	"";	"";	avelgem
Deerlijk;	"";	"";	deerlijk
Harelbeke;	"";	"";	harelbeke
Kuurne;	"";	"";	kuurne
Lendelede;	"";	"";	lendelede
Menen;	"";	"";	menen
Spiere-Helkijn;	"";	"";	spiere-helkijn
Waregem;	"";	"";	waregem
Wevelgem;	"";	"";	wevelgem
Zwevegem;	"";	"";	zwevegem
Bonnie Canino;	"";	"";	bonnie canino
Diabetic coma;	"";	"";	diabetic coma
Georges Danton;	"";	"";	georges danton
Diksmuide;	"";	"";	diksmuide
Houthulst;	"";	"";	houthulst
Koekelare;	"";	"";	koekelare
Kortemark;	"";	"";	kortemark
Lo-Reninge;	"";	"";	lo-reninge
Bredene;	"";	"";	bredene
Gistel;	"";	"";	gistel
Ichtegem;	"";	"";	ichtegem
Middelkerke;	"";	"";	middelkerke
Ostend;	"";	"";	ostend
Oudenburg;	"";	"";	oudenburg
Index Librorum Prohibitorum;	"";	"";	the roman index of forbidden books: briefly explained for catholic booklovers and students}} (history and commentary of the index from 1909)
Hooglede;	"";	"";	hooglede
Ingelmunster;	"";	"";	ingelmunster
Izegem;	"";	"";	izegem
Ledegem;	"";	"";	ledegem
Lichtervelde;	"";	"";	lichtervelde
Moorslede;	"";	"";	moorslede
Roeselare;	"";	"";	roeselare
Staden;	"";	"";	staden
Al Jaffee;	"";	no;	""
Ardooie;	"";	"";	ardooie
Dentergem;	"";	"";	dentergem
Meulebeke;	"";	"";	meulebeke
Oostrozebeke;	"";	"";	oostrozebeke
Pittem;	"";	"";	pittem
Ruiselede;	"";	"";	ruiselede
Tielt;	"";	"";	tielt
Wielsbeke;	"";	"";	wielsbeke
Wingene;	"";	"";	wingene
Contemporary Christian music;	"";	"";	contemporary christian music
Alveringem;	"";	"";	alveringem
De Panne;	"";	"";	de panne
Koksijde;	"";	"";	koksijde
Nieuwpoort, Belgium;	"";	"";	nieuwpoort
Veurne;	"";	"";	veurne
Béthune;	"";	"";	béthune
White Aryan Resistance (Sweden);	"";	"";	white aryan resistance<br>vitt ariskt motstånd
Heuvelland;	"";	"";	heuvelland
Langemark-Poelkapelle;	"";	"";	langemark-poelkapelle
Mesen;	"";	"";	mesen
Poperinge;	"";	"";	poperinge
Vleteren;	"";	"";	vleteren
Wervik;	"";	"";	wervik
Ypres;	"";	"";	ypres
Zonnebeke;	"";	"";	zonnebeke
Mireille Mathieu;	"";	"";	mireille mathieu
Björn Skifs;	"";	"";	björn skifs
Wythenshawe Hall;	"";	"";	wythenshawe hall
Wolfenbüttel (district);	"";	"";	wolfenbüttel
Mark Twain;	"";	"";	mark twain
Wolfenbüttel;	"";	"";	wolfenbüttel
The Cranberries;	"";	no;	the cranberries
Long Island Motor Parkway;	"";	"";	long island motor parkway
Blue (1993 film);	"";	"";	blue
Dave Walker;	"";	"";	dave walker
Jephthah;	"";	"";	jephthah
Tōgō Heihachirō;	"";	"";	tōgō heihachirō
The Real Slim Shady;	"";	"";	the real slim shady
University of Central Florida;	"";	"";	university of central florida
The Farther Adventures of Robinson Crusoe;	"";	"";	the farther adventures of robinson crusoe
William Wake;	"";	"";	william wake
Athelm;	"";	"";	athelm
Charles Longley;	"";	"";	charles longley
Quetzaltenango;	"";	"";	quetzaltenango
Nickelodeon;	"";	"";	nickelodeon
Cobán;	"";	"";	}}
John Williams;	"";	no;	""
John Williams (guitarist);	"";	"";	john williams
Marks & Spencer;	"";	"";	marks & spencer plc
Antioch University;	"";	"";	antioch university
Xalapa;	"";	"";	xalapa
Billy Backus;	"";	"";	billy backus
Olympia (Paris);	"";	"";	olympia
Dominic;	"";	"";	dominic
Gurney Halleck;	"";	"";	gurney halleck
Peace thru Vandalism;	"";	"";	peace thru vandalism
When in Rome Do as The Vandals;	"";	"";	when in rome do as the vandals
Glenveagh;	"";	"";	glenveagh national park
Slippery When Ill;	"";	"";	slippery when ill
Fear of a Punk Planet;	"";	"";	fear of a punk planet
Three Colours: Blue;	"";	"";	three colours: blue
Oi to the World!;	"";	"";	oi to the world!
Live Fast, Diarrhea;	"";	"";	live fast, diarrhea
Sweatin' to the Oldies: The Vandals Live;	"";	"";	sweatin' to the oldies: the vandals live
The Quickening (The Vandals album);	"";	"";	the quickening
Jesus music;	"";	"";	jesus music
Henry John Temple, 3rd Viscount Palmerston;	"";	"";	the viscount palmerston
Dinas Emrys;	"";	"";	dinas emrys
Symphonie fantastique;	"";	"";	''symphonie fantastique''
Pauline Viardot;	"";	"";	pauline viardot
When My Baby Smiles at Me (song);	"";	"";	when my baby smiles at me
Boy Scouts of America v. Dale;	"";	"";	boy scouts of america v. dale
Milton Bradley Company;	"";	"";	milton bradley company
Clifton Webb;	"";	"";	clifton webb
Sitting Pretty (1948 film);	"";	"";	sitting pretty
Broderick Crawford;	"";	"";	broderick crawford
Champion (2002 film);	"";	"";	champion
Richard Todd;	"";	"";	richard todd
Bread (band);	"";	"";	bread
The Hasty Heart;	"";	"";	the hasty heart
Marc Dutroux;	"";	"";	marc dutroux
Diana Ross;	"";	"";	diana ross
Will Smith;	"";	"";	will smith
Sands of Iwo Jima;	"";	"";	sands of iwo jima
Pete Maravich;	"";	"";	pete maravich
Michael W. Smith;	"";	"";	michael w. smith
Pentlandite;	"";	"";	pentlandite
Hydrogen sulfide;	"";	"";	""
Dubai International Airport;	"";	"";	dubai international airport
Ilmenite;	"";	"";	ilmenite
Baddeleyite;	"";	"";	baddeleyite
Zirconium dioxide;	"";	"";	zirconium dioxide
Sadi Carnot (statesman);	"";	"";	sadi carnot
Comte de Lautréamont;	"";	"";	comte de lautréamont
Sante Geronimo Caserio;	"";	"";	sante geronimo caserio
Paul Doumer;	"";	"";	paul doumer
Lyme Park;	"";	"";	lyme park
Quo Vadis (1951 film);	"";	"";	quo vadis
Consort Qi (Han dynasty);	"";	"";	consort qi
Conversational Monitor System;	"";	"";	conversational monitor system (cms)
Helmstedt (district);	"";	"";	helmstedt
McDonnell Douglas;	"";	"";	mcdonnell douglas corporation
Return to the Forbidden Planet;	"";	"";	return to the forbidden planet
Holzminden (district);	"";	"";	holzminden
Committee for Skeptical Inquiry;	"";	"";	committee for skeptical inquiry
Abbott's Hike;	"";	"";	abbot's hike
Podkamennaya Tunguska;	"";	"";	podkamennaya tunguska
Emmitt Smith;	"";	"";	emmitt smith
PeopleSoft;	"";	"";	peoplesoft
Aalst, Belgium;	"";	"";	aalst
Denderleeuw;	"";	"";	denderleeuw
Senegal bushbaby;	galago;	senegalensis;	senegal bushbaby<ref name=msw3>{{msw3 groves
Erpe-Mere;	"";	"";	erpe-mere
Geraardsbergen;	"";	"";	geraardsbergen
Haaltert;	"";	"";	haaltert
Herzele;	"";	"";	herzele
Lede, Belgium;	"";	"";	lede
Ninove;	"";	"";	ninove
Sint-Lievens-Houtem;	"";	"";	sint-lievens-houtem
Zottegem;	"";	"";	zottegem
Regency era;	"";	"";	regency era
Mongolian language;	"";	"";	mongolian
Berlare;	"";	"";	berlare
Buggenhout;	"";	"";	buggenhout
Dendermonde;	"";	"";	dendermonde
Hamme;	"";	"";	hamme
Laarne;	"";	"";	laarne
Lebbeke;	"";	"";	lebbeke
Waasmunster;	"";	"";	waasmunster
Wetteren;	"";	"";	wetteren
Wichelen;	"";	"";	wichelen
Mink;	"";	"";	mink
Zele;	"";	"";	zele
Assenede;	"";	"";	assenede
Eeklo;	"";	"";	eeklo
Kaprijke;	"";	"";	kaprijke
Maldegem;	"";	"";	maldegem
Sint-Laureins;	"";	"";	sint-laureins
Zelzate;	"";	"";	zelzate
Richard Murdoch;	"";	"";	richard murdoch
Alfred de Vigny;	"";	"";	alfred victor, comte de vigny
Alfred Deakin;	"";	"";	alfred deakin
Ocean's 11;	"";	"";	ocean's 11
New Zealand national rugby union team;	"";	"";	new zealand
Nikolaus Harnoncourt;	"";	"";	nikolaus harnoncourt
Shy FX;	"";	"";	shy fx
Ripon College (Wisconsin);	"";	"";	ripon college
Rocky Marciano;	"";	"";	rocky marciano
Rainier III, Prince of Monaco;	"";	"";	rainier iii
Walden Two;	"";	"";	walden two
Anouk Aimée;	"";	"";	anouk aimée
Manos Hatzidakis;	"";	"";	manos hatzidakis
Georgios Papanikolaou;	"";	"";	georgios papanikolaou
Aristotle Onassis;	"";	"";	aristotle onassis
Mikis Theodorakis;	"";	"";	""
Odysseas Elytis;	"";	"";	odysseas elytis
Giorgos Seferis;	"";	"";	giorgos seferis
Christy Carlson Romano;	"";	no;	christy carlson romano
Remote viewing;	"";	"";	"\"eval of rv\"}}<ref name=\"time\" />"
Gawsworth Old Hall;	"";	"";	gawsworth old hall
Ordsall Hall;	"";	"";	ordsall hall
Dehydration;	"";	"";	dehydration
Aalter;	"";	"";	aalter
Deinze;	"";	"";	deinze
De Pinte;	"";	"";	de pinte
Destelbergen;	"";	"";	destelbergen
Evergem;	"";	"";	evergem
Gavere;	"";	"";	gavere
Knesselare;	"";	"";	knesselare
Lochristi;	"";	"";	lochristi
Melle, Belgium;	"";	"";	melle
Merelbeke;	"";	"";	merelbeke
Moerbeke;	"";	"";	moerbeke
Nazareth, Belgium;	"";	"";	nazareth
Oosterzele;	"";	"";	oosterzele
Sint-Martens-Latem;	"";	"";	sint-martens-latem
Wachtebeke;	"";	"";	wachtebeke
Zulte;	"";	"";	zulte
Arthur Rimbaud;	"";	"";	arthur rimbaud
Cocos Island;	"";	"";	cocos island national park
Robert Simpson (merchant);	"";	"";	robert simpson
Albert Ayler;	"";	"";	albert ayler
Pubic hair;	"";	"";	pubic hair
Münster;	"";	"";	münster
Russenorsk;	"";	"";	russenorsk
Bruxism;	"";	"";	bruxism
Strike action;	"";	no;	""
Ne Win;	"";	"";	ne win
Brakel, Belgium;	"";	"";	brakel
Horebeke;	"";	"";	horebeke
Kluisbergen;	"";	"";	kluisbergen
Lierde;	"";	"";	lierde
Maarkedal;	"";	"";	maarkedal
Oudenaarde;	"";	"";	oudenaarde
Ronse;	"";	"";	ronse
Wortegem-Petegem;	"";	"";	wortegem-petegem
Zwalm;	"";	"";	zwalm
Arthur Bliss;	"";	"";	sir arthur bliss biography and credits}}
Shaving;	"";	no;	""
Hans Blix;	"";	"";	hans blix
Beveren;	"";	"";	beveren
Kruibeke;	"";	"";	kruibeke
Lokeren;	"";	"";	lokeren
Sint-Gillis-Waas;	"";	"";	sint-gillis-waas
Sint-Niklaas;	"";	"";	sint-niklaas
Stekene;	"";	"";	stekene
Temse;	"";	"";	temse
Shrew;	"";	"";	"shrews<ref name=\"msw3\">{{msw3 hutterer"
Brunel University London;	"";	"";	brunel university london
Pudendal nerve;	"";	"";	pudendal nerve
St. Peters, Missouri;	"";	"";	st. peters, missouri
Roone Arledge;	"";	"";	roone arledge
Knutsford;	"";	"";	knutsford
Prong (band);	"";	"";	prong
The Peel Sessions (Prong EP);	"";	"";	the peel sessions
Beg to Differ;	"";	"";	beg to differ
Force Fed;	"";	"";	force fed
Primitive Origins;	"";	"";	primitive origins
Prove You Wrong;	"";	"";	prove you wrong
Paul Smith (fashion designer);	"";	"";	paul smith
Whose Fist Is This Anyway?;	"";	"";	whose fist is this anyway?
Cleansing (album);	"";	"";	cleansing
100% Live;	"";	"";	100% live
Paul Verlaine;	"";	"";	paul verlaine
Krzysztof Kieślowski;	"";	"";	krzysztof kieślowski
Three Colours: White;	"";	"";	three colours: white
Zbigniew Preisner;	"";	"";	zbigniew preisner
John Betjeman;	"";	"";	john betjeman
Liam Cosgrave;	"";	"";	liam cosgrave
Heavy Metal (film);	"";	"";	heavy metal
Derek Jarman;	"";	"";	derek jarman
Leinster House;	"";	"";	leinster house
War and Peace;	"";	"";	war and peace
Sam Walton;	"";	"";	samuel moore walton
Hymn to Liberty;	"";	"";	και
Second Dáil;	"";	"";	second dáil
Chris Watson;	"";	"";	chris watson
Emanuel Bronner;	"";	"";	emanuel bronner
John Curtin;	"";	"";	john curtin
Nachmanides;	"";	"";	nachmanides<br><small>moses ben nahman</small>
Emile Griffith;	"";	"";	emile griffith
Frank Forde;	"";	"";	frank forde
Blue (2002 film);	"";	"";	blue
Pyrros Dimas;	"";	"";	pyrros dimas
Mircea Eliade;	"";	"";	mircea eliade
Kleene's recursion theorem;	"";	"";	rogers's fixed-point theorem
Akhmed Zakayev;	"";	"";	akhmed zakayev
Glyn Johns;	"";	"";	glyn johns
Andrea Zanzotto;	"";	"";	andrea zanzotto
Hey Jude;	"";	"";	hey jude
Maurice Duruflé;	"";	"";	maurice duruflé
Marcel Moyse;	"";	"";	marcel moyse
Louis Vierne;	"";	"";	louis vierne
Paul Paray;	"";	"";	wmu
Jacobo Morales;	"";	"";	jacobo morales
Carlos Colón;	"";	"";	carlos colón
Bauerfield International Airport;	"";	"";	bauerfield international airport
Waylander (band);	"";	"";	waylander
On the Beach (novel);	"";	"";	on the beach
Van Gogh Museum;	"";	"";	van gogh museum
Liaoning;	"";	"";	liaoning
John Bird Sumner;	"";	"";	john bird sumner<ref>[http://www.churchtimes.co.uk/content.asp?id=81553 church times — education: academy awards]</ref>
Nuenen;	"";	"";	nuenen
House of Representatives (Netherlands);	"";	"";	house of representatives
Shaanxi;	"";	"";	shaanxi
Archibald Campbell Tait;	"";	"";	archibald campbell tait
Ken Norton;	"";	"";	ken norton
Prokop Diviš;	"";	"";	dom prokop diviš, o.praem.
Seattle Symphony;	"";	"";	seattle symphony
Västergötland;	"";	"";	västergötland
Detroit Symphony Orchestra;	"";	"";	detroit symphony orchestra (dso)
Sandia National Laboratories;	"";	"";	sandia national laboratories
Billy Bragg;	"";	"";	billy bragg
Barings Bank;	"";	"";	barings bank
Groff Conklin;	"";	"";	groff conklin}}
Sandford Fleming;	"";	"";	sir sandford fleming
La Fortune des Rougon;	"";	"";	{{lang
Son Excellence Eugène Rougon;	"";	"";	{{lang
La Curée;	"";	"";	{{lang
L'Argent;	"";	"";	{{lang
The Master (Doctor Who);	"";	[[time lord]];	the master
Royal Canadian Institute;	"";	"";	{{nowrap
La Conquête de Plassans;	"";	"";	{{lang
Ma Ying-jeou;	"";	"";	ma ying-jeou
Barry McGuigan;	"";	"";	barry mcguigan mbe
Christopher Isherwood;	"";	"";	christopher isherwood
Brugada syndrome;	"";	"";	brugada syndrome
Tanita Tikaram;	"";	"";	tanita tikaram
MxPx;	"";	"";	mxpx
University of York;	"";	"";	university of york
The Crying of Lot 49;	"";	"";	the crying of lot 49
Life in General (album);	"";	"";	life in general
Raymond Pettibon;	"";	"";	raymond pettibon
Minor Threat (album);	"";	"";	minor threat
Out of Step (album);	"";	"";	out of step
Dischord Records;	"";	"";	dischord records
Horatio Hornblower;	"";	"";	horatio hornblower
Christie's;	"";	"";	christie's
Frances Brooke;	"";	"";	frances brooke
Ralph Chaplin;	"";	"";	ralph hosea chaplin
Royal Liverpool Philharmonic;	"";	"";	royal liverpool philharmonic
Max Bruch;	"";	"";	max bruch
Billy Mayerl;	"";	"";	billy mayerl
Tiffany Darwish;	"";	"";	tiffany darwish
Ken Burns;	"";	"";	ken burns
Debbie Gibson;	"";	"";	debbie gibson
Sodium bicarbonate;	"";	"";	""
Sodium carbonate;	"";	"";	sodium carbonate
Thutmose III;	"";	"";	thutmose iii
Truman Capote;	"";	"";	truman capote
Arthur Fadden;	"";	"";	arthur fadden
ATPase;	"";	"";	adenosinetriphosphatase
The Amazing 3;	"";	"";	the amazing 3
Staatskapelle Dresden;	"";	"";	staatskapelle dresden
Jack of Shadows;	"";	"";	jack of shadows
Heinrich Schütz;	"";	"";	heinrich schütz
Antiphonitis;	"";	"";	antiphonitis
Jean-Louis Trintignant;	"";	"";	jean-louis trintignant
Charles Manners-Sutton;	"";	"";	charles manners-sutton
A Goofy Movie;	"";	"";	a goofy movie
Colchester County;	"";	"";	colchester county
Cumberland County, Nova Scotia;	"";	"";	cumberland county
An Extremely Goofy Movie;	"";	"";	an extremely goofy movie
John Tillotson;	"";	"";	john tillotson
Kings County, Nova Scotia;	"";	"";	euro}}
Pictou County;	"";	"";	}}
Frederick Reines;	"";	"";	frederick reines
William Sancroft;	"";	"";	william sancroft
Yarmouth County;	"";	"";	yarmouth}}</ref>
William Whittlesey;	"";	"";	william whittlesey
Simon Langham;	"";	"";	simon langham
Chip 'n' Dale;	"";	[[chipmunk]]s;	""
William de Corbeil;	"";	"";	william de corbeil
Irène Jacob;	"";	"";	irène jacob
Sievert;	"";	"";	sievert
Kaspar Villiger;	"";	"";	kaspar villiger
Curie (unit);	"";	"";	curie
Moritz Leuenberger;	"";	"";	moritz leuenberger
Adolf Ogi;	"";	"";	adolf ogi
Becquerel;	"";	"";	becquerel
Ruth Dreifuss;	"";	"";	ruth dreifuss
Flavio Cotti;	"";	"";	flavio cotti
Arnold Koller;	"";	"";	arnold koller
Otto Stich;	"";	"";	""
René Felber;	"";	"";	rené felber
Alphons Egli;	"";	"";	alphons egli
Kurt Furgler;	"";	"";	kurt furgler
John de Gray;	"";	"";	john de gray
Rudolf Gnägi;	"";	"";	rudolf gnägi
John Kemp;	"";	"";	john kemp
Nello Celio;	"";	"";	nello celio
Lux;	"";	"";	lux
Giuseppe Motta;	"";	"";	giuseppe motta
Charles James Blomfield;	"";	"";	charles james blomfield
Powązki Cemetery;	"";	"";	powązki cemetery
Jonas Furrer;	"";	"";	jonas furrer
State Emblem of India;	"";	"";	state emblem of india
Gennadius Scholarius;	"";	"";	gennadius scholarius
Gemistos Plethon;	"";	"";	gemistos plethon
Bessarion;	"";	"";	bessarion
Rue de Rivoli;	"";	"";	rue de rivoli
Karl Schenk;	"";	"";	karl schenk
Ernst Jünger;	"";	"";	ernst jünger
Time After Time (1979 film);	"";	"";	time after time
L7 (band);	"";	"";	l7
GroenLinks;	"";	"";	greenleft
Roy Eldridge;	"";	"";	roy eldridge
Max Roach;	"";	"";	max roach
Bud Powell;	"";	"";	bud powell
Cab Calloway;	"";	"";	cab calloway
Charlie Christian;	"";	"";	charlie christian
Animals (Pink Floyd album);	"";	"";	animals
Henry Wilcoxon;	"";	"";	henry wilcoxon
Bill Evans;	"";	"";	bill evans
Pierre Laporte;	"";	"";	pierre laporte
Julie Delpy;	"";	"";	julie delpy}}
John Singleton;	"";	"";	john singleton
Birger Nordholm;	"";	"";	birger nordholm
Boyz n the Hood;	"";	"";	boyz n the hood
3 Doors Down;	"";	"";	3 doors down
Jacques Necker;	"";	"";	jacques necker
Laurence Fishburne;	"";	"";	laurence fishburne
Ettore Majorana;	"";	"";	ettore majorana
Anne Robert Jacques Turgot;	"";	"";	anne robert jacques turgot
Guillaume-Chrétien de Lamoignon de Malesherbes;	"";	"";	guillaume-chrétien de lamoignon de malesherbes
Malesherbes, Loiret;	"";	"";	malesherbes
French East India Company;	"";	"";	french east india company
Aartselaar;	"";	"";	aartselaar
Gilbert du Motier, Marquis de Lafayette;	"";	"";	gilbert du motier
Boechout;	"";	"";	boechout
Borsbeek;	"";	"";	borsbeek
Brasschaat;	"";	"";	brasschaat
Brecht, Belgium;	"";	"";	brecht
Edegem;	"";	"";	edegem
Hemiksem;	"";	"";	hemiksem
Hove, Belgium;	"";	"";	hove
Kalmthout;	"";	"";	kalmthout
Kapellen, Belgium;	"";	"";	kapellen
Kontich;	"";	"";	kontich
Barney Ross;	"";	"";	barney ross
Pau Gasol;	"";	"";	pau gasol sáez}}
Kalaburagi;	"";	"";	kalaburagi
Alan Partridge;	"";	"";	alan partridge
S-Video;	"";	"";	s-video
Lalaine;	"";	"";	lalaine
Buyant-Ukhaa International Airport;	"";	"";	buyant-ukhaa international airport
Sexual fetishism;	"";	"";	sexual fetishism
Enrico Celio;	"";	"";	enrico celio
Eduard Müller (Swiss politician);	"";	"";	eduard müller
Bernhard Hammer;	"";	"";	bernhard hammer
Steve Waugh;	"";	"";	steve waugh
Dwayne Johnson;	"";	no;	dwayne johnson
Malle;	"";	"";	malle
Mortsel;	"";	"";	mortsel
Niel, Belgium;	"";	"";	niel
Ranst;	"";	"";	ranst
Rumst;	"";	"";	rumst
Schelle;	"";	"";	schelle
Schilde;	"";	"";	schilde
Schoten;	"";	"";	schoten
Stabroek;	"";	"";	stabroek
Wijnegem;	"";	"";	wijnegem
Wommelgem;	"";	"";	wommelgem
Wuustwezel;	"";	"";	wuustwezel
Zandhoven;	"";	"";	zandhoven
Zoersel;	"";	"";	zoersel
Zwijndrecht, Belgium;	"";	"";	zwijndrecht
John Pym;	"";	"";	john pym
Berlaar;	"";	"";	berlaar
Bonheiden;	"";	"";	bonheiden
Bornem;	"";	"";	bornem
Duffel;	"";	"";	duffel
Finder (software);	"";	"";	finder
Heist-op-den-Berg;	"";	"";	heist-op-den-berg
Mechelen;	"";	"";	mechelen
Nijlen;	"";	"";	nijlen
Putte;	"";	"";	putte
Sint-Katelijne-Waver;	"";	"";	sint-katelijne-waver
Willebroek;	"";	"";	willebroek
Zhang Yimou;	"";	"";	zhang yimou
Whose Body?;	"";	"";	whose body?
Clouds of Witness;	"";	"";	clouds of witness
Unnatural Death (novel);	"";	"";	unnatural death
The Unpleasantness at the Bellona Club;	"";	"";	the unpleasantness at the bellona club
Strong Poison;	"";	"";	strong poison
MSX;	"";	"";	msx
The Five Red Herrings;	"";	"";	the five red herrings
Have His Carcase;	"";	"";	have his carcase
The Nine Tailors;	"";	"";	the nine tailors
Busman's Honeymoon;	"";	"";	busman's honeymoon
Thrones, Dominations;	"";	"";	thrones, dominations
Black Francis;	"";	no}};	black francis
Henry Royce;	"";	"";	henry royce
Ian Carmichael;	"";	"";	ian carmichael
Roy J. Plunkett;	"";	"";	roy joseph plunkett
Emil Welti;	"";	"";	emil welti
Los Angeles Philharmonic;	"";	"";	los angeles philharmonic
Philadelphia Orchestra;	"";	"";	philadelphia orchestra
Long Island iced tea;	"";	"";	long island iced tea
Table Bay;	"";	"";	table bay
Tikal;	"";	"";	tikal
Toronto Symphony Orchestra;	"";	"";	toronto symphony orchestra
Jon Lech Johansen;	"";	"";	jon lech johansen
London Philharmonic Orchestra;	"";	"";	london philharmonic orchestra
Hadda Brooks;	"";	"";	hadda brooks
Light in August;	"";	"";	light in august
Alternative Tentacles;	"";	"";	alternative tentacles
Rupert Giles;	"";	"";	rupert giles
Isaac Deutscher;	"";	"";	isaac deutscher
Thomas Gold;	"";	"";	thomas gold
Amstrad PCW;	"";	"";	pcw 8256 and 8512
File:Between the Wars cover art.jpg;	"";	"";	between the wars
Sonia Johnson;	"";	"";	sonia johnson
Philip Berrigan;	"";	"";	philip berrigan
Federation;	"";	"";	commonwealth of australia}}
Zdravljica;	"";	"";	zdravljica
Harriet Vane;	"";	"";	harriet deborah vane
Ira Einhorn;	"";	"";	ira einhorn
Vinnie Moore;	"";	"";	vinnie moore
Ellen Taaffe Zwilich;	"";	"";	ellen taaffe zwilich
F. F. E. Yeo-Thomas;	"";	"";	tommy yeo-thomas
Arthur Brown (musician);	"";	"";	arthur brown
Augustus Pablo;	"";	"";	augustus pablo
Philippe Starck;	"";	"";	philippe starck
Bobby Chacon;	"";	"";	bobby chacon
Jean-Marie Musy;	"";	"";	jean-marie musy
Robert Haab;	"";	"";	robert haab
Marcel Pilet-Golaz;	"";	"";	marcel pilet-golaz
Araucaria araucana;	araucaria;	araucana;	""
South African Communist Party;	"";	"";	south african communist party
Tahj Mowry;	"";	"";	tahj mowry
Andrei Alexandrescu;	"";	"";	andrei alexandrescu
Jean-Pierre Boyer;	"";	"";	jean-pierre boyer
Volkswagen Schwimmwagen;	"";	"";	volkswagen type 166 ''schwimmwagen''
Geography of Ireland;	"";	"";	ireland
Harry Potter and the Order of the Phoenix;	"";	"";	harry potter and the order of the phoenix
Trinity College, Toronto;	"";	"";	trinity college
SR.N4;	"";	"";	sr.n4 ''mountbatten'' class
Alfred Moisiu;	"";	"";	alfred moisiu
Korçë;	"";	"";	korçë
Fanny Ardant;	"";	"";	fanny ardant
Geraldo Rivera;	"";	"";	geraldo rivera
University of Liverpool;	"";	"";	university of liverpool
Udon;	"";	"";	udon
Super Furry Animals;	"";	"";	super furry animals
Dafydd Ieuan;	"";	"";	dafydd ieuan
Cian Ciaran;	"";	"";	cian ciarán
Stepin Fetchit;	"";	"";	stepin fetchit
Gruff Rhys;	"";	"";	gruff rhys
Guto Pryce;	"";	"";	guto pryce
Huw Bunford;	"";	"";	huw bunford
Baby Boy (film);	"";	"";	baby boy
Xunantunich;	"";	"";	xunantunich
Ebenezer Scrooge;	"";	"";	ebenezer scrooge
Death Eater;	"";	"";	death eater
Alexander Lukashenko;	"";	no}};	alexander lukashenko
Puppetry;	"";	"";	puppetry
Louis Calhern;	"";	"";	louis calhern
The Magnificent Yankee (1950 film);	"";	"";	the magnificent yankee
Megatron;	"";	"";	megatron
Brandenburg Gate;	"";	"";	brandenburg gate
Arthur Kennedy;	"";	"";	arthur kennedy
Nefertari;	"";	"";	nefertari
Bright Victory;	"";	"";	bright victory
Frederick H. Buttel;	"";	"";	frederick h. buttel
Crawley;	"";	"";	crawley
Death of a Salesman;	"";	"";	death of a salesman
Viva Zapata!;	"";	"";	viva zapata!
The Bad and the Beautiful;	"";	"";	the bad and the beautiful
The Lavender Hill Mob;	"";	"";	the lavender hill mob
Glossophobia;	"";	"";	""
Alexandre Dumas fils;	"";	"";	alexandre dumas {{lang
Stalag 17;	"";	"";	stalag 17
Die Another Day;	"";	"";	die another day
Wiktionary;	"";	"";	wiktionary
Council Tax;	"";	"";	ratio
Uppsala Astronomical Observatory;	"";	"";	uppsala astronomical observatory
Ehlers–Danlos syndromes;	"";	"";	ehlers–danlos syndromes
Philip Sidney;	"";	"";	sir philip sidney
King's X;	"";	"";	king's x
Don Pardo;	"";	"";	don pardo
Lipnice;	"";	"";	lipnice
Steely Dan;	"";	no}};	steely dan
Urusei Yatsura;	"";	"";	urusei yatsura
Distributed Proofreaders;	"";	"";	distributed proofreaders
Warp (record label);	"";	"";	warp records
Open Content Project;	"";	"";	creative commons
Squarepusher;	"";	"";	squarepusher
National Film Board of Canada;	"";	"";	national film board of canada <br/> ''office national du film du canada''
Open Publication License;	"";	"";	open publication license
Hinny;	equus;	"";	hinny
Pretty Woman;	"";	"";	pretty woman
Murder of Samantha Runnion;	"";	"";	samantha runnion
Yogurt;	"";	"";	yogurt
Planescape: Torment;	"";	"";	''planescape: torment''}}
Élie Metchnikoff;	"";	"";	ilya mechnikov}}
Belinda Peregrín;	"";	"";	belinda peregrín
Nüshu;	"";	"";	nüshu
Queen Beatrix International Airport;	"";	"";	queen beatrix <br />international airport
Star Trek: Nemesis;	"";	"";	star trek: nemesis
Hypochondriasis;	"";	"";	hypochondriasis
Saint Basil's Cathedral;	"";	"";	{{lang
Henry Lawson;	"";	"";	henry lawson
Fonzie;	"";	"";	fonzie
Tata Group;	"";	"";	tata group
Arendonk;	"";	"";	arendonk
Baarle-Hertog;	"";	"";	baarle-hertog
Balen;	"";	"";	balen
Beerse;	"";	"";	beerse
Dessel;	"";	"";	dessel
Geel;	"";	"";	geel
Grobbendonk;	"";	"";	grobbendonk
Herentals;	"";	"";	herentals
Herenthout;	"";	"";	herenthout
Herselt;	"";	"";	herselt
Hoogstraten;	"";	"";	hoogstraten
Hulshout;	"";	"";	hulshout
Kasterlee;	"";	"";	kasterlee
Laakdal;	"";	"";	laakdal
Lille, Belgium;	"";	"";	lille
Meerhout;	"";	"";	meerhout
Merksplas;	"";	"";	merksplas
Olen, Belgium;	"";	"";	olen
Oud-Turnhout;	"";	"";	oud-turnhout
Ravels;	"";	"";	ravels
Retie;	"";	"";	retie
Rijkevorsel;	"";	"";	rijkevorsel
Turnhout;	"";	"";	turnhout
Vorselaar;	"";	"";	vorselaar
Vosselaar;	"";	"";	vosselaar
Westerlo;	"";	"";	westerlo
Northeim (district);	"";	"";	northeim
Göttingen (district);	"";	"";	göttingen
Joseph Kasa-Vubu;	"";	"";	joseph kasa-vubu
Santa María-class frigate;	"";	"";	''santa maría'' class
Nandi (mother of Shaka);	"";	"";	nandi bhebhe
Radama I;	"";	"";	radama i
Ranavalona I;	"";	"";	ranavalona i
Sara Forbes Bonetta;	"";	"";	sara forbes bonetta
Oaxaca;	"";	"";	oaxaca
Yaa Asantewaa;	"";	"";	yaa asantewaa i
Mary Hansen;	"";	"";	mary hansen
Montreal Symphony Orchestra;	"";	"";	montreal symphony orchestra
Richard Barham;	"";	"";	richard harris barham
Edmund Henry Barker;	"";	"";	barker, edmund henry}}</ref>
Salisbury University;	"";	"";	salisbury university
Joel Barlow;	"";	"";	joel barlow
Peter Barlow (mathematician);	"";	"";	peter barlow
George Grey Barnard;	"";	"";	george grey barnard
Lady Anne Barnard;	"";	"";	lady anne barnard
Butanone;	"";	"";	butanone
Ferdinand I of Naples;	"";	"";	ferdinand i
Ferdinand II of Naples;	"";	"";	ferdinand ii
Frederick A. P. Barnard;	"";	"";	frederick a. p. barnard
Mount Washington;	"";	"";	mount washington
Henry Barnard;	"";	"";	henry barnard
Otranto;	"";	"";	otranto
Mid Sussex District;	"";	"";	}}
George of Trebizond;	"";	"";	george of trebizond
Bachelor of Arts;	"";	"";	bachelor of arts
John Wilkins;	"";	"";	john wilkins
Circus;	"";	"";	circus
Locked-in syndrome;	"";	"";	locked-in syndrome
Ville Valo;	"";	"";	ville valo
Caspar Weinberger;	"";	"";	caspar weinberger
VxWorks;	"";	"";	vxworks
Battle of Eylau;	"";	"";	french empire}}
Mieczysław Karłowicz;	"";	"";	mieczysław karłowicz
Battle of Ligny;	"";	"";	"\"pirch\""
UC Davis School of Law;	"";	"";	university of california, davis<br/>school of law
Murder, Inc.;	"";	"";	murder, inc.
Anagni;	"";	"";	anagni
Marcel Cerdan;	"";	"";	marcel cerdan
William Hyde Wollaston;	"";	"";	william hyde wollaston
Charlton Comics;	"";	"";	charlton comics
Time Bandits;	"";	"";	time bandits
Last Year at Marienbad;	"";	"";	last year at marienbad
Swithun;	"";	"";	swithun
Lou Brock;	"";	"";	lou brock
Van der Waerden's theorem;	"";	"";	lemma 1
Oresteia;	"";	"";	oresteia
Masters Tournament;	"";	"";	masters tournament
Consciousness Explained;	"";	"";	consciousness explained
Rudolph the Red-Nosed Reindeer;	"";	[[reindeer]];	rudolph the red-nosed reindeer
1974 FIFA World Cup;	"";	"";	draw
1990 FIFA World Cup;	"";	"";	san siro}}}}
2006 FIFA World Cup;	"";	"";	olympiastadion (berlin)}}}}
Harz;	"";	"";	harz
Star Trek: Insurrection;	"";	"";	star trek: insurrection
Edwin McMillan;	"";	"";	edwin mcmillan
Elmer Rees;	"";	"";	elmer gethin rees
Exim;	"";	"";	exim
Adair v. United States;	"";	"";	adair v. united states
Alexandre Dumas;	"";	"";	alexandre dumas
Isaiah Berlin;	"";	"";	isaiah berlin
Churchill College, Cambridge;	"";	"";	churchill college
ARC Document Solutions;	"";	"";	arc document solutions
Tamworth, Staffordshire;	"";	"";	tamworth
Nottingham Forest F.C.;	"";	"";	[[matt turner (soccer)
Brian Clough;	"";	"";	brian clough<br />[[order of the british empire
Nerf Herder;	"";	"";	nerf herder
Svitava (river);	"";	"";	svitava
Svratka (river);	"";	"";	svratka
Suicidal Tendencies;	"";	"";	suicidal tendencies
How Will I Laugh Tomorrow When I Can't Even Smile Today;	"";	"";	how will i laugh tomorrow when i can't even smile today
Heart of Atlanta Motel, Inc. v. United States;	"";	"";	heart of atlanta motel, inc. v. united states.
The Rocky Horror Show;	"";	"";	the rocky horror show
Prime Cuts (Suicidal Tendencies album);	"";	"";	prime cuts
F.N.G. (album);	"";	"";	f.n.g.
Tennis Court Oath;	"";	"";	tennis court oath
The Clouds;	"";	"";	the clouds
Still Cyco After All These Years;	"";	"";	still cyco after all these years
Free Your Soul and Save My Mind;	"";	"";	free your soul...and save my mind
Second Battle of Boulou;	"";	"";	france}}
Battle of Brandywine;	"";	"";	battlefield park}}
Oingo Boingo;	"";	"";	""
Archidamus II;	"";	"";	archidamus ii
Daniel Sleator;	"";	"";	daniel sleator
Battle of Fuentes de Oñoro;	"";	"";	french empire}}
First Battle of Höchstädt;	"";	"";	austria}}
Freedumb;	"";	"";	freedumb
Six the Hard Way;	"";	"";	six the hard way
Friends & Family, Vol. 1;	"";	"";	friends & family, vol. 1
Friends & Family, Vol. 2;	"";	"";	friends & family, vol. 2
Strength Through Joy;	"";	"";	strength through joy
Moxy Früvous;	"";	"";	moxy früvous
Gene Wolfe;	"";	"";	gene wolfe
Peter Garrett;	"";	"";	peter garrett
John Paxson;	"";	"";	john paxson
United States v. E. C. Knight Co.;	"";	"";	united states v. e. c. knight co.
Iggy Pop;	"";	no}};	iggy pop
Belinda Laracuente;	"";	"";	belinda laracuente
Battle of Thermopylae;	"";	"";	b}}<ref>barkworth, 1993. the organization of xerxes' army. iranica antiqua vol. 27, pp. 149–167</ref>
Greg Norman;	"";	"";	greg norman<br>[[order of australia
Luc Longley;	"";	"";	luc longley
Ned Kelly;	"";	"";	ned kelly
Rolf Harris;	"";	"";	rolf harris
Slave to the Grind;	"";	"";	slave to the grind
Mia Hamm;	"";	"";	mia hamm
The Knights;	"";	"";	the knights
Book of Kells;	"";	"";	the book of kells
Assemblywomen;	"";	"";	assemblywomen
Mercedita International Airport;	"";	"";	mercedita international airport
Diamonds Are Forever (film);	"";	"";	diamonds are forever
Tommy (The Who album);	"";	"";	tommy
Keith Richards;	"";	"";	keith richards
Nicola Abbagnano;	"";	"";	nicola abbagnano
Affligem;	"";	"";	affligem
Asse;	"";	"";	asse
Beersel;	"";	"";	beersel
Bever, Belgium;	"";	"";	bever
Dilbeek;	"";	"";	dilbeek
Drogenbos;	"";	"";	drogenbos
Galmaarden;	"";	"";	galmaarden
Gooik;	"";	"";	gooik
Munich air disaster;	"";	"";	munich air disaster
Grimbergen;	"";	"";	grimbergen
Herne, Belgium;	"";	"";	herne
Hoeilaart;	"";	"";	hoeilaart
Kampenhout;	"";	"";	kampenhout
Kapelle-op-den-Bos;	"";	"";	kapelle-op-den-bos
Kraainem;	"";	"";	kraainem
Lennik;	"";	"";	lennik
Liedekerke;	"";	"";	liedekerke
Delirium;	"";	"";	delirium
Maiden Castle, Dorset;	"";	"";	maiden castle
Quadrophenia;	"";	"";	quadrophenia
Who's Next;	"";	no;	who's next
Allan Sherman;	"";	"";	allan sherman
Karl Schwarzschild;	"";	"";	karl schwarzschild
Marble Madness;	"";	"";	marble madness}}
Linkebeek;	"";	"";	linkebeek
Londerzeel;	"";	"";	londerzeel
Machelen;	"";	"";	machelen
Meise;	"";	"";	meise
Merchtem;	"";	"";	merchtem
Opwijk;	"";	"";	opwijk
Overijse;	"";	"";	overijse
Pepingen;	"";	"";	pepingen
Roosdaal;	"";	"";	roosdaal
Sint-Genesius-Rode;	"";	"";	sint-genesius-rode
Sint-Pieters-Leeuw;	"";	"";	sint-pieters-leeuw
Steenokkerzeel;	"";	"";	steenokkerzeel
Ternat;	"";	"";	ternat
Vilvoorde;	"";	"";	vilvoorde
Wemmel;	"";	"";	wemmel
Wezembeek-Oppem;	"";	"";	wezembeek-oppem
Zaventem;	"";	"";	zaventem
Zemst;	"";	"";	zemst
Berg Municipality;	"";	"";	berg municipality
Gavin Rossdale;	"";	"";	gavin rossdale
Brian Nielsen (boxer);	"";	"";	brian nielsen
FlightGear;	"";	"";	flightgear
Descendents;	"";	"";	descendents
Down (band);	"";	"";	down
Goslar (district);	"";	"";	goslar
Under the Pink;	"";	"";	under the pink
Harz National Park;	"";	"";	harz national park
Peregrine falcon;	falco;	peregrinus;	peregrine falcon
Godfrey of Bouillon;	"";	"";	godfrey of bouillon
Thomas John Barnardo;	"";	"";	dr thomas john barnardo
Peter the Hermit;	"";	"";	peter the hermit
Subhuman Race;	"";	"";	subhuman race
Guibert of Nogent;	"";	"";	abbot of nogent}}
Prunella Scales;	"";	"";	prunella scales
Armillaria;	"";	"";	''armillaria''
Rachel Bolan;	"";	"";	rachel bolan
Samuel West;	"";	"";	samuel west
Blue Meanies (Illinois band);	"";	"";	the blue meanies
Raymond IV, Count of Toulouse;	"";	"";	raymond iv
Osterode (district);	"";	"";	osterode
Bohemond I of Antioch;	"";	"";	bohemond i
The Unseen (band);	"";	"";	the unseen
Bohemond II of Antioch;	"";	"";	bohemond ii
Anti-Flag;	"";	"";	anti-flag
Die for the Government;	"";	"";	die for the government
Raynald of Châtillon;	"";	"";	raynald of châtillon
Moment of inertia;	"";	"";	moment of inertia
Fulk, King of Jerusalem;	"";	"";	fulk (v)
Stokesay Castle;	"";	"";	stokesay castle
The Logic of Scientific Discovery;	"";	"";	the logic of scientific discovery
Timothy West;	"";	"";	timothy west
Richard Briers;	"";	"";	richard briers
Zhang Chunqiao;	"";	"";	zhang chunqiao
Wang Hongwen;	"";	"";	wang hongwen
Local councils of Malta;	"";	"";	local councils of malta<br />kunsilli lokali ta' malta ([[maltese language
Theodore Roethke;	"";	"";	in a dark time (1964)}}
Fountains of Wayne;	"";	no;	fountains of wayne
The Ataris;	"";	"";	the ataris
Permafrost;	"";	"";	permafrost
Meet the Residents;	"";	"";	meet the residents
Lifespring;	"";	"";	lifespring
Captain Nemo;	"";	"";	captain nemo
Anya Jenkins;	"";	"";	anya jenkins
Eddie Cicotte;	"";	"";	eddie cicotte
Geminids;	"";	"";	geminids (gem)
Victor Fleming;	"";	"";	victor fleming
Vic Fleming;	"";	"";	vic fleming
List of towns and cities in Norway;	"";	"";	popcount
Prince Andrew of Greece and Denmark;	"";	"";	prince andrew
A Quick One;	"";	"";	a quick one
Romance of the Three Kingdoms;	"";	"";	romance of the three kingdoms
Herbert W. Armstrong;	"";	"";	herbert w. armstrong
Esteban de Jesús;	"";	"";	esteban de jesús
Melanie Klein;	"";	"";	melanie klein
Ron Stander;	"";	"";	ron stander
Bernard Francis Law;	"";	"";	bernard francis law
Al Perkins;	"";	"";	al perkins
Daniela Luján;	"";	"";	daniela luján
Ellery Queen;	"";	"";	frederic dannay and manfred bennington lee
Trent Lott;	"";	"";	trent lott
Counties of Sweden;	"";	"";	counties of sweden <br> {{small
Eye;	"";	"";	eye
Roger I of Sicily;	"";	"";	roger i
Noto;	"";	"";	noto
Tancred, King of Sicily;	"";	"";	tancred
William I of Sicily;	"";	"";	william i
William II of Sicily;	"";	"";	william ii
Ralph d'Escures;	"";	"";	ralph d'escures
Richard of Dover;	"";	"";	richard of dover
William Courtenay;	"";	"";	william courtenay
Thomas Secker;	"";	"";	thomas secker
Thomas Langton;	"";	"";	thomas langton
Oda of Canterbury;	"";	"";	oda
Thomas Tenison;	"";	"";	thomas tenison
Robert Florey;	"";	"";	robert florey
Diabelli Variations;	"";	"";	''diabelli variations''
Frederick Temple;	"";	"";	frederick temple
Henry Phillpotts;	"";	"";	henry phillpotts
Data General;	"";	"";	data general corporation
Minersville School District v. Gobitis;	"";	"";	minersville school district v. gobitis
Belvoir Castle;	"";	"";	belvoir castle
John Colenso;	"";	"";	john william colenso
Knäck;	"";	"";	knäck
Roger of Wendover;	"";	"";	roger of wendover
Ranulf Flambard;	"";	"";	ranulf flambard
Roger of Salisbury;	"";	"";	roger of salisbury
William de St-Calais;	"";	"";	william de st-calais
Isabel Allende;	"";	"";	isabel allende
Antoine Barnave;	"";	"";	antoine barnave
North Lincolnshire;	"";	"";	borough of north lincolnshire
Joseph Barnby;	"";	"";	sir joseph barnby
Albert Barnes (theologian);	"";	"";	albert barnes
Dixiecrat;	"";	"";	states' rights democratic party (dixiecrats)
Barnabe Barnes;	"";	"";	barnabe barnes
North East Lincolnshire;	"";	"";	north east lincolnshire
Cosmetics;	"";	no;	""
Tim Pat Coogan;	"";	"";	tim pat coogan
Kingdom of Great Britain;	"";	"";	"\"name\""
Sanctacaris;	sanctacaris;	uncata;	""
First Dáil;	"";	"";	first dáil
Liquid Tension Experiment;	"";	"";	liquid tension experiment
River Derwent (Tasmania);	"";	"";	river derwent
River Derwent, Derbyshire;	"";	"";	river derwent
River Derwent, North East England;	"";	"";	river derwent
River Derwent, Cumbria;	"";	"";	river derwent
Derwentwater;	"";	"";	derwentwater
River Derwent, Yorkshire;	"";	"";	derwent
Víctor Galíndez;	"";	"";	víctor galíndez
Staffa;	"";	"";	staffa national nature reserve
Wrawby Windmill;	"";	"";	wrawby windmill
Howl (poem);	"";	"";	''howl''
Aguirre, the Wrath of God;	"";	"";	aguirre, the wrath of god
Dee Brown (writer);	"";	"";	dee brown
Burl Ives;	"";	"";	burl ives}}
Joss Whedon;	"";	"";	joss whedon
Lavender's Blue;	"";	"";	lavender's blue
Firefly (TV series);	"";	no;	firefly
Chris Barrie;	"";	"";	chris barrie
Shirley Jackson;	"";	"";	shirley jackson
Wesberry v. Sanders;	"";	"";	colegrove v. green
Hunminjeongeum;	"";	"";	hunminjeongeum
Cuba Gooding Jr.;	"";	"";	cuba gooding jr.
Haylie Duff;	"";	"";	haylie duff
Sather Tower;	"";	"";	sather tower
Ibiblio;	"";	"";	ibiblio
Knoppix;	"";	"";	knoppix
Totally Unseen: The Best of the Unseen;	"";	"";	totally unseen: the best of the unseen
Edward Bernays;	"";	"";	edward bernays
Dawn Summers;	"";	"";	dawn summers
Eta Canis Majoris;	"";	"";	η canis majoris
David B. Danbom;	"";	"";	david b. danbom
Manglish;	"";	"";	manglish
Malaysian English;	"";	"";	malaysian english
Turtle fibropapillomatosis;	"";	chelonid alphaherpesvirus 5;	""
Federation of American Scientists;	"";	"";	federation of american scientists
Condoleezza Rice;	"";	"";	condoleezza rice
Cromartyshire;	"";	"";	cromartyshire
Cromarty Firth;	"";	"";	cromarty firth
Eucalyptus regnans;	eucalyptus;	regnans;	mountain ash
Hangzhou;	"";	"";	hangzhou
Jimmie Foxx;	"";	"";	jimmie foxx
Committee;	"";	"";	commit (ronr)
Puff, the Magic Dragon;	"";	"";	puff, the magic dragon
Ælfgifu of Northampton;	"";	"";	ælfgifu
Peter, Paul and Mary;	"";	"";	peter, paul and mary
Afrika Korps;	"";	"";	german africa corps
Arctium;	"";	"";	burdock
Gobō, Wakayama;	"";	"";	gobō
Neil Hamilton (politician);	"";	"";	neil hamilton
Tensoba;	"";	"";	tensoba
Francisco Castro (footballer, born 1979);	"";	"";	francisco castro
Easter Everywhere;	"";	"";	easter everywhere
Appendectomy;	"";	"";	appendectomy
Adam Mickiewicz;	"";	"";	adam mickiewicz
Melankomas;	"";	"";	melankomas
Bank holiday;	"";	"";	monday
Jules Lemaître;	"";	"";	jules lemaître
List of political parties in the Netherlands;	"";	"";	limburg}}
Sid Vicious;	"";	"";	sid vicious
Marcus Furius Camillus;	"";	"";	marcus furius camillus
Under Pressure;	"";	"";	under pressure
The Dragon in the Sea;	"";	"";	the dragon in the sea
Lutheran Church – Missouri Synod;	"";	"";	the lutheran church – missouri synod
Aarschot;	"";	"";	aarschot
Begijnendijk;	"";	"";	begijnendijk
Bekkevoort;	"";	"";	bekkevoort
Bertem;	"";	"";	bertem
Bierbeek;	"";	"";	bierbeek
Boortmeerbeek;	"";	"";	boortmeerbeek
Boutersem;	"";	"";	boutersem
Diest;	"";	"";	diest
Geetbets;	"";	"";	geetbets
Destination: Void;	"";	"";	destination: void
Glabbeek;	"";	"";	glabbeek
Haacht;	"";	"";	haacht
Herent;	"";	"";	herent
Hoegaarden;	"";	"";	hoegaarden
Holsbeek;	"";	"";	holsbeek
Huldenberg;	"";	"";	huldenberg
Keerbergen;	"";	"";	keerbergen
Kortenaken;	"";	"";	kortenaken
Kortenberg;	"";	"";	kortenberg
Landen;	"";	"";	landen
Linter, Belgium;	"";	"";	linter
Lubbeek;	"";	"";	lubbeek
Oud-Heverlee;	"";	"";	oud-heverlee
Rotselaar;	"";	"";	rotselaar
Scherpenheuvel-Zichem;	"";	"";	scherpenheuvel-zichem
Tervuren;	"";	"";	tervuren
Tielt-Winge;	"";	"";	tielt-winge
Tienen;	"";	"";	tienen
Zoutleeuw;	"";	"";	zoutleeuw
Blue Nile;	"";	"";	blue nile (abay)
Whipping Star;	"";	"";	whipping star
Don King;	"";	"";	don king
The Dosadi Experiment;	"";	"";	the dosadi experiment
Mewtwo;	"";	pokémon;	mewtwo
Minas Tirith;	"";	"";	''minas tirith''
Hernici;	"";	"";	hernican
Mount Athos;	"";	"";	mount athos
Marsi;	"";	"";	marsian
Duncan Idaho;	"";	"";	duncan idaho
John Edensor Littlewood;	"";	"";	john e. littlewood
Kings Island;	"";	"";	kings island
Rachel Whiteread;	"";	"";	rachel whiteread
Hawaiian Islands;	"";	"";	hawaiian islands
Karnak;	"";	"";	karnak
Newmarket, Suffolk;	"";	"";	newmarket
Sepsis;	"";	"";	sepsis
Iron deficiency;	"";	"";	iron deficiency
Ednita Nazario;	"";	"";	ednita nazario
Iron(II) sulfate;	"";	"";	iron(ii) sulfate
Oleg the Wise;	"";	"";	oleg
Igor of Kiev;	"";	"";	igor
Epicanthic fold;	"";	"";	epicanthic fold
Yaropolk I of Kiev;	"";	"";	yaropolk i
Sviatopolk I of Kiev;	"";	"";	sviatopolk the accursed
Camper Van Beethoven;	"";	"";	camper van beethoven
Robert J. Van de Graaff;	"";	"";	robert j. van de graaff
Our Beloved Revolutionary Sweetheart;	"";	"";	our beloved revolutionary sweetheart
Key Lime Pie (album);	"";	"";	key lime pie
Telephone Free Landslide Victory;	"";	"";	telephone free landslide victory
Rachel Weisz;	"";	"";	rachel weisz
Thomas Babington Macaulay;	"";	"";	the lord macaulay
Eureka (organisation);	"";	"";	eureka
Dale Earnhardt Jr.;	"";	"";	dale earnhardt jr.
Open University;	"";	"";	the open university
GKT School of Medical Education;	"";	"";	gkt school of medical education, <br />king's college london
Madame Tussauds;	"";	"";	madame tussauds
Godspeed You! Black Emperor;	"";	"";	godspeed you! black emperor
King's College London;	"";	"";	king's college london
Mustang Ranch;	"";	"";	""
Oviedo;	"";	"";	oviedo
Hyder Ali;	"";	"";	hyder ali
Melange (fictional drug);	"";	"";	melange
Evander Holyfield;	"";	"";	evander holyfield
Fremen;	"";	"";	fremen
Leopold and Loeb;	"";	"";	nathan leopold
Rhonda Shear;	"";	"";	<!-- include middle initial, if not specified in birth_name -->
Frankfurt–Hahn Airport;	"";	"";	frankfurt–hahn airport
Martian Successor Nadesico;	"";	"";	martian successor nadesico
Harry Nyquist;	"";	"";	harry nyquist
YuYu Hakusho;	"";	"";	crunchyroll
Rupert Grint;	"";	"";	rupert grint
Rotokas language;	"";	"";	rotokas
Denis Sassou Nguesso;	"";	"";	denis sassou nguesso
Eugen Semitjov;	"";	"";	eugen semitjov
Jesus Seminar;	"";	"";	jesus seminar
G. A. Wells;	"";	"";	g.&nbsp;a. wells
James Nasmyth;	"";	"";	james nasmyth
Henry Maudslay;	"";	"";	henry maudslay
André Masséna;	"";	"";	andré masséna
Luba-Kasai language;	"";	"";	tshiluba
Riksdag;	"";	"";	riksdag of sweden
Will Sampson;	"";	"";	will sampson
Ip Man;	"";	"";	ip man
McLaughlin Motor Car Company;	"";	"";	mclaughlin motor car company
Hupmobile;	"";	"";	hupp motor car company
Biljana Plavšić;	"";	"";	biljana plavšić
The Transparent Society;	"";	"";	the transparent society
Ls;	"";	"";	ls
Robert Ballard;	"";	"";	robert ballard
Pheidippides;	"";	no;	pheidippides
Kazumi Watanabe;	"";	"";	kazumi watanabe
The Poisoned Chocolates Case;	"";	"";	the poisoned chocolates case
Bruiser Brody;	"";	"";	bruiser brody
M11 motorway;	"";	"";	m11, junction 4 - start of motorway}}</small>
Dominion (Star Trek);	"";	"";	the dominion
Vivian Stanshall;	"";	"";	vivian stanshall
UFO (band);	"";	"";	ufo
Université du Québec à Montréal;	"";	"";	université du québec à montréal
Université du Québec;	"";	"";	université du québec
Force It;	"";	"";	force it
Hanja;	"";	"";	hanja
Ferdinand II of the Two Sicilies;	"";	"";	ferdinand ii
No Heavy Petting;	"";	"";	no heavy petting
Space Metal (UFO album);	"";	"";	space metal
Helmand River;	"";	"";	helmand river
Ain't Misbehavin' (musical);	"";	"";	ain't misbehavin'
Obsession (UFO album);	"";	"";	obsession
Napier Sabre;	"";	"";	sabre
UFO 2: Flying;	"";	"";	ufo 2: flying
UFO 1;	"";	"";	ufo 1
Choline;	"";	"";	cholinecontent_table
Randolph Scott;	"";	"";	randolph scott
Anthology (UFO album);	"";	"";	anthology
Mauna Loa;	"";	"";	mauna loa
Cd (command);	"";	"";	cd / chdir
Dir (command);	"";	"";	dir
Mandela, Massachusetts;	"";	"";	mandela county, massachusetts
Dora and Cora Webber;	"";	"";	dora webber
Oedipus at Colonus;	"";	"";	oedipus at colonus
George Carlin;	"";	no;	george carlin
Lemon v. Kurtzman;	"";	"";	lemon v. kurtzman
Arnis;	"";	"";	arnis
George Clooney;	"";	no }};	george clooney
Kellogg College, Oxford;	"";	"";	kellogg college
Bill Cosby;	"";	no}};	bill cosby
PLOS;	"";	"";	public library of science
Equity (British trade union);	"";	"";	equity
Cult Awareness Network;	"";	"";	cult awareness network
Arsenopyrite;	"";	"";	arsenopyrite
Chalcopyrite;	"";	"";	chalcopyrite
Dana Andrews;	"";	"";	dana andrews
Vurt;	"";	"";	vurt
CiteSeerX;	"";	"";	citeseer<sup>x</sup>
Maranatha! Music;	"";	"";	maranatha! music
Berlin (band);	"";	"";	berlin
Mon people;	"";	"";	burmese
Adam Ant;	"";	"";	adam ant
Daniel-Henry Kahnweiler;	"";	"";	daniel-henry kahnweiler
Stockbroker;	"";	"";	stockbroker
Two-Way Stretch;	"";	"";	two-way stretch
You've Got Mail;	"";	"";	you've got mail
Harvard Law School;	"";	"";	harvard law school
Barbara Windsor;	"";	"";	<!-- defaults to article title when left blank -->
Kansas River;	"";	"";	kansas river
Joan Sims;	"";	"";	joan sims
Jim Dale;	"";	"";	jim dale
Kenneth Clark;	"";	"";	the lord clark
Dénis Lindbohm;	"";	"";	dénis lindbohm
Penelope Keith;	"";	"";	penelope keith
Michael Atherton;	"";	"";	michael atherton
Mathilde Bonaparte;	"";	"";	mathilde bonaparte
Fred Wedlock;	"";	"";	fred wedlock
Adrian Paul;	"";	"";	adrian paul
Labradorite;	"";	"";	labradorite
Bytownite;	"";	"";	bytownite
Jimmy James and the Blue Flames;	"";	"";	jimmy james and the blue flames
Wahhabism;	"";	"";	"\"commins-viv\""
Fast Food Nation;	"";	"";	fast food nation
European Women's Handball Championship;	"";	"";	fr yugoslavia}}''
Gerrie Coetzee;	"";	"";	gerrie coetzee
Ford Taurus;	"";	"";	ford taurus
Havel;	"";	"";	havel
Spree (river);	"";	"";	spree/sprjewja/spréva
Karpacz;	"";	"";	karpacz
Harrachov;	"";	"";	harrachov
II & III;	"";	"";	ii & iii
Camper Van Beethoven (album);	"";	"";	camper van beethoven
Camper Vantiquities;	"";	"";	camper vantiquities
Tusk (album);	"";	"";	tusk
Queens of the Stone Age;	"";	"";	queens of the stone age
Queens of the Stone Age (album);	"";	"";	queens of the stone age
Nabonassar;	"";	"";	nabû-nāṣir
Songs for the Deaf;	"";	"";	songs for the deaf
Rated R (Queens of the Stone Age album);	"";	"";	rated r
Council on American–Islamic Relations;	"";	"";	council on american–islamic relations
Damascius;	"";	"";	damascius
Alessandra Mussolini;	"";	"";	alessandra mussolini
Mate. Feed. Kill. Repeat.;	"";	"";	mate. feed. kill. repeat.
Iowa (album);	"";	"";	iowa
Slipknot (album);	"";	"";	slipknot
Bleda;	"";	"";	bleda
City of Angels (film);	"";	"";	city of angels
Iron Maiden;	"";	"";	iron maiden
Ali Shariati;	"";	"";	ali shariati
Edgar Cayce;	"";	"";	edgar cayce
Apple pie;	"";	"";	apple pie
Arecibo Observatory;	"";	"";	national astronomy and ionosphere center
Munich Agreement;	"";	"";	munich agreement
Sejong the Great;	"";	"";	sejong of joseon<br />朝鮮世宗<br />조선 세종
Conduct disorder;	"";	"";	conduct disorder
Jacqueline Bisset;	"";	"";	jacqueline bisset
Bethnal Green tube station;	"";	"";	bethnal green
Aleppo;	"";	"";	aleppo
River Phoenix;	"";	"";	river phoenix}}
David Boreanaz;	"";	"";	david boreanaz
ElcomSoft;	"";	"";	elcomsoft co.ltd.
Emily Dickinson;	"";	no;	emily dickinson}}
Alexis Denisof;	"";	"";	alexis denisof
Change ringing;	"";	"";	tintinnalogia, or, the art of ringing (by richard duckworth and fabian stedman, 1668)}}
Charisma Carpenter;	"";	"";	charisma carpenter
Novartis;	"";	"";	novartis ag
Abel Prize;	"";	"";	abel prize
Fort Riley;	"";	"";	fort riley
The Number of the Beast (album);	"";	"";	the number of the beast
Jiro Watanabe;	"";	"";	jiro watanabe
Tux Racer;	"";	"";	''tux racer''}}
Ariane 3;	"";	"";	ariane 3
Ariane 2;	"";	"";	ariane 2
J. August Richards;	"";	"";	j. august richards
Nickelback;	"";	"";	nickelback
Ryan Peake;	"";	"";	ryan peake
POV-Ray;	"";	"";	pov-ray
Chad Kroeger;	"";	no}};	chad kroeger
Glen Matlock;	"";	"";	glen matlock
BBC Proms;	"";	"";	"\"worldwar2\""
John F. Kennedy Jr.;	"";	"";	john f. kennedy jr.
Mortiis;	"";	"";	mortiis
Paeligni;	"";	"";	paelignian language
Marrucini;	"";	"";	marrucinian
Aphrodisias;	"";	"";	aphrodisias
Rosamund Pike;	"";	"";	rosamund pike
File:ShotgunAngel.jpg;	"";	"";	shotgun angel
Dionysius of Halicarnassus;	"";	"";	dionysius of halicarnassus
Drusilla (Buffy the Vampire Slayer);	"";	"";	drusilla
The Negotiator;	"";	"";	the negotiator
Nebraska Cornhuskers;	"";	"";	nebraska cornhuskers
Closer (Joy Division album);	"";	"";	closer
The The;	"";	"";	{{not a typo
Mount Kilimanjaro;	"";	no;	mount kilimanjaro
International Phonetic Association;	"";	"";	international phonetic association
Mind Bomb;	"";	"";	mind bomb
Edward Norton;	"";	"";	edward norton
Everclear (band);	"";	"";	everclear
Melvins;	"";	"";	melvins
Static-X;	"";	"";	static-x
Danzig (band);	"";	"";	danzig
Glenn Danzig;	"";	"";	glenn danzig
Gloria Trevi;	"";	"";	gloria trevi
Triangle (musical instrument);	"";	"";	triangle
Phoebe Cates;	"";	"";	phoebe cates
Barnacle;	"";	"";	barnacle
Gabriel;	"";	"";	gabriel
Anne Fausto-Sterling;	"";	"";	anne fausto-sterling
XBoard;	"";	"";	xboard
Intersex Society of North America;	"";	"";	intersex society of north america
Luke Rhinehart;	"";	"";	luke rhinehart
Lou Diamond;	"";	"";	lou diamond
Milla Jovovich;	"";	"";	milla jovovich
Iain Duncan Smith;	"";	"";	iain duncan smith
Akseli Gallen-Kallela;	"";	"";	akseli gallen-kallela
List of cities and largest towns in Belarus;	"";	"";	lyepyel}}<br>(''лепель'', ''liepieĺ'')
Almaty;	"";	"";	almaty
S-VHS;	"";	"";	s-vhs
Ben Affleck;	"";	no;	ben affleck
Dirk Bogarde;	"";	"";	dirk bogarde
Greedo;	"";	"";	greedo
MPlayer;	"";	"";	mplayer
1970 United Kingdom general election;	"";	"";	speaker
Richard Dreyfuss;	"";	"";	richard dreyfuss
Overland Automobile;	"";	"";	overland auto company<br>willys-overland company
Atmel;	"";	"";	atmel corporation
Prignitz;	"";	"";	""
Klaipėda;	"";	"";	klaipėda
Adenosine monophosphate deaminase deficiency type 1;	"";	"";	adenosine monophosphate deaminase deficiency type 1
Slash's Snakepit;	"";	"";	slash's snakepit
John Rogers (Bible editor and martyr);	"";	"";	john rogers
The Presidents of the United States of America (album);	"";	"";	the presidents of the united states of america
Pure Frosting;	"";	"";	pure frosting
Melba toast;	"";	"";	melba toast
Jewel (singer);	"";	no;	jewel
Vuk Branković;	"";	"";	vuk branković
Miloš Obilić;	"";	"";	miloš obilić<br/><small>милош обилић</small>
Muscular system;	"";	"";	muscular system.
Benign fasciculation syndrome;	"";	"";	benign fasciculation syndrome
Lake Titicaca;	"";	"";	lake titicaca
John I Tzimiskes;	"";	"";	john&nbsp;i tzimiskes
Winton Motor Carriage Company;	"";	"";	winton motor carriage company
Skeleton (sport);	"";	"";	skeleton
Baikal seal;	pusa;	sibirica;	baikal seal
Mansa Musa;	"";	"";	musa
Gospel Music Association;	"";	"";	gospel music association
GMA Dove Award;	"";	"";	dove award
Dove Award for Song of the Year;	"";	"";	gma dove award for song of the year
Upholder/Victoria-class submarine;	"";	"";	*''upholder'' class (uk)
Carmen Basilio;	"";	"";	carmen basilio
MSNBC;	"";	"";	msnbc
Janus;	"";	"";	janus
Janus (moon);	"";	"";	janus
Bow Wow (rapper);	"";	"";	bow wow
Italo Svevo;	"";	"";	italo svevo}}
Lorrie Fair;	"";	"";	lorrie fair
Vienna International Airport;	"";	"";	vienna airport
FK Bodø/Glimt;	"";	"";	[[julian faye lund]]}}
Beaucaire, Gard;	"";	"";	beaucaire
Danger triangle of the face;	"";	"";	danger triangle of the face (nasolabial triangle)
Province of Carbonia-Iglesias;	"";	"";	province of carbonia-iglesias
Riga Autobus Factory;	"";	"";	riga autobus factory (raf)
Province of Ogliastra;	"";	"";	province of ogliastra
Network Time Protocol;	"";	"";	network time protocol
Shipping Forecast;	"";	"";	shipping forecast
Gustav Meyrink;	"";	"";	gustav meyrink
Jacques Herbrand;	"";	"";	jacques herbrand
Wallington railway station;	"";	"";	wallington
Billy Boyd (actor);	"";	"";	billy boyd
John Smith (Labour Party leader);	"";	"";	john smith
Clarence Darrow;	"";	"";	clarence darrow
Margaret Leijonhufvud;	"";	"";	margaret leijonhufvud
Travancore;	"";	"";	"\"no1\""
Ostprignitz-Ruppin;	"";	"";	ostprignitz-ruppin
Talisman (board game);	"";	"";	''talisman''
The Dice Man;	"";	"";	the dice man
Silat Melayu;	"";	"";	silat<br>{{script
The Search for the Dice Man;	"";	"";	the search for the dice man
Anna Karenina;	"";	no;	anna karenina
Adventures of Wim;	"";	"";	adventures of whim
Starship Titanic;	"";	"";	''starship titanic''}}
Joshua Barnes;	"";	"";	barnes, joshua}}
Dio (band);	"";	"";	dio
Thomas Barnes (journalist);	"";	"";	barnes, thomas}}
MPEG-1 Audio Layer II;	"";	"";	mpeg-1 or mpeg-2 audio layer ii
Cassius Dio;	"";	"";	lucius cassius dio
Ludacris;	"";	"";	ludacris
Minnesota Orchestra;	"";	"";	minnesota orchestra
Word of Mouf;	"";	"";	word of mouf
Marvin the Paranoid Android;	"";	"";	marvin the paranoid android
Jacky Ickx;	"";	"";	jacky ickx
Alex D. Linz;	"";	"";	alex d. linz
Arthur Dent;	"";	human;	arthur philip dent
Max Keeble's Big Move;	"";	"";	max keeble's big move
Samuel Barnett (reformer);	"";	"";	samuel barnett
Abraham in Islam;	"";	"";	ʾibrāhīm <br /> {{lang
Richard Barnfield;	"";	"";	richard barnfield
Manitoulin Island;	"";	"";	manitoulin island
Ferdowsi University of Mashhad;	"";	"";	ferdowsi university of mashhad
University of Tehran;	"";	"";	university of tehran
Philharmonia Orchestra;	"";	"";	philharmonia orchestra
Mahmoud Hessabi;	"";	"";	mahmoud hessabi
Mutt and Jeff (spies);	"";	"";	mutt
Michelle Forbes;	"";	"";	michelle forbes
Legion of Super-Heroes;	"";	no;	legion of super-heroes
Bajoran;	"";	"";	bajorans
Harvest (Neil Young album);	"";	"";	harvest
Zorro;	"";	"";	zorro
Co-operative Commonwealth Federation;	"";	"";	co-operative commonwealth federation
Clitoral hood piercing;	"";	"";	clitoral hood piercing
Felicity Kendal;	"";	"";	felicity kendal
High Fidelity (novel);	"";	"";	high fidelity
High Fidelity (film);	"";	"";	high fidelity
Aetolia;	"";	"";	aetolia
Powerman 5000;	"";	"";	powerman 5000
John Christ;	"";	"";	john christ
Sparkle and Fade;	"";	"";	sparkle and fade
Otto Klemperer;	"";	"";	otto klemperer
Telus;	"";	"";	telus communications inc.
Lynn Johnston;	"";	"";	lynn franks johnston
Brampton;	"";	"";	brampton
Turner Fenton Secondary School;	"";	"";	turner fenton secondary school
Mississauga;	"";	"";	mississauga
Caledon, Ontario;	"";	"";	caledon
Patrick McDonnell;	"";	"";	patrick mcdonnell
The Red House Mystery;	"";	"";	the red house mystery
Pitseolak Ashoona;	"";	"";	pitseolak ashoona
Order of Canada;	"";	"";	mp}}
Four Asian Tigers;	"";	"";	tw_hdi
Barbara Frum;	"";	"";	barbara frum<br>[[order of canada
Hans Brinker, or The Silver Skates;	"";	"";	hans brinker, or the silver skates
Fredric Wertham;	"";	"";	fredric wertham
Mitochondrial disease;	"";	"";	mitochondrial disease
Cate Blanchett;	"";	"";	cate blanchett
Bill Frist;	"";	"";	bill frist
Stanley B. Prusiner;	"";	"";	stanley prusiner
Jorge Castro (boxer);	"";	"";	jorge castro
Carmita Jiménez;	"";	"";	carmita jiménez
Caesar Baronius;	"";	"";	cesare baronio
Auckland Islands;	"";	"";	auckland islands
Gábor Baross;	"";	"";	gábor baross
Joachim Barrande;	"";	"";	joachim barrande
Edith Wharton;	"";	"";	edith wharton
Paul Barras;	"";	"";	paul françois jean nicolas
Isaac Barré;	"";	"";	isaac barré
Legion of Honour;	"";	"";	national order of the legion of honour
Constantine II of Greece;	"";	"";	constantine ii
Paul of Greece;	"";	"";	paul
Block cipher mode of operation;	"";	"";	""
George II of Greece;	"";	"";	george ii
Constantine I of Greece;	"";	"";	constantine i
Alexander of Greece;	"";	"";	alexander
File:Darkthrone - Transilvanian Hunger.jpg;	"";	"";	transilvanian hunger
RC6;	"";	"";	rc6
Ratite;	"";	"";	ratites
Plum in madeira;	"";	"";	plum in madeira
Nestlé;	"";	"";	nestlé s.a.
Mengistu Haile Mariam;	"";	"";	mengistu haile mariam
Abraham Ortelius;	"";	"";	<!-- include middle initial, if not specified in birth_name -->
Theatrum Orbis Terrarum;	"";	"";	{{lang
Sherry;	"";	"";	jerez-xérès-sherry dop
MenuetOS;	"";	"";	menuetos
Maria Clementina Sobieska;	"";	"";	maria clementina sobieska
FASM;	"";	"";	fasm
Cagayan River;	"";	"";	cagayan river
Anne Fine;	"";	"";	anne fine<br><small>[[order of the british empire
Aparri;	"";	"";	{{ph wikidata
Miguel López de Legazpi;	"";	"";	miguel lópez de legazpi
Cebu;	"";	"";	cebu
Malayalam script;	"";	"";	malayalam script
Flag of Poland;	"";	"";	republic of poland
Roberto Sánchez Vilella;	"";	"";	roberto sánchez vilella
Taharqa;	"";	"";	taharqa
John Smith's Brewery;	"";	"";	john smith's brewery
My Generation (album);	"";	"";	my generation
Marine Corps Base Camp Pendleton;	"";	"";	marine corps base camp pendleton
Manila Bay;	"";	"";	manila bay<br/>{{native name
Zambales Mountains;	"";	"";	zambales mountains
Caballo Island;	"";	"";	caballo island
Corregidor;	"";	"";	corregidor
Tiny Tim (musician);	"";	"";	tiny tim
Chuck Peddle;	"";	"";	chuck peddle
Kostya Tszyu;	"";	"";	kostya tszyu<br>{{small
Nicholas Robinson (historian);	"";	"";	nicholas robinson
Juan Rodríguez Cabrillo;	"";	"";	juan rodríguez cabrillo<br/>joão rodrigues cabrilho
Bureau of Naval Personnel;	"";	"";	united states of america
Dreamcatcher (novel);	"";	"";	dreamcatcher
Walter Sickert;	"";	"";	walter sickert
Lockheed C-5 Galaxy;	"";	"";	c-5 galaxy
The Who Sell Out;	"";	"";	the who sell out
Richard Corben;	"";	"";	richard corben}}
Adam Lamberg;	"";	"";	adam lamberg
Parramatta;	"";	"";	parramatta
2.13.61;	"";	"";	2.13.61
Lisa Bonet;	"";	"";	lisa bonet
Ultra high frequency;	"";	"";	ultra high frequency (itu)
Ivan Krylov;	"";	"";	ivan andreyevich krylov
Atatürk Airport;	"";	"";	atatürk airport
Death of Carlo Giuliani;	"";	"";	carlo giuliani
Maurice Barrès;	"";	no;	maurice barrès
Enhanced Graphics Adapter;	"";	"";	enhanced graphics adapter
Lucas Barrett;	"";	"";	lucas barrett
Wilson Barrett;	"";	"";	wilson barrett
Leaves of Grass;	"";	no}};	leaves of grass
Alexander Beliavsky;	"";	"";	alexander beliavsky
Menander;	"";	"";	menander
Will Rogers;	"";	"";	will rogers
Andy Devine;	"";	"";	andy devine
Théodore Barrière;	"";	"";	théodore barrière}}
Tachycardia;	"";	"";	tachycardia
Anton Giulio Barrili;	"";	"";	anton giulio barrili}}
Daines Barrington;	"";	"";	daines barrington
Charles William Eliot;	"";	"";	charles william eliot
Coahuila;	"";	"";	coahuila
Lúthien and Beren;	"";	"";	lúthien
Thingol;	"";	"";	thingol
Kim Hunter;	"";	"";	kim hunter
Caecilius Statius;	"";	"";	caecilius statius
Fingolfin;	"";	"";	fingolfin
Lee Lawrie;	"";	"";	lee lawrie
Fokker D.VII;	"";	"";	fokker d.vii
Isadora Duncan;	"";	"";	isadora duncan
Carabao;	"";	"";	carabao
Wyndham Lewis;	"";	"";	wyndham lewis
Lesser Antilles;	"";	"";	{{collapsible list
George Barrington;	"";	"";	george barrington
White Motor Company;	"";	"";	white motor company
Liberty Hyde Bailey;	"";	"";	liberty hyde bailey
Samuel Barrington;	"";	"";	samuel barrington
National Motor Museum, Beaulieu;	"";	"";	national motor museum
Shute Barrington;	"";	"";	shute barrington
Bristol Aquila;	"";	"";	aquila
Jonathan M. Wainwright (general);	"";	"";	jonathan m. wainwright
William Barrington, 2nd Viscount Barrington;	"";	"";	the viscount barrington
Daniel Chester French;	"";	"";	daniel chester french
Bristol Taurus;	"";	"";	taurus
Viscount Barrington;	"";	"";	viscountcy barrington
Euthydemus I;	"";	"";	euthydemus i
Hull House;	"";	"";	hull house
Diodotus I;	"";	"";	diodotus i
Bristol Hercules;	"";	"";	hercules
Arsaces I of Parthia;	"";	"";	arsaces i<br/>{{lang
Emily Bissell;	"";	"";	emily perkins bissell
Plover;	"";	"";	plovers
God Bless Tiny Tim;	"";	"";	god bless tiny tim
Quintus Sertorius;	"";	"";	quintus sertorius
João de Barros;	"";	"";	joão de barros
Louis-Gabriel Suchet;	"";	"";	louis gabriel suchet
George Town, Penang;	"";	"";	george town
Odilon Barrot;	"";	"";	odilon barrot
Enrique O'Donnell, Conde de La Bisbal;	"";	"";	enrique josé o'donnell
Michael Beaumont, 22nd Seigneur of Sark;	"";	"";	michael beaumont
Manuel L. Quezon;	"";	"";	manuel l. quezon
John Blenkinsop;	"";	"";	john blenkinsop
William Hedley;	"";	"";	william hedley
Timothy Hackworth;	"";	"";	timothy hackworth
Linda Ronstadt;	"";	no;	linda ronstadt
Long Voyage Back;	"";	"";	long voyage back
Lincoln Tunnel;	"";	"";	lincoln tunnel
Bristol Centaurus;	"";	"";	centaurus
Sir John Barrow, 1st Baronet;	"";	"";	john barrow
Argonne National Laboratory;	"";	"";	argonne national laboratory
British Commonwealth Air Training Plan;	"";	"";	british commonwealth air training plan
Gimli Glider;	"";	"";	gimli glider / air canada flight 143
Stuart Murdoch (football manager);	"";	"";	stuart murdoch
Queen Camilla;	"";	no;	camilla
File:The Very Best of Linda Ronstadt (album cover).jpg;	"";	"";	the very best of linda ronstadt
Leffert L. Buck;	"";	"";	leffert l. buck
Fred Phelps;	"";	"";	fred phelps
Mayo Clinic;	"";	"";	mayo clinic
Glycogen storage disease type V;	"";	"";	glycogen storage disease type v
Glycogen storage disease;	"";	"";	glycogen storage disease
University College, Durham;	"";	"";	university college
Douglas Hyde;	"";	"";	douglas hyde
Seán T. O'Kelly;	"";	"";	seán t. o'kelly
Erskine Hamilton Childers;	"";	"";	erskine hamilton childers
List of English monarchs;	"";	"";	william and mary
Foucault's Pendulum;	"";	"";	foucault's pendulum
Tim Healy (politician);	"";	"";	tim healy
American Psychiatric Association;	"";	"";	american psychiatric association
Stamford Raffles;	"";	"";	sir stamford raffles
Lorenzo Ghiberti;	"";	"";	lorenzo ghiberti
Tony Canzoneri;	"";	"";	tony canzoneri
Kate Markgraf;	"";	"";	kate markgraf
Kyla Pratt;	"";	"";	kyla pratt
BBC Two;	"";	"";	bbc two
Samuel Smiles;	"";	"";	samuel smiles
Joe Strummer;	"";	"";	joe strummer
State Council Information Office;	"";	"";	state council information office
Gomel;	"";	"";	gomel
Grodno;	"";	"";	grodno
Mogilev;	"";	"";	mogilev
Vitebsk;	"";	"";	vitebsk
Emma Thompson;	"";	"";	emma thompson
Catulli Carmina;	"";	"";	catulli carmina
Generating function;	"";	"";	theorem: congruences for series generated by expansions of continued fractions
Camp Fire (organization);	"";	"";	camp fire
James Barry (painter);	"";	"";	james barry
Silas;	"";	"";	silas
Johnny Appleseed;	"";	"";	john chapman
Lucius Roy Holbrook;	"";	"";	lucius roy holbrook
Cecil Day-Lewis;	"";	"";	cecil day-lewis
Vachel Lindsay;	"";	"";	vachel lindsay
Geography of East Timor;	"";	"";	east timor
Michael Howard;	"";	"";	the lord howard of lympne
William Hague;	"";	"";	the lord hague of richmond
Gopal Krishna Gokhale;	"";	"";	gopal gokhale<br /><small> {{postnominals
Ray Hnatyshyn;	"";	"";	ray hnatyshyn
Mai Tai;	"";	"";	mai tai
Masters of Illusion (group);	"";	"";	masters of illusion
Redmond Barry;	"";	"";	redmond barry
Timor Leste Defence Force;	"";	"";	timor-leste defence force
Rodney Dangerfield;	"";	"";	rodney dangerfield
Jean Bart;	"";	"";	jean bart
Guillaume Brune;	"";	"";	guillaume brune
Barthélemy Catherine Joubert;	"";	"";	barthélemy catherine joubert
Benvenuto Cellini;	"";	"";	benvenuto cellini
University of Scranton;	"";	"";	university of scranton
Peter Benenson;	"";	"";	peter benenson
Lucy Stone;	"";	no}};	lucy stone
László Papp;	"";	"";	lászló papp
2003 Cricket World Cup;	"";	"";	2003 cricket world cup
Adrienne Clarkson;	"";	"";	adrienne clarkson<br />伍冰枝
Star Trek VI: The Undiscovered Country;	"";	"";	star trek vi:<br>the undiscovered country
Gordon Graydon;	"";	"";	gordon graydon
Big Bird;	"";	[[the muppets;	big bird
Caroll Spinney;	"";	"";	caroll spinney
Mkdir;	"";	"";	mkdir
Mickey Cochrane;	"";	"";	mickey cochrane
Frances Hodgson Burnett;	"";	"";	frances hodgson burnett
Lance Bass;	"";	"";	lance bass
Boyz II Men;	"";	"";	boyz ii men
Prosper Mérimée;	"";	"";	prosper mérimée}}
Madame Bovary;	"";	"";	madame bovary: provincial manners
Karl Wilhelm Feuerbach;	"";	"";	karl wilhelm feuerbach
Michele Timms;	"";	"";	michele timms
Cynthia Nixon;	"";	"";	cynthia nixon
Gregorio Luperón International Airport;	"";	"";	gregorio luperón<br /> international airport
Robert Duvall;	"";	"";	robert duvall
Chitty-Chitty-Bang-Bang;	"";	"";	chitty-chitty-bang-bang: the magical car
Priorat;	"";	"";	priorat
Terra Alta (comarca);	"";	"";	terra alta
Wilkie Collins;	"";	"";	wilkie collins
London Calling;	"";	"";	london calling
Bob Hope;	"";	"";	bob hope
La Maddalena;	"";	"";	la maddalena
Oliver Twist;	"";	"";	'''oliver twist'''
Napier Lion;	"";	"";	lion
James Basevi Ord;	"";	"";	james basevi ord
Richard K. Sutherland;	"";	"";	richard k. sutherland
Pentland Firth;	"";	"";	pentland firth
Cheltenham;	"";	"";	cheltenham
Brooklands;	"";	"";	brooklands
Un Chien Andalou;	"";	"";	un chien andalou
Richard Marshall (United States Army officer);	"";	"";	richard jaquelin marshall
ASC X12;	"";	"";	accredited standards committee x12
Bob Crowley;	"";	"";	bob crowley
Hugh John Casey;	"";	"";	hugh john casey
Louis II, Prince of Monaco;	"";	"";	louis ii
Shahrbaraz;	"";	"";	shahrbaraz
Journey (band);	"";	"";	journey
Luis Alva Castro;	"";	"";	luis alva castro
Tom Baker;	"";	"";	tom baker
Thick as a Brick;	"";	"";	thick as a brick
Aqualung (album);	"";	"";	aqualung
Heavy Horses;	"";	"";	heavy horses
Repeat – The Best of Jethro Tull – Vol II;	"";	"";	repeat - the best of jethro tull - vol ii
A Passion Play;	"";	"";	a passion play
Princess Charlotte, Duchess of Valentinois;	"";	"";	charlotte
Timeline of Philippine political history;	"";	"";	"\"table notes\""
Los Lobos;	"";	"";	los lobos
Mike Sweeney;	"";	"";	mike sweeney
David Hidalgo;	"";	"";	david hidalgo
Tel Aviv University;	"";	"";	tel aviv university
Lyman Bostock;	"";	"";	lyman bostock
Pierce Pettis;	"";	"";	pierce pettis
André Hazes;	"";	"";	andré hazes
Sallust;	"";	"";	gaius sallustius crispus
Titus Annius Milo;	"";	"";	titus annius milo
Dan O'Herlihy;	"";	"";	dan o'herlihy
Love Me or Leave Me (film);	"";	"";	love me or leave me
Percy Gardner;	"";	"";	percy gardner
East of Eden (novel);	"";	"";	east of eden
Ernest Arthur Gardner;	"";	"";	gardner, ernest arthur}}</ref> to thomas gardner and ann pearse.<ref name=doah>{{cite web
The Man with the Golden Arm;	"";	"";	the man with the golden arm
Bad Day at Black Rock;	"";	"";	bad day at black rock
James Milner;	"";	"";	james milner<br /><small>{{nobold
Lust for Life (1956 film);	"";	"";	lust for life
Rock Hudson;	"";	"";	rock hudson
Institut Le Rosey;	"";	"";	institut le rosey
Short Stirling;	"";	"";	stirling
Suge Knight;	"";	"";	suge knight
Ico;	"";	"";	ico: kiri no naka no senritsu
Hellier de Carteret;	"";	"";	hellier de carteret
Anthony Franciosa;	"";	"";	tony franciosa
Warren G;	"";	"";	warren g
A Hatful of Rain;	"";	"";	a hatful of rain
Wild Is the Wind;	"";	"";	wild is the wind
The Old Man and the Sea;	"";	"";	'''the old man and the sea'''
Laurence Harvey;	"";	"";	laurence harvey
Maurice Ashley;	"";	"";	maurice ashley
The Last Angry Man;	"";	"";	the last angry man
Marlin;	"";	"";	marlin
Yasser Seirawan;	"";	"";	yasser seirawan
Trevor Howard;	"";	"";	trevor howard
Oasis (band);	"";	no}};	oasis
Maximilian Schell;	"";	"";	maximilian schell
Stuart Whitman;	"";	"";	stuart whitman
The Mark (1961 film);	"";	"";	the mark
Erich Kleiber;	"";	"";	erich kleiber
Robert Stroud;	"";	"";	robert stroud
Carlos Kleiber;	"";	"";	carlos kleiber
Violin Concerto (Berg);	"";	"";	violin concerto
National Park Service;	"";	"";	national parks: an american legacy (1992)}}
Andrew Mellon;	"";	"";	andrew mellon
Aysheaia;	aysheaia;	pedunculata;	""
Knuckles the Echidna;	"";	[[short-beaked echidna]];	knuckles the echidna
Olry Terquem;	"";	"";	olry terquem
Aryeh Kaplan;	"";	"";	aryeh kaplan
Pablo Escobar;	"";	"";	pablo escobar
Sita (singer);	"";	"";	sita vermeulen
Kid Chocolate;	"";	"";	kid chocolate
Theora;	"";	"";	libtheora
Singapore Airlines;	"";	no}};	""
Mutopia Project;	"";	"";	""
ADO Den Haag;	"";	"";	[[hugo wentges]]
1776 (musical);	"";	"";	1776
George Grunert;	"";	"";	george grunert
La Spezia;	"";	"";	la spezia
PlanetMath;	"";	"";	planetmath
Paddy Ashdown;	"";	"";	the lord ashdown of {{nowrap
Silent Night;	"";	"";	stille nacht <br /> silent night
Lovesexy;	"";	"";	lovesexy
Eric Johnson (guitarist);	"";	"";	eric johnson
Balleny Islands;	"";	"";	balleny islands
Scott Island;	"";	"";	scott island
Progress Party (Norway);	"";	"";	progress party
Antiochus VII Sidetes;	"";	"";	antiochus vii euergetes
Proletären;	"";	"";	proletären
Hisingen;	"";	"";	hisingen
Ani DiFranco (album);	"";	"";	ani difranco
Burushaski;	"";	"";	burushaski
Ross Dependency;	"";	"";	ross dependency
Ross Sea;	"";	"";	ross sea
Ross Island;	"";	"";	ross island
The Children of Men;	"";	"";	the children of men
Seven Worlds;	"";	"";	seven worlds
Mount Erebus;	"";	"";	mount erebus
Ah Via Musicom;	"";	"";	ah via musicom
Western Michigan University;	"";	"";	western michigan university
Eastern Michigan University;	"";	"";	eastern michigan university
Stephen V of Hungary;	"";	"";	stephen v
Ladislaus the Posthumous;	"";	"";	ladislaus v
Ladislaus IV of Hungary;	"";	"";	ladislaus iv
Ladislaus I of Hungary;	"";	"";	ladislaus i
Archie Moore;	"";	"";	archie moore
Charles II of Naples;	"";	"";	charles ii
Wilnelia Merced;	"";	"";	wilnelia, lady forsyth-johnson
Kotoka International Airport;	"";	"";	kotoka international airport<br />accra air force station
P. D. James;	"";	"";	the baroness james of holland&nbsp;park
Rosetta Project;	"";	"";	rosetta project
Darley Arabian;	"";	"";	darley arabian
Godolphin Arabian;	"";	"";	godolphin arabian
Kangaroo Island;	"";	"";	kangaroo island
Beerenberg;	"";	"";	beerenberg
Upernavik;	"";	"";	upernavik
Royal Academy of Arts;	"";	"";	royal academy of arts
Elsa Lanchester;	"";	"";	elsa lanchester
Technion – Israel Institute of Technology;	"";	"";	technion<br />israel institute of technology
Vorarlberg;	"";	"";	""
Harry Hill;	"";	"";	harry hill
Brown Peak (Sturge Island);	"";	"";	brown peak
Sturge Island;	"";	"";	sturge island
German Labour Front;	"";	"";	german labour front
Giovanni Battista Piranesi;	"";	"";	piranesi
Africanized bee;	''[[apis (genus);	''[[apis mellifera]]'';	africanized bee
Saturn Corporation;	"";	"";	saturn llc
Donald Keyhoe;	"";	"";	donald edward keyhoe
Ludichrist;	"";	"";	ludichrist
Tamara de Lempicka;	"";	"";	tamara de lempicka
Muskingum River;	"";	"";	muskingum river
Fort Mills;	"";	"";	fort mills
Ovulation;	"";	"";	ovulation
Epiphanius of Constantinople;	"";	"";	""
Katie Hnida;	"";	"";	katharine hnida
Days of Wine and Roses (film);	"";	"";	days of wine and roses
Marcello Mastroianni;	"";	"";	marcello mastroianni
Divorce Italian Style;	"";	"";	divorce italian style
Dana Scott;	"";	"";	dana stewart scott
This Sporting Life;	"";	"";	this sporting life
Clean (programming language);	"";	"";	clean
Hud (1963 film);	"";	"";	hud
Cat Ballou;	"";	"";	cat ballou
The Spy Who Came in from the Cold;	"";	"";	the spy who came in from the cold
Isabelle (proof assistant);	"";	"";	isabelle
HOL (proof assistant);	"";	"";	hol
Douglas Dunn;	"";	"";	professor douglas dunn}}
Oskar Werner;	"";	"";	oskar werner
Carl Czerny;	"";	"";	""
Alan Arkin;	"";	no;	alan arkin
Herb Ritts;	"";	"";	herb ritts
Cool Hand Luke;	"";	"";	cool hand luke
Cliff Robertson;	"";	"";	cliff robertson
Edge of Sanity;	"";	"";	edge of sanity
Charly (1968 film);	"";	"";	charly
The Heart Is a Lonely Hunter;	"";	"";	the heart is a lonely hunter
Alan Bates;	"";	"";	alan bates
The Fixer (novel);	"";	"";	the fixer (novel)
Ron Moody;	"";	"";	ron moody
True Grit (1969 film);	"";	"";	true grit
Melvyn Douglas;	"";	"";	melvyn douglas
I Never Sang for My Father;	"";	"";	i never sang for my father
The Great White Hope;	"";	"";	the great white hope
Gulbuddin Hekmatyar;	"";	"";	gulbuddin hekmatyar
Jacopo Peri;	"";	no;	jacopo peri
Ryan O'Neal;	"";	"";	ryan o'neal
Kotch;	"";	"";	kotch
Merrily We Roll Along (play);	"";	"";	merrily we roll along}}
Jean Vigo;	"";	"";	jean vigo
Alan Greenspan;	"";	"";	alan greenspan
Floyd Patterson;	"";	"";	floyd patterson
William Hazlitt;	"";	"";	william hazlitt
Marger Sealey;	"";	"";	marger sealey
New Year's Day;	"";	"";	pepys
Richard Krajicek;	"";	"";	richard krajicek
A Shock to the System (1990 film);	"";	"";	a shock to the system
Marciana Marina;	"";	"";	marciana marina
Epimetheus;	"";	"";	epimetheus
Epimetheus (moon);	"";	"";	epimetheus
File:Dimmu borgir pem.jpg;	"";	"";	[[puritanical euphoric misanthropia]]
Rayon;	"";	no;	""
Fort Hughes;	"";	"";	fort hughes
Fort Frank;	"";	"";	fort frank
Fort Wint;	"";	"";	fort wint
Oberhavel;	"";	"";	oberhavel
Lockheed Vega;	"";	"";	vega
ACL2;	"";	"";	acl2
Thomas Arne;	"";	"";	thomas arne
Gaius Musonius Rufus;	"";	"";	gaius musonius rufus
Gaius Calpurnius Piso (conspirator);	"";	"";	gaius calpurnius piso
Gnaeus Calpurnius Piso (consul 7 BC);	"";	"";	gnaeus calpurnius piso
Frank Norris;	"";	"";	frank norris}}
Tobago;	"";	"";	tobago
George Roy Hill;	"";	"";	george roy hill
Jodie Sweetin;	"";	"";	jodie sweetin
Topeka (store);	"";	"";	topeka
Friedrich Gottlieb Welcker;	"";	"";	friedrich gottlieb welcker
Kenneth Grahame;	"";	no;	kenneth grahame
B2K;	"";	"";	""
The Postman;	"";	"";	the postman
Robert, 1st Earl of Gloucester;	"";	"";	robert of caen
Robert Fitzhamon;	"";	"";	robert fitzhamon
XS4ALL;	"";	"";	xs4all
The Black Crowes;	"";	no;	the black crowes
Chris Robinson (singer);	"";	"";	chris robinson
William Cowper;	"";	"";	william cowper
Beard;	"";	"";	beard
Nielson Field;	"";	"";	nielson field
Nichols Field;	"";	"";	nichols field
'Til Tuesday;	"";	"";	'til tuesday
Ostrołęka;	"";	"";	ostrołęka
Keloid;	"";	"";	keloid
The Sisters of Mercy;	"";	"";	the sisters of mercy
Vladimir Mayakovsky;	"";	"";	vladimir mayakovsky
Batman Fights Dracula;	"";	"";	batman fights dracula
Batman Dracula;	"";	"";	batman dracula
Steve Yzerman;	"";	"";	steve yzerman
The Andrews Sisters;	"";	"";	the andrews sisters
Jedediah Smith;	"";	"";	jedediah smith
Francis Thompson;	"";	"";	francis thompson
Cyrix;	"";	"";	cyrix corporation
Willie Pep;	"";	"";	willie pep
Vanilla Fudge;	"";	"";	vanilla fudge
Baghdad International Airport;	"";	"";	baghdad international airport
