title;	genus;	species;	name
Ernst Kaltenbrunner;	"";	"";	ernst kaltenbrunner
Engelbert Dollfuss;	"";	"";	engelbert dollfuss
E. T. A. Hoffmann;	"";	"";	e. t. a. hoffmann
Erasmus;	"";	"";	erasmus
Empire;	"";	no;	""
Final Solution;	"";	"";	final solution
Enron;	"";	"";	enron corporation
Eusebius;	"";	"";	eusebius of caesarea
Eastern Orthodox Church;	"";	"";	orthodox catholic church
Eusebius of Nicomedia;	"";	"";	eusebius of nicomedia
Enter the Dragon;	"";	"";	enter the dragon
Elihu Yale;	"";	"";	elihu yale
Émile Baudot;	"";	"";	émile baudot
Enhanced Data rates for GSM Evolution;	"";	"";	gross
Eth;	"";	"";	ð
Eth, Nord;	"";	"";	eth
Euphrates;	"";	"";	euphrates
Estonian language;	"";	"";	estonian
Exxon Valdez oil spill;	"";	"";	exxon valdez oil spill assessment (april 24, 1990)}}
Édouard de Pomiane;	"";	"";	édouard alexandre de pomiane
Edward VI;	"";	"";	edward vi
EDSAC;	"";	"";	electronic delay storage automatic calculator (edsac)
Enid Blyton;	"";	"";	enid blyton
Enrico Fermi;	"";	"";	enrico fermi
Editor war;	"";	"";	modernity
Organization of the Eastern Orthodox Church;	"";	"";	ranks}}
Electric guitar;	"";	"";	electric guitar
Enthalpy;	"";	"";	enthalpy
Erdoğan Atalay;	"";	"";	erdoğan atalay
Ennio Morricone;	"";	"";	ennio morricone
Erlang (unit);	"";	"";	erlang
Enver Hoxha;	"";	"";	enver hoxha
Hirohito;	"";	"";	{{plainlist
Louis Mountbatten, 1st Earl Mountbatten of Burma;	"";	"";	the earl mountbatten of burma
Elbridge Gerry;	"";	no}};	elbridge gerry
Ethnologue;	"";	"";	''ethnologue''
Edward Gibbon;	"";	"";	edward gibbon}}
Edwin Howard Armstrong;	"";	"";	edwin h. armstrong
Human evolution;	"";	"";	habilis}} while [[anatomically modern human]]s emerged in africa approximately 300,000 years ago.
Evliya Çelebi;	"";	"";	evliya çelebi
Extermination camp;	"";	"";	nazi extermination camps
Ebor, New South Wales;	"";	"";	ebor
Eschrichtiidae;	"";	"";	eschrichtiidae
Edmund I;	"";	"";	edmund i
Earle Page;	"";	"";	earle page
Ephrem the Syrian;	"";	"";	ephrem the syrian
European Space Operations Centre;	"";	"";	european space operations centre
European Space Agency;	"";	"";	european space agency
Euphonium;	"";	"";	euphonium
European Broadcasting Union;	"";	"";	european broadcasting union
Boeing E-3 Sentry;	"";	"";	e-3 sentry
Northrop Grumman E-8 Joint STARS;	"";	"";	e-8 joint stars
Eric Cheney;	"";	"";	eric cheney
Ellen van Langen;	"";	"";	ellen van langen
Emacs Lisp;	"";	"";	emacs lisp
Edward Bulwer-Lytton;	"";	"";	the lord lytton
Emotion;	"";	no;	""
Epictetus;	"";	no;	epictetus
Edward Lear;	"";	"";	edward lear
Eve Arden;	"";	"";	eve arden
Enchiridion of Epictetus;	"";	"";	enchiridion
Emperor Kinmei;	"";	"";	kinmei<br>{{nobold
Emperor Bidatsu;	"";	"";	emperor bidatsu<br>{{nobold
Emperor Yōmei;	"";	"";	emperor yōmei<br>{{nobold
Emperor Sushun;	"";	"";	emperor sushun<br>{{nobold
Empress Suiko;	"";	"";	empress suiko<br>{{nobold
Empress Kōgyoku;	"";	"";	empress kōgyoku / empress saimei<br>{{nobold
Emperor Kōtoku;	"";	"";	emperor kōtoku<br>{{nobold
Emperor Tenji;	"";	"";	emperor tenji<br>{{nobold
Emperor Kōbun;	"";	"";	emperor kōbun<br>{{nobold
Emperor Tenmu;	"";	"";	emperor tenmu<br>{{nobold
Empress Jitō;	"";	"";	empress jitō<br/>{{nobold
Emperor Monmu;	"";	"";	emperor monmu<br>{{nobold
Empress Genshō;	"";	"";	empress genshō<br>{{nobold
Empress Kōken;	"";	"";	empress kōken / empress shōtoku<br>{{nobold
Emperor Junnin;	"";	"";	emperor junnin<br>{{nobold
Emperor Heizei;	"";	"";	emperor heizei<br>{{nobold
Emperor Saga;	"";	"";	emperor saga<br/>{{nobold
Emperor Junna;	"";	"";	emperor junna<br>{{nobold
Emperor Sukō;	"";	"";	emperor sukō<br>{{nobold
Emperor Go-Kōgon;	"";	"";	emperor go-kōgon<br>{{nobold
Emperor Go-En'yū;	"";	"";	emperor go-en'yū<br>{{nobold
Emperor Suizei;	"";	"";	emperor suizei<br>{{nobold
Emperor Annei;	"";	"";	emperor annei<br>{{nobold
Emperor Kōshō;	"";	"";	emperor kōshō<br>{{nobold
Emperor Kōan;	"";	"";	emperor kōan<br>{{nobold
Emperor Kōrei;	"";	"";	emperor kōrei<br>{{nobold
Emperor Kōgen;	"";	"";	emperor kōgen<br>{{nobold
Emperor Kaika;	"";	"";	emperor kaika<br>{{nobold
Emperor Sujin;	"";	"";	emperor sujin<br>{{nobold
Emperor Suinin;	"";	"";	emperor suinin<br>{{nobold
Emperor Keikō;	"";	"";	emperor keikō<br>{{nobold
Emperor Seimu;	"";	"";	emperor seimu<br>{{nobold
Emperor Chūai;	"";	"";	emperor chūai<br>{{nobold
Emperor Ōjin;	"";	"";	emperor ōjin<br>{{nobold
Emperor Nintoku;	"";	"";	emperor nintoku<br>{{nobold
Emperor Richū;	"";	"";	emperor richū<br>{{nobold
Emperor Hanzei;	"";	"";	emperor hanzei<br>{{nobold
Emperor Ingyō;	"";	"";	emperor ingyō<br>{{nobold
Emperor Ankō;	"";	"";	emperor ankō<br>{{nobold
Emperor Yūryaku;	"";	"";	emperor yūryaku<br>{{nobold
Emperor Seinei;	"";	"";	emperor seinei<br>{{nobold
Emperor Kenzō;	"";	"";	emperor kenzō<br>{{nobold
Emperor Ninken;	"";	"";	emperor ninken<br>{{nobold
Emperor Buretsu;	"";	"";	emperor buretsu<br>{{nobold
Emperor Keitai;	"";	"";	emperor keitai<br>{{nobold
Emperor Ankan;	"";	"";	emperor ankan<br>{{nobold
Emperor Senka;	"";	"";	emperor senka<br>{{nobold
Eastmoreland, Portland, Oregon;	"";	"";	eastmoreland
Elyssa Davalos;	"";	"";	elyssa davalos
Emil Theodor Kocher;	"";	"";	emil theodor kocher
Enrico Bombieri;	"";	no;	enrico bombieri
Eos;	"";	"";	eos
Elba;	"";	"";	elba
Enki;	"";	"";	enki<br>{{lang-sux
Eli Wallach;	"";	"";	eli wallach
Electric Light Orchestra;	"";	"";	electric light orchestra
Evil Dead II;	"";	"";	evil dead ii
Emperor Ninmyō;	"";	"";	emperor ninmyō<br>{{nobold
Emperor Montoku;	"";	"";	emperor montoku<br>{{nobold
Emperor Seiwa;	"";	"";	emperor seiwa<br>{{nobold
Emperor Yōzei;	"";	"";	emperor yōzei<br>{{nobold
Emperor Kōkō;	"";	"";	emperor kōkō<br>{{nobold
Emperor Uda;	"";	"";	emperor uda<br>{{nobold
Earless seal;	"";	"";	earless seals<ref name=msw3>{{msw3 wozencraft
Exile (1995 video game series);	"";	"";	''exile'' series}}
Emperor Kazan;	"";	"";	emperor kazan<br>{{nobold
Ichijō;	"";	"";	一条  or 一條
Elvis Costello;	"";	no;	elvis costello
Epilepsy;	"";	"";	epilepsy
Elie Wiesel;	"";	"";	{{csv
Ed Wood;	"";	"";	ed wood
Essential tremor;	"";	"";	essential tremor
Association football;	"";	"";	association football
Fox Film;	"";	"";	fox film corporation
First National Pictures;	"";	"";	first national pictures
Francis Ford Coppola;	"";	"";	francis ford coppola
Finland;	"";	"";	"\"full suffrage\""
Frisian languages;	"";	"";	frisian
French language;	"";	"";	french
Cinema of Germany;	"";	"";	cinema of germany
Fiddle;	"";	no;	fiddle
List of female tennis players;	"";	"";	no
Flugelhorn;	"";	"";	flugelhorn
Folk music;	"";	"";	traditional folk music
Fredericton;	"";	"";	fredericton
Floating Point;	"";	"";	floating point
Republic of Fiji Military Forces;	"";	"";	republic of fiji military forces
Tackle (football move);	"";	"";	assoc}}
Frank Zappa;	"";	"";	frank zappa
Frank Lloyd Wright;	"";	"";	frank lloyd wright
Filk music;	"";	"";	filk music
Geography of the Falkland Islands;	"";	"";	falkland&nbsp;islands
Geography of Finland;	"";	"";	finland
Politics of Finland;	"";	"";	politics of the republic of finland
Finnish Defence Forces;	"";	"";	finnish defence forces
French Armed Forces;	"";	"";	french armed forces
Foreign relations of France;	"";	"";	georgia}}
French Polynesia;	"";	"";	french polynesia
French Southern and Antarctic Lands;	"";	"";	french southern and antarctic lands
François Truffaut;	"";	"";	françois truffaut
Fair use;	"";	"";	harper & row v. nation enterprises
Friedrich Wöhler;	"";	"";	friedrich wöhler
Funk;	"";	"";	funk
Frequency;	"";	"";	frequency
Cinema of France;	"";	"";	cinema of france
Cinema of Italy;	"";	"";	cinema of italy
Cinema of Poland;	"";	"";	cinema of poland
Cinema of Japan;	"";	"";	cinema of japan
Cinema of China;	"";	"";	cinema of china
Cinema of the United Kingdom;	"";	"";	cinema of the united kingdom<br />[[file:united kingdom film clapperboard.svg]]
Film noir;	"";	"";	film noir
Finno-Ugric languages;	"";	"";	finno-ugric
Freestyle music;	"";	"";	freestyle
Federal Reserve;	"";	no}};	need
Fermium;	"";	"";	"fm-260}} of which <sup>257</sup>fm is the longest-lived with a [[half-life]] of 100.5&nbsp;days. <sup>253</sup>fm has a half-life of 3 days, while <sup>251</sup>fm of 5.3&nbsp;h, <sup>252</sup>fm of 25.4&nbsp;h, <sup>254</sup>fm of 3.2&nbsp;h, <sup>255</sup>fm of 20.1&nbsp;h, and <sup>256</sup>fm of 2.6&nbsp;hours. all the remaining ones have half-lives ranging from 30 minutes to less than a millisecond.<ref name=\"nubase2003\" />"
Frédéric Chopin;	"";	"";	frédéric chopin
Free Democratic Party (Germany);	"";	"";	free democratic party
F;	"";	"";	f
Frank Herbert;	"";	"";	frank herbert}}
Formula One;	"";	"";	formula one
Franco Baresi;	"";	"";	franco baresi<br />{{post-nominals
Franz Kafka;	"";	"";	franz kafka
Fields Medal;	"";	"";	fields medal
The Trial;	"";	"";	the trial
The Metamorphosis;	"";	"";	metamorphosis
Francisco Goya;	"";	"";	francisco de goya
FM-2030;	"";	"";	fm-2030
West Flemish;	"";	"";	west flemish
Fritz Leiber;	"";	"";	fritz leiber
Flanders;	"";	"";	flanders
French fries;	"";	"";	french fries
Field hockey;	"";	"";	hockey5s
Fencing;	"";	"";	fencing
Felix Bloch;	"";	"";	felix bloch
Dissociative fugue;	"";	"";	dissociative fugue
Force;	"";	"";	force
Foonly;	"";	"";	foonly, inc.
Fibonacci sequence;	"";	"";	fibonacci numbers
Fontainebleau;	"";	"";	fontainebleau
February 29;	"";	"";	aldrich, richard steere
Francis Scott Key;	"";	"";	francis scott key}}
Free to Choose;	"";	"";	free to choose: a personal statement
Albert Park Circuit;	"";	"";	albert park circuit
Monaco Grand Prix;	"";	"";	monaco grand prix
Fahrenheit 451;	"";	"";	fahrenheit 451
Francis Xavier;	"";	"";	francis xavier
Family Educational Rights and Privacy Act;	"";	"";	ferpa
Forgetting;	"";	"";	""
Fay Wray;	"";	"";	fay wray
Fearless (1993 film);	"";	"";	fearless
Franklin D. Roosevelt;	"";	"";	franklin delano roosevelt}}
Felix Hausdorff;	"";	"";	felix hausdorff
Frankfurt;	"";	"";	frankfurt
Albert, King of Saxony;	"";	"";	albert
Freenet;	"";	"";	freenet
Fred Hoyle;	"";	"";	fred hoyle
Forth (programming language);	"";	"";	forth
Francesco Algarotti;	"";	"";	francesco algarotti
Francisco Álvares;	"";	"";	francisco álvares
Francis Hopkinson;	"";	"";	francis hopkinson
Honorius (emperor);	"";	"";	honorius
Frederick Douglass;	"";	no}};	frederick douglass
Ferdinand de Saussure;	"";	"";	ferdinand de saussure
FIFA;	"";	"";	international association football federation
List of presidents of FIFA;	"";	"";	antwerp 1920
Finger Lakes;	"";	"";	finger lakes
Fatah;	"";	"";	fatah
Food and Agriculture Organization;	"";	"";	food and agriculture organization (fao)
Félix Guattari;	"";	"";	félix guattari
Filioque;	"";	"";	epiphanius
Fox News;	"";	"";	fox news channel
Freeciv;	"";	"";	freeciv
Fornax;	"";	"";	fornax
Francesco Borromini;	"";	"";	francesco borromini
Federal Bureau of Investigation;	"";	"";	federal bureau of investigation}}
Northrop F-5;	"";	"";	{{unbulleted list
FIDE;	"";	"";	international chess federation
Figure skating;	"";	"";	figure skating
Frederick Copleston;	"";	"";	frederick copleston
The Pinchcliffe Grand Prix;	"";	"";	the pinchcliffe grand prix
Fortaleza;	"";	"";	fortaleza
Functional analysis;	"";	no;	theorem (uniform boundedness principle)
Frank Sinatra;	"";	no;	""
Four Weddings and a Funeral;	"";	"";	four weddings and a funeral
Ferrari;	"";	"";	ferrari s.p.a.
Fulham F.C.;	"";	"";	[[marek rodák]]}}
Frankie Goes to Hollywood;	"";	"";	frankie goes to hollywood
Fort Wayne, Indiana;	"";	"";	fort wayne
Fenway Park;	"";	"";	fenway park
Flatulence;	"";	"";	flatulence
Final Fantasy: The Spirits Within;	"";	"";	final fantasy: the spirits within
Free Methodist Church;	"";	"";	free methodist church
John Falstaff;	"";	"";	john falstaff
Premier League;	"";	"";	premier league
Fine Gael;	"";	"";	fine gael
Fu Manchu;	"";	no;	dr. fu manchu
Friesland;	"";	"";	friesland
Relax (song);	"";	"";	relax
Two Tribes;	"";	"";	two tribes
Welcome to the Pleasuredome (song);	"";	"";	welcome to the pleasuredome
Rage Hard;	"";	"";	rage hard
Liverpool (album);	"";	"";	liverpool
Faroese language;	"";	"";	faroese
Miami Marlins;	"";	"";	miami marlins
Frédéric Bastiat;	"";	"";	frédéric bastiat
Falsifiability;	"";	"";	faithfultranslationoflosd}} a [[scientific theory
Francisco I. Madero;	"";	"";	francisco i. madero
Fox;	"";	"";	foxes
Felidae;	"";	"";	felidae<ref name=msw3>{{msw3 wozencraft
Frans Eemil Sillanpää;	"";	"";	frans eemil sillanpää
February 28;	"";	"";	harry h. corbett}}</ref>
Flambards;	"";	"";	flambards
Foster's Lager;	"";	"";	foster’s lager
Friends;	"";	no;	""
Francis Bacon;	"";	"";	the viscount st alban
February 3;	"";	"";	allan mclean
Free On-line Dictionary of Computing;	"";	"";	free on-line dictionary of computing (foldoc)
Felix Wankel;	"";	"";	felix wankel
February 16;	"";	"";	william lloyd standish<!--(1930–2015)-->}}</ref>
Frank Capra;	"";	"";	frank capra
FIFA World Cup;	"";	"";	fifa world cup
Quintus Fabius Maximus Verrucosus;	"";	"";	quintus fabius maximus verrucosus
Four Noble Truths;	"";	"";	"dukkha}} from ''dush-stha'', \"standing unstable,\"{{sfn"
Freeman Dyson;	"";	"";	freeman dyson
Franconia;	"";	"";	franconia
United States Foreign Intelligence Surveillance Court;	"";	"";	[[george luzerne hart jr.
FC Den Bosch;	"";	"";	[[joey roggeveen]]
Fiorello La Guardia;	"";	"";	fiorello la guardia
Father Dougal McGuire;	"";	"";	father dougal mcguire
Flores;	"";	"";	flores
Fernando Pessoa;	"";	"";	fernando pessoa
Flag of the United States;	"";	no}};	united states of america
Frederick William, Elector of Brandenburg;	"";	"";	frederick william
French horn;	"";	"";	french horn
Fra Angelico;	"";	"";	fra angelico
Fra Bartolomeo;	"";	"";	fra bartolomeo
Frédéric Bazille;	"";	"";	frédéric bazille
Ford Madox Brown;	"";	"";	ford madox brown
Francis van Aarssens;	"";	"";	francis van aarssens
Francisco Franco;	"";	"";	francisco franco
August Kekulé;	"";	"";	august kekulé
Frederick III, Holy Roman Emperor;	"";	"";	frederick iii
Fuerteventura;	"";	"";	fuerteventura
Fairmount, Indiana;	"";	"";	fairmount, indiana
F. W. de Klerk;	"";	"";	foundation}}
Foot;	"";	"";	foot
Geography of the Federated States of Micronesia;	"";	"";	federated states of micronesia
Fort Collins, Colorado;	"";	"";	fort collins, colorado
List of FIPS country codes;	"";	"";	akrotiri
Fair Isle;	"";	"";	fair isle north lighthouse<br/>''skroo''
Falklands War;	"";	"";	buenos aires war memorial}}
Fahrenheit;	"";	"";	fahrenheit
Florence;	"";	"";	florence
Fred Savage;	"";	"";	fred savage
Fianna Fáil;	"";	"";	fianna fáil&nbsp;– the republican party
Firmin Abauzit;	"";	"";	firmin abauzit
Francis II, Holy Roman Emperor;	"";	"";	francis ii and i <!-- please do not duplicate the succession fields by adding the title holy roman emperor or emperor of austria -->
Frederick Abel;	"";	"";	frederick abel
Flamenco;	"";	"";	flamenco
Friedrich Bessel;	"";	"";	friedrich bessel
Show Me Love (film);	"";	"";	show me love
Persian language;	"";	"";	persian
Frances Abington;	"";	"";	fanny abington
Futurama (New York World's Fair);	"";	"";	''idle money idle men''
Francesco I Sforza;	"";	"";	francesco i sforza
Fyodor Dostoevsky;	"";	no;	fyodor dostoevsky
Faith healing;	"";	"";	"\"all\""
Fritz Lang;	"";	"";	fritz lang
Food and Drug Administration;	"";	"";	food and drug administration
Francis of Assisi;	"";	"";	francis of assisi
General Dynamics F-16 Fighting Falcon;	"";	"";	f-16 fighting falcon
Friedrich Hayek;	"";	"";	friedrich hayek
Fred Brooks;	"";	"";	fred brooks
Fat Man;	"";	"";	fat man
False Claims Act;	"";	"";	hubbard v. united states
Follies;	"";	"";	follies
Far East;	"";	"";	myanmar (burma)}}
Fantasy Games Unlimited;	"";	"";	fantasy games unlimited
Franz Boas;	"";	"";	franz boas
Franz Bopp;	"";	"";	franz bopp
Full Metal Jacket;	"";	"";	full metal jacket
Franklin J. Schaffner;	"";	"";	franklin j. schaffner
McDonnell Douglas F-15 Eagle;	"";	"";	f-15 eagle
Grumman F-14 Tomcat;	"";	"";	f-14 tomcat
Lockheed F-117 Nighthawk;	"";	"";	f-117 nighthawk
Vought F4U Corsair;	"";	"";	f4u/fg/f3a corsair
Freddy Heineken;	"";	"";	freddy heineken
Fred Singer;	"";	"";	s. fred singer
Frederik Pohl;	"";	"";	frederik pohl
Forrest J Ackerman;	"";	"";	"forrest j ackerman<!-- the \"j\" with no period after the middle initial, instead of \"j.\", is not an error. please do not change.-->"
Farmer Giles of Ham;	"";	"";	farmer giles of ham
Fonni;	"";	"";	fonni
FASA;	"";	"";	fasa corporation
McDonnell Douglas F-4 Phantom II;	"";	"";	f-4 phantom ii
McDonnell FH Phantom;	"";	"";	fh phantom
Frederick Soddy;	"";	"";	frederick soddy
Fur seal;	"";	"";	fur seal
Federico Fellini;	"";	"";	federico fellini
Fleetwood Mac;	"";	no;	fleetwood mac
Frederick I, Margrave of Brandenburg-Ansbach;	"";	"";	frederick i
Frederick William I of Prussia;	"";	"";	frederick william i
Filippo Tommaso Marinetti;	"";	"";	filippo tommaso marinetti}}
Foix–Alajouanine syndrome;	"";	"";	foix–alajouanine syndrome
Ferromagnetism;	"";	"";	fi
Francesco Cossiga;	"";	"";	francesco cossiga
Lockheed Martin F-35 Lightning II;	"";	"";	f-35 lightning ii
Fridtjof Nansen;	"";	"";	fridtjof nansen
Frederick Augustus II of Saxony;	"";	"";	frederick augustus ii
Ford GT40;	"";	"";	ford gt40
Guitar;	"";	"";	guitar
Gnutella;	"";	"";	b}}
George Lucas;	"";	"";	george lucas
Gothenburg;	"";	"";	gothenburg
Global Positioning System;	"";	"";	global positioning system (gps)
Guatemala City;	"";	"";	guatemala city
GNU;	"";	"";	gnu
Germanic languages;	"";	"";	germanic
German language;	"";	no;	german
Greek language;	"";	"";	greek
George Orwell;	"";	no}};	george orwell
Goeldi's marmoset;	callimico;	goeldii;	goeldi's marmoset<ref name=msw3>{{msw3 groves
Game theory;	"";	"";	an asymmetric game
Politics of Germany;	"";	"";	political system of the federal republic of germany
George Berkeley;	"";	"";	george berkeley
G. E. Moore;	"";	"";	moore, george edward}}</ref> he became a fellow of trinity in 1898 and was later [[university of cambridge]] [[faculty of philosophy, university of cambridge
George Washington;	"";	"";	washington
Gulf Coast of the United States;	"";	"";	gulf coast
Guam;	"";	"";	guam
Gemini 10;	"";	"";	gemini x
Godzilla;	"";	prehistoric monster{{sfn;	godzilla
King Kong vs. Godzilla;	"";	no;	king kong vs. godzilla
Ebirah, Horror of the Deep;	"";	"";	ebirah, horror of the deep
Son of Godzilla;	"";	"";	son of godzilla
Destroy All Monsters;	"";	"";	destroy all monsters
Godzilla vs. Megalon;	"";	"";	godzilla vs. megalon
Godzilla vs. Biollante;	"";	"";	godzilla vs. biollante
Terror of Mechagodzilla;	"";	"";	terror of mechagodzilla
Godzilla vs. King Ghidorah;	"";	"";	godzilla vs. king ghidorah
Godzilla vs. Mothra;	"";	"";	godzilla vs. mothra
Godzilla (1954 film);	"";	no;	godzilla
The Return of Godzilla;	"";	"";	the return of godzilla
Johann Gottlieb Fichte;	"";	"";	johann gottlieb fichte
Great Lakes;	"";	"";	great lakes of north america
Go Down Moses;	"";	"";	go down, moses
Genealogy;	"";	no;	""
Geography of Gabon;	"";	"";	gabon<br />{{lang
Armed Forces of Gabon;	"";	"";	armed forces of gabon
Geography of Georgia (country);	"";	"";	georgia
Demographics of Georgia (country);	"";	"";	a
Politics of Georgia (country);	"";	"";	politics of georgia
Defence Forces of Georgia;	"";	"";	defence forces of georgia
Foreign relations of Georgia;	"";	"";	so2008
Ghana Armed Forces;	"";	"";	ghana armed forces
Glorioso Islands;	"";	"";	""
Gulf of Finland;	"";	"";	gulf of finland
Gdańsk;	"";	"";	gdańsk
Graviton;	"";	"";	graviton
Göta Canal;	"";	"";	göta canal
General Motors;	"";	"";	general motors company
Göta älv;	"";	"";	{{lang
Greece;	"";	"";	"\"integrated1974\""
Hellenic Armed Forces;	"";	"";	hellenic armed forces
Greenland;	"";	"";	greenland
Geography of Greenland;	"";	"";	greenland
Geography of Grenada;	"";	"";	grenada
Geography of Guam;	"";	"";	guam
Armed Forces of Guatemala;	"";	"";	armed forces of guatemala
Guernsey;	"";	"";	guernsey
Republic of Guinea Armed Forces;	"";	"";	guinean armed forces
Military of Guinea-Bissau;	"";	"";	revolutionary armed forces of the people
Gene Kelly;	"";	"";	gene kelly
Gangsta rap;	"";	"";	gangsta rap
Georg Cantor;	"";	"";	georg cantor
University of Gothenburg;	"";	"";	university of gothenburg
Great Pyramid of Giza;	"";	"";	great pyramid of giza
Gary Coleman;	"";	"";	gary coleman
Garth Brooks;	"";	"";	garth brooks
Gustave Eiffel;	"";	"";	""
Greenpeace;	"";	"";	greenpeace
George Whipple;	"";	"";	george whipple
Alliance 90/The Greens;	"";	"";	alliance 90/the greens
Gheorghe Zamfir;	"";	"";	gheorghe zamfir
Georg Henrik von Wright;	"";	"";	georg henrik von wright
Gaudy Night;	"";	"";	gaudy night
G;	"";	"";	g
Goitre;	"";	"";	goitre
George Pappas;	"";	"";	george sotiros pappas
Guy de Maupassant;	"";	"";	guy de maupassant
Gheorghe Hagi;	"";	"";	gheorghe hagi
Gordon Banks;	"";	"";	gordon banks <br /> {{post-nominals
Ganglion;	"";	"";	ganglion
George R. R. Martin;	"";	no}};	george r. r. martin
A Song of Ice and Fire;	"";	"";	''a song of ice and fire''
World of A Song of Ice and Fire;	"";	"";	the known world
Gotthold Ephraim Lessing;	"";	"";	gotthold ephraim lessing
Gustave Flaubert;	"";	"";	gustave flaubert
Gregory Chaitin;	"";	"";	gregory chaitin
Goran Bregović;	"";	"";	goran bregović
Gamma function;	"";	"";	gamma
Georges Braque;	"";	"";	georges braque
GNU Compiler Collection;	"";	"";	gnu compiler collection
Galen;	"";	"";	galen
G. K. Chesterton;	"";	no;	g. k. chesterton
Ghent;	"";	"";	ghent
Guadeloupe;	"";	"";	guadeloupe
Glagolitic script;	"";	"";	glagolitic
Gazpacho;	"";	"";	gazpacho
Gnome;	"";	"";	gnome
Graphite;	"";	"";	graphite
Garry Trudeau;	"";	"";	garry trudeau
Gradius (video game);	"";	"";	gradius}}
Gettysburg Address;	"";	"";	grave of israel yount (d. 1892)}}), john koch (died 1913)({{coord
Greenhouse effect;	"";	no}};	""
Gnaeus Julius Agricola;	"";	"";	gnaeus julius agricola
Gödel's ontological proof;	"";	"";	"\"godel vs scott\"}} to be inconsistent, as they failed to prove their consistency.<ref group=note>lines \"co'\" in fig.2, and item 5 in section 4 (p. 97).</ref>"
List of gymnasts;	"";	"";	alexandra aristoteli
Gustav Klimt;	"";	"";	gustav klimt
Groucho Marx;	"";	"";	groucho marx
Google Search;	"";	"";	google search
Grape;	"";	"";	grapes, red or green
Genetic disorder;	"";	"";	genetic disorder
George Clinton;	"";	"";	clinton, george}}
Ganges;	"";	"";	ganges
Mobile Suit Gundam Wing;	"";	"";	mobile suit gundam wing
Gough Whitlam;	"";	"";	<!-- defaults to article title when left blank -->
Gradient;	"";	"";	row-column
Gauss (unit);	"";	"";	gauss
Goidelic languages;	"";	"";	goidelic
Gnosticism;	"";	"";	"\"cohen\"}}{{sfn"
Gregor Aichinger;	"";	"";	gregor aichinger
Georgius Agricola;	"";	"";	georgius agricola
Gil Álvarez Carrillo de Albornoz;	"";	"";	gil álvarez carrillo de albornoz
Giovanni Aldini;	"";	"";	giovanni aldini
Gospel of Matthew;	"";	"";	date
Grover Cleveland;	"";	"";	first cleveland
Goodness (band);	"";	"";	goodness
Geoff Hurst;	"";	"";	<small>[[sir]]</small><br> geoff hurst<br /><small>[[order of the british empire
Gloria Gaynor;	"";	"";	gloria gaynor
Gerald Schroeder;	"";	"";	gerald l. schroeder
Gerard Manley Hopkins;	"";	"";	gerard manley hopkins
George Peppard;	"";	"";	george peppard
Geocaching;	"";	"";	geocaching
Guangzhou;	"";	"";	guangzhou
Grateful Dead;	"";	no;	grateful dead
General surgery;	"";	"";	general surgeon
Gorilla;	[[gorilla]];	"";	[[eastern gorilla]]
Gallifrey;	"";	"";	gallifrey
Gymnastics;	"";	"";	gymnastics
Great auk;	pinguinus;	impennis;	fuller2003
Glorantha;	"";	"";	glorantha
Gilles Deleuze;	"";	"";	gilles deleuze
Gene Hackman;	"";	"";	gene hackman
Gregor Mendel;	"";	"";	mount mendel
Grappling;	"";	"";	grapplers
George Mason University;	"";	"";	george mason university
Grus (constellation);	"";	"";	grus
George Stephenson;	"";	"";	george stephenson
Glass;	"";	no;	""
Gel electrophoresis;	"";	"";	gel electrophoresis
Gary Lineker;	"";	"";	gary lineker<br><small>{{post-nominals
Grace Hopper;	"";	"";	grace hopper
Georg Wilhelm Friedrich Hegel;	"";	"";	<!-- include middle initial, if not specified in birth_name -->g. w. f. hegel
GTE;	"";	"";	gte corporation
Gospel;	"";	"";	"\"markan priority\""
GIMP;	"";	"";	gnu image manipulation program
List of islands of Greece;	"";	"";	aegina}}
Gian Lorenzo Bernini;	"";	"";	gian lorenzo bernini
Gary North (economist);	"";	"";	gary north
Guernica;	"";	"";	guernica
Gerrit Rietveld;	"";	"";	gerrit rietveld
Gary, Indiana;	"";	"";	gary
Gregory the Illuminator;	"";	"";	gregory the illuminator
God Emperor of Dune;	"";	"";	god emperor of dune
Green Bay Packers;	"";	"";	green bay packers
Gdynia;	"";	"";	gdynia
Gluon;	"";	"";	gluon
Geography of Afghanistan;	"";	"";	afghanistan
Overview of gun laws by nation;	"";	"";	cap
Gymnosphaerid;	"";	"";	gymnosphaerids
GRE Physics Test;	"";	"";	graduate record examination (physics subject test)
Gardnerian Wicca;	"";	"";	gardnerian wicca
Greg Egan;	"";	"";	greg egan
Guy Fawkes;	"";	no;	guy fawkes
Gary Snyder;	"";	"";	gary snyder
Giant panda;	ailuropoda;	melanoleuca;	giant panda
Giraffe;	giraffa;	camelopardalis;	giraffe
Gustave de Molinari;	"";	"";	gustave de molinari
Grits;	"";	"";	grits
General Electric;	"";	"";	general electric company
George Harrison;	"";	"";	george harrison
Gunpowder;	"";	"";	first
Gary Kildall;	"";	"";	gary kildall
Garrison Keillor;	"";	no}};	garrison keillor
Gia Carangi;	"";	"";	gia carangi
Giacomo Puccini;	"";	"";	giacomo puccini
George Cukor;	"";	"";	george cukor
George Frideric Handel;	"";	"";	george frideric handel
Gzip;	"";	"";	gzip (software)
Geoffrey Chaucer;	"";	"";	geoffrey chaucer
Gerald Gardner;	"";	"";	gerald brosseau gardner
Gavin MacLeod;	"";	"";	gavin macleod
George William, Elector of Brandenburg;	"";	"";	george william
Gerard David;	"";	"";	gerard david
GSM;	"";	"";	gsm
Garry Kasparov;	"";	no;	garry kasparov<br/>{{nobold
Flag of Greenland;	"";	"";	greenland
Gustav Radbruch;	"";	"";	gustav radbruch
General Agreement on Tariffs and Trade;	"";	"";	general agreement on tariffs and trade
G protein-coupled receptor;	"";	"";	gpcr
Galla Placidia;	"";	"";	galla placidia
Galicia (Spain);	"";	"";	galicia
Gary Gygax;	"";	"";	gary gygax}}
Governor of New South Wales;	"";	"";	martin}} and three have died in office.{{notetag
George Bernard Shaw;	"";	"";	george bernard shaw
Glasnevin;	"";	"";	glasnevin
George Abbot (author);	"";	"";	abbotts or abbot, george}}</ref> he owned property in [[baddesley clinton]], warwickshire, and was a good friend of [[richard vines (priest)
Globular cluster;	"";	"";	globular cluster
George Vancouver;	"";	"";	george vancouver
George Gordon, 1st Earl of Aberdeen;	"";	"";	the earl of aberdeen
George Hamilton-Gordon, 4th Earl of Aberdeen;	"";	"";	the earl of aberdeen
GnuCash;	"";	"";	gnucash
George Robert Aberigh-Mackay;	"";	"";	george aberigh-mackay}}
Gallon;	"";	no;	gallon
Francis Gary Powers;	"";	"";	francis gary powers
Gulf of Oman;	"";	"";	gulf of oman
Great Internet Mersenne Prime Search;	"";	"";	great internet mersenne prime search (gimps)
Game.com;	"";	"";	game.com
General Packet Radio Service;	"";	"";	gross
Goshen, Indiana;	"";	"";	goshen, indiana
Greyhound;	"";	"";	greyhound
George Benson;	"";	"";	george benson
Grigory Barenblatt;	"";	"";	grigory barenblatt
Glucose;	"";	"";	{{sm
George Pólya;	"";	"";	george pólya
OpenGL Utility Toolkit;	"";	"";	opengl utility toolkit
Giovanni Boccaccio;	"";	"";	giovanni boccaccio
GÉANT;	"";	"";	géant
Giordano Bruno;	"";	"";	giordano bruno
Geddy Lee;	"";	"";	geddy lee
Geologic time scale;	"";	"";	horizontality
Gilbert Plains;	"";	"";	gilbert plains
Gastroenterology;	"";	"";	gastroenterologist
Geiger counter;	"";	"";	geiger–müller counter
Gin;	"";	"";	gin
Gram Parsons;	"";	"";	gram parsons
Glasgow City Chambers;	"";	"";	glasgow city chambers
Gone with the Wind (novel);	"";	"";	gone with the wind
Geelong Football Club;	"";	"";	no gf
Galileo (satellite navigation);	"";	"";	galileo
Gavrilo Princip;	"";	"";	gavrilo princip
Greenwich Village;	"";	"";	greenwich village
George S. Kaufman;	"";	"";	george s. kaufman
Gilbert N. Lewis;	"";	"";	gilbert n. lewis
Götterdämmerung;	"";	"";	{{lang
Graham Chapman;	"";	no;	graham chapman
Gray whale;	eschrichtius;	robustus;	gray whale<ref name=msw3>{{msw3 cetacea
Jinn;	"";	no;	jinn
Gallurese;	"";	"";	gallurese
Gary Busey;	"";	"";	gary busey
Giosuè Carducci;	"";	"";	giosuè carducci
Geyser;	"";	"";	geyser
Guantanamo Bay Naval Base;	"";	"";	naval station guantanamo bay
Gladstone Gander;	"";	half-duck, half-goose;	gladstone gander
Gordon Michael Woolvett;	"";	"";	gordon michael woolvett
Gypsum;	"";	"";	gypsum
Giuseppe Peano;	"";	"";	giuseppe peano
Gin and tonic;	"";	"";	gin and tonic
George Eliot;	"";	"";	george eliot
Gnumeric;	"";	"";	gnumeric
Galeon;	"";	"";	galeon
Gatling gun;	"";	"";	gatling gun
Granville, New South Wales;	"";	"";	granville
Georg Philipp Telemann;	"";	"";	georg philipp telemann
Granville rail disaster;	"";	"";	granville rail & road bridge disaster
George Gershwin;	"";	"";	george gershwin
Great Victoria Desert;	"";	"";	great victoria desert
GNU Lesser General Public License;	"";	"";	gnu lesser general public license
Gosford;	"";	"";	gosford
Gordon Brown;	"";	no;	""
Galileo project;	"";	"";	''galileo''
Glottis;	"";	"";	glottis
Gurmukhi;	"";	"";	gurmukhi script
Geneva College;	"";	"";	geneva college
Gorillaz;	"";	no}};	gorillaz
GW-BASIC;	"";	"";	gw-basic
Granite;	"";	"";	granite
Gotham City;	"";	"";	gotham city
Charles Goren;	"";	"";	mr}}
Galactus;	"";	[[taa-an]];	""
Game Boy Color;	"";	"";	game boy color
Genosha;	"";	"";	genosha
Grinnell College;	"";	"";	grinnell college
Geoff Ryman;	"";	"";	geoff ryman
Gavoi;	"";	"";	gavoi
Gusana;	"";	"";	lago di gusana
Grazia Deledda;	"";	"";	grazia deledda
Glenn T. Seaborg;	"";	"";	"glenn t. seaborg}} including the nobel lecture on december 12, 1951 \"the transuranium elements: present status\""
Province of Grosseto;	"";	"";	province of grosseto
Gaspard-Gustave de Coriolis;	"";	"";	gaspard-gustave de coriolis
Géza, Grand Prince of the Hungarians;	"";	"";	géza
Gecko;	"";	"";	gecko
Grindcore;	"";	"";	grindcore
George Frederick, Margrave of Brandenburg-Ansbach;	"";	"";	george frederick
George, Margrave of Brandenburg-Ansbach;	"";	"";	george the pious
Gerolamo Cardano;	"";	"";	girolamo cardano
Gene Roddenberry;	"";	"";	gene roddenberry
Galaxy Quest;	"";	"";	galaxy quest
Gilgamesh;	"";	"";	gilgamesh<br>{{lang-akk
Glen or Glenda;	"";	"";	glen or glenda
The Golden Turkey Awards;	"";	"";	the golden turkey awards
George Fox;	"";	"";	george fox
Gilles Apap;	"";	"";	gilles apap
Gelatin dessert;	"";	"";	gelatin dessert
George, Duke of Saxony;	"";	"";	george
Gneiss;	"";	"";	gneiss
Gro Harlem Brundtland;	"";	"";	gro harlem brundtland
Gregory of Nazianzus;	"";	"";	gregory of nazianzus
HTML;	"";	no}};	html<br />{{small
Hector;	"";	"";	hector
Hera;	"";	"";	hera
Howard Hawks;	"";	"";	howard hawks
Hades;	"";	"";	hades
GNU Hurd;	"";	"";	gnu hurd
Halogen;	"";	"";	unstable
Hawaii;	"";	"";	hawaii
Hungary;	"";	"";	current structure of the national assembly of hungary
Holy Roman Empire;	"";	"";	"\"charlemagne\""
Holland;	"";	"";	holland
Harold and Maude;	"";	no;	harold and maude
Hypoxia (medical);	"";	"";	hypoxia
Hudson's Bay Company;	"";	"";	hudson's bay company<br />{{small
Hypoglycemia;	"";	"";	hypoglycemia
Helsingborg Municipality;	"";	"";	helsingborg
Henry Ford;	"";	"";	henry ford
Haiti;	"";	"";	vacantleg
Geography of Haiti;	"";	"";	haiti
Heard Island and McDonald Islands;	"";	"";	territory of {{nowrap
Geography of Honduras;	"";	"";	honduras
Armed Forces of Honduras;	"";	"";	armed forces of honduras
Hong Kong;	"";	"";	hong kong
Howland Island;	"";	"";	howland island
Geography of Hungary;	"";	"";	kékestető (highest)}}, [[gyöngyös]] ([[heves county]])
Hungarian Defence Forces;	"";	"";	hungarian defence forces
Henryk Sienkiewicz;	"";	"";	henryk sienkiewicz
Heinrich Himmler;	"";	"";	""
HTTP;	"";	"";	http-23-message
Hebrew alphabet;	"";	"";	hebrew alphabet
Horace Walpole;	"";	"";	the earl of orford
Horace Engdahl;	"";	"";	horace engdahl
Hebrew language;	"";	"";	hebrew
House of Pain;	"";	"";	house of pain
H. G. Wells;	"";	"";	h.{{nbsp}}g. wells}}
Harald Tveit Alvestrand;	"";	"";	harald tveit alvestrand
Harlan Ellison;	"";	"";	harlan ellison
Hezârfen Ahmed Çelebi;	"";	"";	hezârfen ahmed çelebi
Hans Gerhard Creutzfeldt;	"";	"";	hans gerhard creutzfeldt
Hamburg;	"";	"";	hamburg
Holocene;	"";	"";	holocene
H;	"";	"";	h
Hippocrates;	"";	"";	hippocrates of kos
Hermann Göring;	"";	"";	hermann göring
Hyperthyroidism;	"";	"";	hyperthyroidism
H. P. Lovecraft;	"";	no;	h. p. lovecraft
Hemiparesis;	"";	"";	hemiparesis
Henri Bergson;	"";	"";	henri bergson}}
Hans Selye;	"";	"";	hans selye
Heart of Darkness;	"";	"";	heart of darkness
Hinduism;	"";	"";	"\"definition\"}}{{refn"
Henry Bordeaux;	"";	"";	henry bordeaux
Henry Fielding;	"";	"";	henry fielding
Hate crime;	"";	"";	prohibition of incitement to hatred act 1989}}</ref> frustration at the low number of prosecutions (18 by 2011) was attributed to a misconception that the law addressed hate crimes more generally as opposed to incitement in particular.<ref>{{cite book
Hans Christian Andersen;	"";	"";	hans christian andersen
Hamlet;	"";	"";	hamlet
High German languages;	"";	"";	high german
Hannes Bok;	"";	"";	hannes bok
Herman Brood;	"";	"";	herman brood
HyperCard;	"";	"";	hypercard
Histology;	"";	"";	help
Herodotus;	"";	"";	herodotus
Hermann Hesse;	"";	"";	hermann hesse
Hugo de Garis;	"";	"";	hugo de garis
Heathrow Airport;	"";	"";	heathrow airport
Hipparchus;	"";	"";	hipparchus
Huldrych Zwingli;	"";	"";	huldrych zwingli
Humus;	"";	no}};	""
Heretic (video game);	"";	"";	''heretic''}}
Howard Carter;	"";	"";	howard carter
Hadrian;	"";	"";	hadrian
Herman Melville;	"";	no;	herman melville
Holden;	"";	"";	gm holden ltd
Hank Greenberg;	"";	"";	hank greenberg
Heinrich Schliemann;	"";	"";	heinrich schliemann
Hypnos;	"";	"";	hypnos
Homer;	"";	"";	homer
Hugo Gernsback;	"";	"";	hugo gernsback
History of computing hardware;	"";	"";	ibmeagle
Hawkwind;	"";	"";	hawkwind
Horse;	equus;	ferus;	horse
Hermann Ebbinghaus;	"";	"";	hermann ebbinghaus
Hindi;	"";	"";	hindi
House of Lords;	"";	"";	the right honourable the lords spiritual and temporal of the united kingdom of great britain and northern ireland in parliament assembled
Hawar Islands;	"";	"";	hawar islands
Hans-Dietrich Genscher;	"";	"";	hans-dietrich genscher
Henry Ainsworth;	"";	"";	ainsworth, henry}}</ref> but left without a degree. after associating with the [[puritan party]] in the church, he joined the [[brownist]]s, but submitted to the church of england after being arrested in london, and again when he was arrested in ireland.<ref name=soc>{{cite book
Hernando de Alarcón;	"";	"";	hernando de alarcón
Hyperinflation;	"";	"";	hungary}}
Hildegard of Bingen;	"";	"";	hildegard of bingen
Hilversum;	"";	"";	hilversum
Horace;	"";	no;	horace
Helsinki;	"";	"";	helsinki
Hobart;	"";	"";	hobart
Hesiod;	"";	"";	hesiod
H. R. Giger;	"";	"";	h. r. giger
Hispaniola;	"";	no;	hispaniola
Halle Berry;	"";	"";	halle berry
Robert Koch;	"";	"";	robert koch
Honda;	"";	"";	honda motor co., ltd.
Handball;	"";	"";	handball
Harry Connick Jr.;	"";	"";	harry connick jr.
Hassium;	"";	"";	"\"most stable isotope\"}} one of its isotopes, <sup>270</sup>hs, has [[magic number (physics)"
Hydrus;	"";	"";	hydrus
Hercules;	"";	"";	hercules
Houston;	"";	"";	houston
Hard disk drive;	"";	"";	"\"units-decimal\""
The Holocaust Industry;	"";	"";	the holocaust industry
Hermetic Order of the Golden Dawn;	"";	"";	hermetic order of the golden dawn
Heraclitus;	"";	"";	heraclitus
Harrison Schmitt;	"";	"";	harrison schmitt
Hilaire Rouelle;	"";	"";	""
Hiragana;	"";	"";	hiragana
Harvey Mudd College;	"";	"";	harvey mudd college
Heracles;	"";	"";	heracles
Henry Rollins;	"";	no}};	henry rollins
Heisuke Hironaka;	"";	"";	heisuke hironaka
House of Habsburg;	"";	"";	house of habsburg
House of Commons of the United Kingdom;	"";	"";	the honourable the commons of the united kingdom of great britain and northern ireland in parliament assembled
Hastings;	"";	"";	}}
Hash table;	"";	"";	hash table
Hayling Island;	"";	"";	hayling island
Hahn–Banach theorem;	"";	"";	theorem{{sfn
Houston Texans;	"";	"";	houston texans
Harold Holt;	"";	"";	harold holt
Heavy metal music;	"";	"";	heavy metal
Heretics of Dune;	"";	"";	heretics of dune
Henry J. Heinz;	"";	"";	henry j. heinz
Heinz;	"";	"";	h. j. heinz company
Honolulu;	"";	"";	honolulu
List of ships called HMS Hood;	"";	"";	honours
Houston Astros;	"";	"";	houston astros
Hal Clement;	"";	"";	hal clement
Halldór Laxness;	"";	"";	halldór laxness
Heathers;	"";	"";	heathers
Harp;	"";	"";	harp
Hamas;	"";	no;	islamic resistance movement
Hezbollah;	"";	no;	""
Hani Hanjour;	"";	"";	hani hanjour
Hyena;	"";	"";	hyenas
House music;	"";	"";	house music
HMS Beagle;	"";	"";	charles darwin}} list includes ''the voyage of the ''beagle
Hitachi 6309;	"";	"";	hitachi 6309
Hominy;	"";	"";	hominy
W. Heath Robinson;	"";	"";	w. heath robinson
Heraclius;	"";	"";	heraclius
Hannibal;	"";	"";	hannibal
Hansie Cronje;	"";	"";	hansie cronje
Hultsfred Municipality;	"";	"";	hultsfred municipality
Parliament of the United Kingdom;	"";	"";	parliament of the united kingdom of great britain and northern ireland
Hosea;	"";	"";	hosea
Habakkuk;	"";	"";	habakkuk<br />{{lang
Herman Hollerith;	"";	"";	herman hollerith
Hungarian language;	"";	"";	hungarian
Hannibal Hamlin;	"";	"";	hannibal hamlin
Hockey;	"";	"";	canada hockey league}}
Helene Kröller-Müller;	"";	"";	helene kröller-müller
Hans-Georg Gadamer;	"";	"";	hans-georg gadamer
Harold Kushner;	"";	"";	harold samuel kushner
Heapsort;	"";	"";	wegener
Hezekiah;	"";	"";	hezekiah
Haemophilia;	"";	"";	haemophilia
Hernán Cortés;	"";	"";	hernán cortés
Helen Gandy;	"";	"";	helen wilburforce gandy
Horsepower;	"";	"";	horsepower
Harry Secombe;	"";	"";	harry secombe
Hellas Verona FC;	"";	"";	[[lorenzo montipò]]}}
Humphrey Bogart;	"";	"";	humphrey bogart
Hyperbola;	"";	"";	inscribed angle theorem for hyperbolas<ref>[http://www.mathematik.tu-darmstadt.de/~ehartmann/circlegeom.pdf e. hartmann: lecture note ''''planar circle geometries'''', an introduction to möbius-, laguerre- and minkowski planes, p. 93]</ref><ref>w. benz: ''vorlesungen über geomerie der algebren'', [[springer science+business media
Humayun;	"";	"";	humayun <br /> همایون
Prince-elector;	"";	"";	armorial frederick iii
Howard Hughes;	"";	"";	howard hughes
Hook of Holland;	"";	"";	hook of holland
Hugh Binning;	"";	"";	hugh binning
Hendrick Avercamp;	"";	"";	hendrick avercamp
Hans Baldung;	"";	"";	hans baldung
Hammered dulcimer;	"";	"";	hammered dulcimer
Humanae vitae;	"";	"";	humanae vitae
History of Wikipedia;	"";	"";	britannica
Hopewell Centre (Hong Kong);	"";	"";	hopewell centre
Prince Henry the Navigator;	"";	"";	note
Hanseatic League;	"";	"";	kracht}} only a very small number of hanseatic cities were [[free imperial city
Horror fiction;	"";	no}};	""
Hertz;	"";	"";	hertz
Herat;	"";	"";	herat
Henry Purcell;	"";	"";	henry purcell
Harley-Davidson;	"";	"";	harley-davidson, inc.
Hiberno-English;	"";	"";	hiberno-english
Harmonic analysis;	"";	no;	""
Harappa;	"";	"";	harappa
Hebrides;	"";	"";	"calum macdonald}}. retrieved 15 april 2017.</ref> and donnie munro on skye.<ref>[http://www.donniemunro.co.uk/bio.htm \"donnie munro: biography\"] {{webarchive"
Hartmann Schedel;	"";	"";	hartmann schedel
HIV;	"";	"";	human immunodeficiency viruses
Henry I of England;	"";	"";	henry i
Henry VII of England;	"";	"";	henry vii
Henry VIII;	"";	"";	henry viii
Haryana;	"";	"";	haryana
Himachal Pradesh;	"";	"";	himachal pradesh
History of medicine;	"";	"";	asylum numbers}}<ref>{{cite book
Hamoaze;	"";	"";	hamoaze
Hanover;	"";	"";	hannover
Heinrich Abeken;	"";	"";	heinrich abeken
Henry Bruce, 1st Baron Aberdare;	"";	"";	the lord aberdare
Herbert A. Simon;	"";	"";	herbert a. simon
Hematite;	"";	"";	hematite
Hausa language;	"";	"";	hausa
Elagabalus;	"";	"";	elagabalus
Homeopathy;	"";	"";	homeopathy
Henrik Ibsen;	"";	"";	henrik ibsen
Hawaiian language;	"";	"";	hawaiian
Helen Keller;	"";	no}};	helen keller
Hapworth 16, 1924;	"";	"";	hapworth 16, 1924
Hugh Hefner;	"";	"";	""
Hafizullah Amin;	"";	"";	hafizullah amin
Heavy water;	"";	"";	""
Hamilton, Ontario;	"";	"";	hamilton
Herman of Alaska;	"";	"";	herman of alaska
Heckler & Koch;	"";	"";	heckler & koch gmbh
Heckler & Koch MP5;	"";	"";	heckler & koch mp5
Henry Middleton;	"";	"";	henry middleton
Ham;	"";	"";	ham
Henry Laurens;	"";	"";	henry laurens
British Aerospace HOTOL;	"";	"";	"rolls-royce rb545 \"swallow\""
Hammerhead shark;	"";	"";	hammerhead sharks
Hoover Dam;	"";	"";	hoover dam
Adventures of Huckleberry Finn;	"";	"";	adventures of huckleberry finn
Hair;	"";	"";	hair
Hawker Siddeley Harrier;	"";	"";	harrier gr.1, gr.3 <br />av-8a/c harrier, av-8s matador
Hawker Harrier;	"";	"";	harrier
Horned God;	"";	"";	horned god
Haggis;	"";	"";	haggis
Hank Aaron;	"";	"";	hank aaron
Holy Grail;	"";	"";	grail
Hearst Communications;	"";	"";	hearst communications, inc.
Hunter College;	"";	"";	hunter college
Harry Shearer;	"";	"";	harry shearer
Harmonica;	"";	"";	harmonica
Huey, Dewey, and Louie;	"";	[[american pekin;	huey, dewey, and louie
Hammurabi;	"";	"";	hammurabi<br/>{{script
Honey;	"";	"";	honey
Humphry Davy;	"";	no;	humphry davy
Hecate;	"";	"";	hecate
Hamster;	"";	"";	hamster
HAL 9000;	"";	[[computer]];	hal 9000
Hephaestus;	"";	"";	hephaestus
Hummer;	"";	"";	hummer
Humvee;	"";	"";	high mobility multipurpose wheeled vehicle (hmmwv)
Hydrogen peroxide;	"";	"";	hydrogen peroxide
Hesychasm;	"";	"";	"\"purification for love\""
Hermes;	"";	"";	hermes
Hypnosis;	"";	"";	hypnosis
Henry Chadwick (writer);	"";	"";	henry chadwick
Heather Fargo;	"";	"";	heather fargo
Hedwig of Silesia;	"";	"";	hedwig of silesia
Harold Alexander, 1st Earl Alexander of Tunis;	"";	"";	the earl alexander of tunis
Henry Moseley;	"";	"";	henry moseley
Prince Harry, Duke of Sussex;	"";	"";	prince harry
Hellbender;	cryptobranchus;	alleganiensis;	hellbender
Doc Edgerton;	"";	"";	harold eugene edgerton
Harry Kroto;	"";	"";	sir harold kroto}}
Irina Krush;	"";	"";	irina krush
Iceland;	"";	"";	official}} is a [[nordic countries
India;	"";	"";	fnpopulation
IRIX;	"";	"";	irix
Internet;	"";	"";	onichildpornlegal
Indo-Iranian languages;	"";	"";	indo-iranian
I, Robot;	"";	"";	i, robot
Invictus;	"";	"";	invictus
Indictment;	"";	no}};	""
Republic of Ireland;	"";	"";	the republic of ireland act 1948 (commencement) order 1949
Isaac Asimov;	"";	"";	isaac asimov<!-- please don't add a middle name without a good source. (previously discussed at length at [[talk:isaac asimov/archive13#unsourced middle name: a hoax?]].) -->
Izabella Scorupco;	"";	"";	izabella scorupco
Indonesia;	"";	"";	fn1
Indian Ocean;	"";	"";	indian ocean
Iqaluit;	"";	"";	iqaluit
Iao Valley;	"";	"";	ʻīao valley
Geography of India;	"";	"";	india
Politics of India;	"";	"";	politics of india
Indian religions;	"";	"";	lockard
Idaho;	"";	"";	idaho
Intel;	"";	"";	intel corporation
İsmet İnönü;	"";	"";	i̇smet i̇nönü
Ingmar Bergman;	"";	"";	ingmar bergman
Isaac Newton;	"";	"";	isaac newton
Immanuel Kant;	"";	no}};	immanuel kant
Geography of Indonesia;	"";	"";	indonesia
Demographics of Indonesia;	"";	"";	h}}
Politics of Indonesia;	"";	"";	politics of indonesia
Indonesian National Armed Forces;	"";	"";	indonesian national armed forces
List of islands of Indonesia;	"";	"";	indonesian archipelago
Politics of the Republic of Ireland;	"";	"";	'''politics of the republic of ireland'''
Geography of Israel;	"";	"";	israel
Israeli Declaration of Independence;	"";	"";	a
Geography of Italy;	"";	"";	italy
Politics of Italy;	"";	"";	politics of italy
Italian Armed Forces;	"";	"";	italian armed forces
Italian language;	"";	"";	italian
Ice-T;	"";	"";	ice-t
EFnet;	"";	"";	eris free network
Undernet;	"";	"";	undernet
DALnet;	"";	"";	dalnet
BitchX;	"";	"";	bitchx
MIRC;	"";	"";	mirc
HexChat;	"";	"";	hexchat
Irssi;	"";	"";	irssi
Isle of Man;	"";	"";	isle of man
Italic languages;	"";	"";	italic
Irish Republican Army (1919–1922);	"";	"";	irish republican army
