title;	genus;	species;	name
The Mary Tyler Moore Show;	"";	no;	""
Masanobu Fukuoka;	"";	"";	masanobu fukuoka
Marrubium;	"";	"";	horehound
Thalamus;	"";	"";	thalamus
Lionel Hampton;	"";	"";	lionel hampton
Billy Childish;	"";	"";	billy childish
Pensées;	"";	"";	pascal's pensées, with an introduction by t. s. eliot
Julie Andrews;	"";	"";	julie andrews
Blue Jacket;	"";	"";	blue jacket
Damon Hill;	"";	"";	damon hill<br><small>[[order of the british empire
Developed country;	"";	"";	guernsey}}''
Flag of Aruba;	"";	"";	aruba
Van Morrison;	"";	"";	van morrison
Flag of Chile;	"";	"";	republic of chile
Louis VI of France;	"";	"";	louis vi
Carleton S. Coon;	"";	"";	carleton s. coon
Flag of Finland;	"";	"";	republic of finland<br/>{{lang
Gyges of Lydia;	"";	"";	{{transl
Flag of Indonesia;	"";	"";	republic of indonesia
Duke of Norfolk;	"";	"";	dukedom of norfolk
Flag of Liechtenstein;	"";	"";	principality of liechtenstein
Flag of Luxembourg;	"";	"";	grand duchy of luxembourg
Hyssopus (plant);	"";	"";	hyssop
Inanna;	"";	"";	inanna{{pb}}<small>(ishtar)</small>
Archilochus;	"";	"";	archilochus
Aetna;	"";	"";	aetna inc.
Louis X of France;	"";	"";	louis x
Anne de Mowbray, 8th Countess of Norfolk;	"";	"";	anne de mowbray
Quintin Hogg, Baron Hailsham of St Marylebone;	"";	"";	the lord hailsham of st marylebone
Richard of York, 3rd Duke of York;	"";	"";	richard of york
Agave (daughter of Cadmus);	"";	"";	agave
Big Ten Conference;	"";	"";	big ten conference
Big 12 Conference;	"";	"";	big 12 conference
Agdistis;	"";	"";	tree-type
Agenor;	"";	"";	agenor
Thomas Stanley, 1st Earl of Derby;	"";	"";	thomas stanley
London Waterloo station;	"";	"";	waterloo
Convex Computer;	"";	"";	convex computer corporation
Didymus Chalcenterus;	"";	"";	'''didymus''' ({{lang
The Velvet Underground & Nico;	"";	"";	the velvet underground & nico
Harun al-Rashid;	"";	"";	harun al-rashid<br />{{lang
Didymus the Blind;	"";	"";	didymus the blind
Flag of Suriname;	"";	"";	republic of suriname
Flag of Tuvalu;	"";	"";	tuvalu
Pandrosus;	"";	"";	pandrosus
Raise the Red Lantern;	"";	"";	raise the red lantern
Aulus Gellius;	"";	"";	aulus gellius
Conference USA;	"";	"";	conference usa
Mid-American Conference;	"";	"";	mid-american conference
Philip I of France;	"";	"";	philip i
Philip III of France;	"";	"";	philip iii
Mountain West Conference;	"";	"";	mountain west conference
Henry Howard, Earl of Surrey;	"";	"";	the earl of surrey
Developing country;	"";	"";	eswatini (swaziland)}}
Ceres (mythology);	"";	"";	ceres
Pac-12 Conference;	"";	"";	pac-12 conference
David Attenborough;	"";	"";	david attenborough
La Niña;	"";	"";	niño-niña-declaration-caveat
Longan;	dimocarpus;	longan;	longan
Megaera;	"";	"";	megaera
Jeff Noon;	"";	"";	jeff noon
Philip V of France;	"";	"";	philip v
Charles IV of France;	"";	"";	charles iv
Salamis, Cyprus;	"";	"";	salamis
Copper Canyon;	"";	"";	copper canyon
Aloadae;	"";	"";	aloadae
Taut-line hitch;	"";	"";	taut-line hitch
Marcel Lefebvre;	"";	"";	marcel lefebvre
Hippolyta;	"";	"";	hippolyta
Penthesilea;	"";	"";	penthesilea
Wilco;	"";	"";	wilco
Joshua Beckman;	"";	"";	joshua beckman
Carambola;	"";	"";	carambola, (star fruit), raw
Government of Vietnam;	"";	"";	state of the socialist republic of vietnam
Jack Lang (Australian politician);	"";	"";	jack lang
Hans Geiger;	"";	"";	hans geiger
Antaeus;	"";	"";	antaeus
Cat Stevens;	"";	"";	yusuf islam / cat stevens <!-- please don't change without discussion - see talk archives -->
The Raven;	"";	no;	the raven ''illustrated by édouard manet''}}
Iobates;	"";	"";	iobates
Anteros;	"";	"";	anteros
Erato;	"";	"";	erato
Melpomene;	"";	"";	melpomene
Polyhymnia;	"";	"";	polyhymnia
Terpsichore;	"";	"";	terpsichore
Urania;	"";	"";	urania
Thalia (Muse);	"";	"";	thalia
Michael Douglas;	"";	no;	michael douglas
Joan of Kent;	"";	"";	joan of kent
Good Omens;	"";	"";	good omens
Coraline;	"";	"";	coraline
Eustace II, Count of Boulogne;	"";	"";	eustace ii, count of boulogne
Eustace III, Count of Boulogne;	"";	"";	eustace iii
Eustace IV, Count of Boulogne;	"";	"";	eustace iv
Caesarea Maritima;	"";	"";	caesarea
Uma Thurman;	"";	no}};	uma thurman
Heather Nova;	"";	"";	heather nova
Pan (moon);	"";	"";	pan
Pan (god);	"";	"";	pan
Pan (genus);	[[pan (genus);	"";	chimpanzees and bonobos<ref name=msw3>{{msw3 groves
Samuel Barber;	"";	"";	samuel barber
Fraxinus americana;	fraxinus;	americana;	""
Apate;	"";	"";	apate
Paco Gento;	"";	"";	paco gento
North Platte, Nebraska;	"";	"";	north platte
Hemoglobinopathy;	"";	"";	hemoglobinopathy
Paul Ehrenfest;	"";	"";	paul ehrenfest
Eileithyia;	"";	"";	eileithyia
Quintin Hogg (merchant);	"";	"";	quintin hogg
Klazomenai;	"";	"";	klazomenai
Indo-Aryan languages;	"";	"";	indo-aryan
Pixar;	"";	no;	pixar animation studios
Fritjof Capra;	"";	"";	fritjof capra
Daphne;	"";	"";	daphne
Cyrene (mythology);	"";	"";	cyrene
Aristaeus;	"";	"";	aristaeus
List of MPs elected in the 2001 United Kingdom general election;	"";	"";	2001–2005 parliament of the united kingdom
Hecuba;	"";	"";	hecuba
Asclepius;	"";	"";	asclepius
Neil Turner (British politician);	"";	"";	neil turner
Stheno;	"";	"";	stheno (gorgon)
Calabasas, California;	"";	"";	calabasas, california
Chrysaor;	"";	"";	chrysaor
Asia (Oceanid);	"";	"";	asia
Themis;	"";	"";	themis
Glastonbury Festival;	"";	"";	""
Ate (mythology);	"";	"";	ate
Litae;	"";	"";	the litae
Roger II of Sicily;	"";	"";	roger ii
Delos;	"";	"";	delos
Maple (software);	"";	"";	maple
Cyclops (Marvel Comics);	"";	[[mutant (marvel comics);	""
BNC connector;	"";	"";	bnc connector
Interview with the Vampire;	"";	"";	interview with the vampire
Electryon;	"";	"";	electryon
Louis de Branges de Bourcia;	"";	"";	louis de branges de bourcia
Cadfael;	"";	"";	brother cadfael
Seven Against Thebes (play);	"";	"";	seven against thebes
Amiga 3000;	"";	"";	amiga 3000
Harvey Keitel;	"";	"";	harvey keitel
Robert II of France;	"";	"";	robert ii
Architecture of Mesopotamia;	"";	"";	architecture of mesopotamian civilization
Lady Arbella Stuart;	"";	"";	lady arbella stuart
Cynthia;	"";	"";	cynthia
Climate of the Alps;	"";	"";	buchs, aargau}}
Labrador Retriever;	"";	"";	labrador retriever
German Shepherd;	"";	"";	german shepherd
Skunk;	"";	"";	skunks
Moirai;	"";	"";	moirai
XBasic;	"";	"";	xbasic
Atlantic canary;	"";	"";	atlantic canary
Xanthos;	"";	"";	xanthos
Bia (mythology);	"";	"";	bia
Lysander Spooner;	"";	"";	lysander spooner
Liber;	"";	"";	liber
Sun Belt Conference;	"";	"";	sun belt conference
Southeastern Conference;	"";	"";	southeastern conference (sec)
Caduceus;	"";	"";	caduceus
Western Athletic Conference;	"";	"";	western athletic conference
Ada Adler;	"";	"";	ada sara adler
NCAA Division I FBS independent schools;	"";	"";	fbs independents
Big Sky Conference;	"";	"";	big sky conference
Hans Christian Gram;	"";	"";	hans christian gram
Southwestern Athletic Conference;	"";	"";	southwestern athletic conference
Pioneer Football League;	"";	"";	pioneer football league
Atlantic 10 Conference;	"";	"";	atlantic 10 conference
Missouri Valley Football Conference;	"";	"";	missouri valley football conference
Ohio Valley Conference;	"";	"";	ohio valley conference
Mid-Eastern Athletic Conference;	"";	"";	mid-eastern athletic conference
Patriot League;	"";	"";	patriot league
Surveyor program;	"";	"";	surveyor program
Diane Abbott;	"";	"";	diane abbott
Catreus;	"";	"";	catreus
Apemosyne;	"";	"";	apemosyne
Althaemenes;	"";	"";	althaemenes
Irene Adams;	"";	"";	the baroness adams<br />of craigielea
Cecrops I;	"";	"";	cecrops
Emperor Jomei;	"";	"";	emperor jomei<br>{{nobold
Pyrrha;	"";	"";	pyrrha
Nick Ainger;	"";	"";	nick ainger
William Pitt the Younger;	"";	"";	william pitt
Abruzzo;	"";	"";	}}
Campobasso;	"";	"";	campobasso
Torella del Sannio;	"";	"";	torella del sannio
Upper Angara;	"";	"";	upper angara
École Centrale de Lille;	"";	no;	{{lang
Tahr;	"";	"";	tahr
Belukha Mountain;	"";	"";	belukha mountain
Willamette River;	"";	"";	willamette river
Bouches-du-Rhône;	"";	"";	bouches-du-rhône
Tarascon;	"";	"";	tarascon
Arles;	"";	"";	arles
Aix-en-Provence;	"";	"";	aix-en-provence
Tartarin of Tarascon;	"";	"";	tartarin of tarascon
Alphonse Daudet;	"";	"";	alphonse daudet
Scorpions (band);	"";	"";	scorpions
Serge Gainsbourg;	"";	"";	serge gainsbourg
Mausolus;	"";	"";	mausolus
List of newspapers in the United Kingdom;	"";	"";	fn2
Himalayan tahr;	hemitragus;	jemlahicus;	himalayan tahr
Centaur (rocket stage);	"";	"";	centaur iii
Athalaric;	"";	"";	athalaric
Ceryx;	"";	"";	ceryx
Phorcys;	"";	"";	phorcys
Bronte, Sicily;	"";	"";	bronte
Strait of Messina;	"";	"";	strait of messina
SS-GB;	"";	"";	ss-gb
Chloe;	"";	"";	chloe
Chronos;	"";	"";	chronos
Finnegans Wake;	"";	no;	""
Telephassa;	"";	"";	telephassa
Cilix;	"";	"";	cilix
Daniel Handler;	"";	"";	daniel handler
Cimmerians;	"";	"";	cimmerian
Mineola, New York;	"";	"";	mineola
Southern Conference;	"";	"";	southern conference
The Magnetic Fields;	"";	"";	the magnetic fields
Stephin Merritt;	"";	"";	stephin merritt
Metro Atlantic Athletic Conference;	"";	"";	metro atlantic athletic conference
Louis VIII of France;	"";	"";	louis viii
Northeast Conference;	"";	"";	northeast conference
NCAA Division I FCS independent schools;	"";	"";	bscovc
Giotto (spacecraft);	"";	"";	''giotto''
Boeotia;	"";	"";	boeotia
Big South Conference;	"";	"";	big south conference
Aerospace manufacturer;	"";	"";	maxmud
Pindar;	"";	no}};	pindar
Great Northwest Athletic Conference;	"";	"";	great northwest athletic conference (gnac)
Soca music;	"";	"";	soca music
Central Intercollegiate Athletic Association;	"";	"";	central intercollegiate athletic association (ciaa)
Gulf South Conference;	"";	"";	gulf south conference
Lone Star Conference;	"";	"";	lone star conference
Mid-America Intercollegiate Athletics Association;	"";	"";	mid-america intercollegiate athletics association
Cappadocia;	"";	"";	cappadocia
Chiruromys lamia;	chiruromys;	lamia;	""
Pinto bean;	"";	"";	beans, pinto, mature seeds, cooked, boiled, without salt
Lychee;	litchi;	chinensis;	lychees, raw, 100 g
Bridge City, Texas;	"";	"";	bridge city, texas}}
Uniq;	"";	"";	uniq
Diff;	"";	"";	diff
Ecotourism;	"";	no;	ecotourism by country
The Sandman (comic book);	"";	no}};	""
North Central Conference;	"";	"";	north central conference
Euboea;	"";	"";	evvia
Yankee Doodle;	"";	"";	yankee doodle
Richard of Cornwall;	"";	"";	richard
Northern Sun Intercollegiate Conference;	"";	"";	northern sun intercollegiate conference
Anchors Aweigh (film);	"";	"";	anchors aweigh
Pennsylvania State Athletic Conference;	"";	"";	pennsylvania state athletic conference
Rocky Mountain Athletic Conference;	"";	"";	rocky mountain athletic conference
South Atlantic Conference;	"";	"";	south atlantic conference
Cantaloupe;	''[[cucumis]]'';	''[[cucumis melo;	cantaloupe
Southern Intercollegiate Athletic Conference;	"";	"";	southern intercollegiate athletic conference
West Virginia Intercollegiate Athletic Conference;	"";	"";	west virginia intercollegiate athletic conference
The Bells of St. Mary's;	"";	"";	the bells of st. mary's
Michelin;	"";	"";	michelin
Mithridates;	"";	"";	mithridates
Los Angeles County, California;	"";	"";	los angeles county
Alameda County, California;	"";	"";	alameda county
Alpine County, California;	"";	"";	alpine county, california
Amador County, California;	"";	"";	amador county, california
Butte County, California;	"";	"";	butte county, california
Calaveras County, California;	"";	"";	calaveras county, california
Colusa County, California;	"";	"";	colusa county, california
Contra Costa County, California;	"";	"";	contra costa county
Del Norte County, California;	"";	"";	del norte county
El Dorado County, California;	"";	"";	el dorado county
Fresno County, California;	"";	"";	fresno county, california
Canadian Confederation;	"";	"";	plusnwt}}
Green Party of England and Wales;	"";	"";	green party of england and wales
Eric Sykes;	"";	"";	eric sykes
Herald Sun;	"";	"";	herald sun
Aragón (river);	"";	"";	aragón
University of Lausanne;	"";	"";	university of lausanne
Excelsior Rotterdam;	"";	"";	[[stijn van gassel]]
Sparta Rotterdam;	"";	"";	[[nick olij]]}}
PSV Eindhoven;	"";	"";	[[walter benítez (footballer)
Charles Wheatstone;	"";	"";	charles wheatstone
Amarna;	"";	"";	amarna
Bachelor Mother;	"";	"";	bachelor mother
Touraine;	"";	"";	touraine<!-- at least one of the first two fields must be filled in -->
John Willie;	"";	"";	john willie
Carloman I;	"";	"";	carloman i
The Spitfire Boys;	"";	"";	the spitfire boys
Fsck;	"";	"";	fsck
Lucas Cranach the Elder;	"";	"";	lucas cranach the elder
Rodan;	"";	irradiated [[pteranodon]];	rodan
Pichichi Trophy;	"";	"";	pichichi trophy
Ford Prefect (character);	"";	betelgeusian;	ford prefect
The Meaning of Liff;	"";	"";	the meaning of liff
Coeus;	"";	"";	coeus
Pichichi (footballer);	"";	"";	pichichi
Amiga 2000;	"";	"";	amiga 2000
Kratos (mythology);	"";	"";	kratos
Zelus;	"";	"";	zelus
Crius;	"";	"";	crius
Duke of Cornwall;	"";	"";	dukedom of cornwall
Sporting de Gijón;	"";	"";	[[rubén yáñez]]}}
Albacete Balompié;	"";	"";	[[bernabé barragán]]
Kronia;	"";	"";	clendar_example
Jeffrey Eugenides;	"";	"";	jeffrey eugenides
Giuseppe Piazzi;	"";	"";	giuseppe piazzi
Gabriel Faure (writer);	"";	"";	gabriel faure
Enlightenment (software);	"";	"";	enlightenment
IceWM;	"";	"";	icewm
Shigeru Miyamoto;	"";	"";	shigeru miyamoto
Northern Canada;	"";	"";	northern canada
Knidos;	"";	"";	knidos
Nick Raynsford;	"";	"";	nick raynsford
Sly syndrome;	"";	"";	sly syndrome
Machu Picchu;	"";	"";	machu picchu
Manu Chao;	"";	"";	manu chao
Michael Marshall Smith;	"";	"";	michael marshall smith
Rage Against the Machine;	"";	no}};	rage against the machine
Epic of Gilgamesh;	"";	"";	''epic of gilgamesh''<!-- poem name, if other than the article name or if using wikisource link -->
Crates of Thebes;	"";	"";	crates of thebes
Tycho (lunar crater);	"";	"";	tycho
Surveyor 7;	"";	"";	surveyor 7
Surveyor 3;	"";	"";	surveyor 3
Lon Nol;	"";	"";	lon nol
Stephen, Count of Blois;	"";	"";	stephen
Lê Duẩn;	"";	"";	lê duẩn
Trần Văn Trà;	"";	"";	trần văn trà
Lê Đức Thọ;	"";	"";	lê đức thọ
Damocles;	"";	"";	damocles<br/>{{lang
Vandana Shiva;	"";	"";	vandana shiva
Dactyl (moon);	"";	"";	dactyl
Phạm Văn Đồng;	"";	"";	phạm văn đồng
Dardanus (son of Zeus);	"";	"";	dardanus
Dương Văn Minh;	"";	"";	dương văn minh
Nguyễn Khánh;	"";	"";	nguyễn khánh
Nguyễn Văn Thiệu;	"";	"";	nguyễn văn thiệu
Phobos (mythology);	"";	"";	phobos
Dean Acheson;	"";	"";	dean acheson
Coldplay;	"";	"";	coldplay
Ellsworth Bunker;	"";	"";	ellsworth bunker
Kim Mitchell;	"";	"";	kim mitchell
William Calley;	"";	"";	william laws calley jr.
The Virgin Suicides;	"";	"";	the virgin suicides
John Foster Dulles;	"";	"";	john foster dulles
Juno Awards;	"";	"";	the juno awards
Daniel Ellsberg;	"";	"";	daniel ellsberg
Felix Yusupov;	"";	"";	prince felix felixovich yusupov
3 Juno;	"";	"";	3 juno
Rutgers University;	"";	"";	rutgers university
Alexander Haig;	"";	"";	alexander haig
Pedro Alcázar;	"";	"";	pedro alcázar
John Gotti;	"";	"";	john gotti
Buckwheat;	fagopyrum;	esculentum;	buckwheat
Triptolemus;	"";	"";	triptolemus
Mike Mansfield;	"";	"";	mike mansfield
Sidney James (footballer);	"";	"";	sidney james
Graham Martin;	"";	"";	graham martin
Pete Peterson;	"";	"";	pete peterson
William Westmoreland;	"";	"";	william westmoreland
Dodona;	"";	"";	dodona
Robert McNamara;	"";	"";	robert mcnamara
Clark Clifford;	"";	"";	clark clifford
Melvin Laird;	"";	"";	melvin laird
Lou Tellegen;	"";	"";	lou tellegen
Endemic goitre;	"";	"";	endemic goitre
Knossos;	"";	"";	knossos
Burmeister & Wain;	"";	"";	burmeister & wain
Sale, Victoria;	"";	"";	sale
Favorinus;	"";	"";	favorinus of arelate
Roskilde;	"";	"";	roskilde
J. C. Jacobsen;	"";	"";	j. c. jacobsen
African diaspora;	"";	no;	""
UAE (emulator);	"";	"";	uae
Yokohama;	"";	"";	yokohama
Lev Landau;	"";	"";	lev landau
1983 United Kingdom general election;	"";	"";	boundary change
Recreativo de Huelva;	"";	"";	[[rubén gálvez]]
Bezique;	"";	"";	bezique
Bilderberg Meeting;	"";	"";	bilderberg meeting
Rimini;	"";	"";	rimini
International Commission on Illumination;	"";	"";	international commission on illumination<br/>commission internationale de l'éclairage
Philippe II, Duke of Orléans;	"";	"";	philippe ii
Lotis (mythology);	"";	"";	lôtis
Echidna;	"";	"";	echidnas
What Makes Sammy Run?;	"";	"";	what makes sammy run?
Echidna (mythology);	"";	"";	j
Menudo (group);	"";	"";	menudo
AK1200;	"";	"";	ak1200
Johnny Mnemonic (film);	"";	"";	johnny mnemonic
Paul Klee;	"";	"";	paul klee
Simplicius of Cilicia;	"";	"";	simplicius of cilicia
Rapeman;	"";	"";	rapeman
Avro Canada;	"";	"";	avro canada
Statius;	"";	"";	publius papinius statius
Ausonius;	"";	"";	decimius magnus ausonius
Babes in Toyland (band);	"";	"";	babes in toyland
Stilicho;	"";	"";	stilicho
Juliana of the Netherlands;	"";	"";	juliana
Beatrix of the Netherlands;	"";	"";	beatrix
Alexis Argüello;	"";	"";	alexis argüello
Spellbound (1945 film);	"";	"";	spellbound
Henry V (1944 film);	"";	"";	henry v
Euric;	"";	"";	euric
The Razor's Edge;	"";	"";	the razor's edge
The Yearling (1946 film);	"";	"";	the yearling
Doughty Hanson & Co;	"";	"";	doughty hanson & co
Decimal separator;	"";	"";	oracle_quote
Twisted pair;	"";	"";	shield codes}}
The Bishop's Wife;	"";	"";	the bishop's wife
Dunlop Standard Aerospace Group;	"";	"";	dunlop standard aerospace group ltd
Nick Drake;	"";	"";	nick drake
Kokkola;	"";	"";	kokkola
Miracle on 34th Street;	"";	"";	miracle on 34th street
Hamlet (1948 film);	"";	"";	hamlet
Johnny Belinda (1948 film);	"";	"";	johnny belinda
The Snake Pit;	"";	"";	the snake pit
BTR plc;	"";	"";	btr plc limited
Glenn County, California;	"";	"";	glenn county, california
Imperial County, California;	"";	"";	imperial county, california
Kern County, California;	"";	"";	kern county
Kings County, California;	"";	"";	kings county, california
Homage to Catalonia;	"";	"";	homage to catalonia
Lake County, California;	"";	"";	lake county, california
Lassen County, California;	"";	"";	lassen county, california
Atreus;	"";	"";	house of atreus
Calchas;	"";	<!-- or;	calchas thestorides<br>κάλχας θεστορίδης
Aerope;	"";	"";	aerope
Tyndareus;	"";	"";	tyndareus
Boleslaus I, Duke of Bohemia;	"";	"";	boleslaus i
Rivers of classical antiquity;	"";	"";	abdua, addua}}}}
Hussein of Jordan;	"";	"";	hussein
Elefsina;	"";	"";	elefsina
Elliott Smith;	"";	no;	elliott smith
Unity Church;	"";	"";	unity spiritual movement
Terrence Malick;	"";	"";	terrence malick
Michael Nyman;	"";	"";	michael nyman
Upanishads;	"";	"";	"\"central concepts\"}} they are the most recent addition to the [[vedas]], the oldest scriptures of hinduism, and deal with meditation, [[indian philosophy"
Mira Nair;	"";	"";	mira nair
San Bernardino County, California;	"";	"";	san bernardino county, california
Anarcho-punk;	"";	"";	anarcho-punk
Jeeves;	"";	"";	reginald jeeves
Aunt Agatha;	"";	"";	aunt agatha
Vaucluse;	"";	"";	vaucluse
Cher;	"";	no;	cher
Cher (department);	"";	"";	cher
Cher (river);	"";	"";	cher
Mató;	"";	"";	''mató''
Ulster Volunteer Force;	"";	"";	ulster volunteer force (uvf)
Terry Scott;	"";	"";	terry scott
June Whitfield;	"";	"";	<!-- defaults to article title when left blank -->
Artificial cardiac pacemaker;	"";	"";	artificial cardiac pacemaker
American University;	"";	"";	american university
Vitoria-Gasteiz;	"";	"";	vitoria-gasteiz
Uthman;	"";	"";	uthman<br /> {{nobold
Uthman (name);	"";	"";	uthman <br /> {{lang
Umar;	"";	"";	‘umar<br />عُمَر
SCART;	"";	"";	euroscart
Le Figaro;	"";	"";	{{lang
Sheldonian Theatre;	"";	"";	sheldonian theatre
Ariane 4;	"";	"";	ariane 4
Francis Marion;	"";	"";	francis marion
Rhône;	"";	"";	rhône
Rhône (department);	"";	"";	rhône
Real Oviedo;	"";	"";	[[quentin braat]]
New Jersey Route 18;	"";	"";	"\"slds\""
Star Wars: X-Wing vs. TIE Fighter;	"";	"";	''star wars: x-wing vs. tie fighter''}}
Beryl Bainbridge;	"";	"";	beryl bainbridge
Athletic Bilbao;	"";	"";	copa1902
Ahmed Yassin;	"";	"";	ahmed yassin
François Rabelais;	"";	"";	françois rabelais
Telmo Zarra;	"";	"";	zarra
Liroy;	"";	"";	piotr liroy
Stone Temple Pilots;	"";	no;	stone temple pilots
Lucasfilm;	"";	"";	lucasfilm ltd. llc
Klagenfurt;	"";	"";	klagenfurt am wörthersee
Fort Detrick;	"";	"";	fort detrick
Georgette Heyer;	"";	"";	georgette heyer
My World and Welcome to It;	"";	"";	my world — and welcome to it
Unas;	"";	"";	unas
Walloon Brabant;	"";	"";	walloon brabant
Place de la Concorde;	"";	"";	place de la concorde
Ahmose I;	"";	"";	ahmose i
Billie Joe Armstrong;	"";	"";	""
Battleground (film);	"";	"";	battleground
Full Throttle (1995 video game);	"";	"";	fn1
A Letter to Three Wives;	"";	"";	a letter to three wives
The Dig (video game);	"";	"";	the dig ''soundtrack''
Harold Macmillan;	"";	"";	the earl of stockton
Born Yesterday (play);	"";	"";	born yesterday
Father of the Bride (1950 film);	"";	"";	father of the bride
Hamid Karzai;	"";	"";	hamid karzai
Empusa;	"";	"";	"apollonius tyanaeus}}\"</ref>"
Selene;	"";	"";	selene
Copa del Rey;	"";	"";	copa del rey
Tyro;	"";	"";	tyro
Neches River;	"";	"";	neches river
Matra;	"";	"";	matra
The Secret of Monkey Island;	"";	"";	''the secret of monkey island''}}
Earl of Pembroke;	"";	"";	earldom of pembroke<br><small>''held with''</small><br>[[earl of montgomery
Aeson;	"";	"";	aeson
Alpes-Maritimes;	"";	"";	alpes-maritimes
Iolaus;	"";	"";	iolaus
Tithonus;	"";	"";	tithonus
Kate Mulgrew;	"";	"";	kate mulgrew
General Electric Company;	"";	"";	general electric company plc
Scottish Aviation;	"";	"";	scottish aviation limited
Davy Crockett;	"";	no}};	davy crockett
British Aircraft Corporation;	"";	"";	british aircraft corporation
List of cities and counties in Virginia;	"";	"";	independent cities and counties of virginia
Mezcal;	"";	"";	mezcal
Acastus;	"";	"";	acastus
Cannes;	"";	"";	cannes
Rio Bravo (film);	"";	"";	rio bravo
Pedro del Valle;	"";	"";	pedro del valle
Gironde estuary;	"";	"";	gironde
Yello;	"";	"";	yello
King Solomon's Mines;	"";	"";	king solomon's mines
Crotone;	"";	"";	crotone
Lowell Observatory;	"";	"";	lowell observatory
Val d'Aran;	"";	"";	aran
Intelligent dance music;	"";	"";	intelligent dance music
Banjo Paterson;	"";	"";	banjo paterson
Brandeis University;	"";	"";	brandeis university
John Kerr (governor-general);	"";	"";	john kerr
Glendalough;	"";	"";	glendalough
Bologna FC 1909;	"";	"";	[[stefan posch]]}}
Andoni Goikoetxea;	"";	"";	andoni goikoetxea
AWeb;	"";	"";	aweb
IBrowse;	"";	"";	ibrowse
Voyager (web browser);	"";	"";	voyager
Vulcano;	"";	"";	vulcano
The Political Compass;	"";	"";	the political compass
Shanxi;	"";	"";	shanxi
Xi'an;	"";	"";	xi'an
Soissons;	"";	"";	soissons
Pietro d'Abano;	"";	"";	pietro d'abano
Rachel Carson;	"";	"";	rachel carson
Asturleonese language;	"";	"";	asturleonese
Racing de Ferrol;	"";	"";	[[gianfranco gazzaniga]]
B. Carroll Reece;	"";	"";	carroll reece
Silent Spring;	"";	"";	silent spring
Hugo Sánchez;	"";	"";	hugo sánchez
Jo Guest;	"";	"";	jo guest
Noyon;	"";	"";	noyon
Luigi;	"";	"";	luigi
Mario;	"";	"";	mario
Charles-François Daubigny;	"";	"";	charles-françois daubigny
Yoshi;	"";	yoshi;	""
Princess Peach;	"";	human;	princess peach
Jacob's Mouse;	"";	"";	jacob's mouse
Brian Jones;	"";	"";	brian jones
Fort Sumter;	"";	"";	fort sumter
Paul Hindemith;	"";	"";	paul hindemith
Pedro II of Brazil;	"";	"";	pedro&nbsp;ii
Ilford;	"";	"";	ilford ud/mb
Pedro I of Brazil;	"";	"";	pedro i
Bowser;	"";	[[koopa troopa;	bowser
Indiana Jones and the Temple of Doom;	"";	"";	indiana jones and the temple of doom
Laomedon of Troy;	"";	"";	laomedon
Tros (mythology);	"";	"";	tros
Bertie Wooster;	"";	"";	bertie wooster
Marianne Fredriksson;	"";	"";	lillemor marianne fredriksson}}
Teotihuacan;	"";	"";	teotihuacan
Clematis marmoraria;	"";	"";	''clematis marmoraria''
John Lennon/Plastic Ono Band;	"";	"";	john lennon/plastic ono band
White Sea;	"";	"";	white sea
Astrid Kirchherr;	"";	"";	astrid kirchherr
South Bay (Los Angeles County);	"";	"";	south bay
Bristol Blenheim;	"";	"";	blenheim <br /> (types 142m, 149, 160)
Parlophone;	"";	"";	{{color
Southampton F.C.;	"";	"";	[[alex mccarthy]]}}
Bombardier Aviation;	"";	"";	bombardier aviation
Rainer Werner Fassbinder;	"";	"";	rainer werner fassbinder
Alfred Adler;	"";	"";	alfred adler
Woodland Hills, Los Angeles;	"";	"";	woodland hills
Donkey Kong (character);	"";	"[[gorilla]]<ref>\"the thrilla gorilla\" – ''donkey kong country'' instruction manual, pg. 12</ref>";	donkey kong
High Performance File System;	"";	"";	hpfs
List of counties in Colorado;	"";	"";	fips2
Windows API;	"";	"";	windows api
Glendale, California;	"";	"";	glendale, california
Space Channel 5;	"";	"";	''space channel 5: special edition''}}
Greater Los Angeles;	"";	"";	greater los angeles
Françoise d'Eaubonne;	"";	"";	françoise d'eaubonne
LIGO;	"";	"";	ligo hanford observatory}}<br />ligo livingston observatory: {{coord
Coenzyme A;	"";	"";	""
List of counties in Georgia;	"";	"";	counties of georgia
California State University, Northridge;	"";	"";	{{nowrap
Thinking Machines Corporation;	"";	"";	thinking machines corporation
Pyruvic acid;	"";	"";	pyruvic acid
Acetoacetic acid;	"";	"";	acetoacetic acid
Claude Lorrain;	"";	"";	claude lorrain
Viola d'amore;	"";	"";	viola d'amore
Gaius Marius;	"";	"";	gaius marius
Windows Metafile;	"";	"";	windows metafile
Saint Vincent College;	"";	"";	saint vincent college
Minthe;	"";	"";	minthe
Iasion;	"";	"";	iasion
Harpocrates;	"";	"";	harpocrates
Assisi;	"";	"";	assisi
Myrrha;	"";	"";	cupido myrrha}} retrieved april 21, 2018.</ref><ref>{{cite book
Santa Cruz, California;	"";	"";	santa cruz
Neoptolemus;	"";	"";	neoptolemus
Lycomedes of Scyros;	"";	"";	lycomedes
Deidamia (daughter of Lycomedes);	"";	"";	deidamia
Olympias;	"";	"";	olympias
Wilfredo Gómez;	"";	"";	wilfredo gómez
Appaloosa;	"";	"";	appaloosa
Rochester Institute of Technology;	"";	"";	rochester institute of technology
Lyre;	"";	"";	lyre
David Byrne;	"";	no;	""
Mary-Kate Olsen;	"";	"";	mary-kate olsen
Babel-17;	"";	"";	babel-17
The Languages of Pao;	"";	"";	the languages of pao
John G. Avildsen;	"";	"";	john g. avildsen
Patmos;	"";	"";	patmos
Somme (department);	"";	"";	somme
Amiens;	"";	"";	amiens
Thomas Newcomen;	"";	"";	thomas newcomen
The Crystal Palace;	"";	"";	the crystal palace
Freedom (British newspaper);	"";	"";	freedom
Terry Goodkind;	"";	"";	terry goodkind
Central venous catheter;	"";	"";	central venous catheter
James Prescott Joule;	"";	"";	james prescott joule
Thomas Savery;	"";	"";	thomas savery
Denis Papin;	"";	"";	denis papin
Palace of Fontainebleau;	"";	"";	palace of fontainebleau
Proxima Centauri;	"";	"";	proxima centauri
Fife;	"";	"";	fife
Melvil Dewey;	"";	"";	melvil dewey
Carlos Prío Socarrás;	"";	"";	carlos prío socarrás
Scrophulariaceae;	"";	"";	figwort family
Van Nuys Airport;	"";	"";	van nuys airport
Blender (software);	"";	"";	blender
Diomedes;	"";	"";	diomedes
Phaedra (mythology);	"";	"";	phaedra
George Cayley;	"";	"";	sir george cayley
Patroclus;	"";	"";	nestors_advice
Chazuke;	"";	"";	''chazuke''
Vitis, Austria;	"";	"";	vitis
Franz Brentano;	"";	"";	franz brentano
Sputnik 2;	"";	"";	sputnik 2
Vanguard TV-3;	"";	"";	vanguard tv-3
Pioneer 0;	"";	"";	pioneer 0
Pioneer 2;	"";	"";	pioneer 2
Pioneer 1;	"";	"";	pioneer 1
Pioneer 3;	"";	"";	pioneer 3
Luna 1;	"";	"";	''luna 1''
Luna 2;	"";	"";	luna 2
Luna 3;	"";	"";	luna 3
Idomeneus of Crete;	"";	"";	idomeneus
Luna 4;	"";	"";	''luna 4''
Otello;	"";	"";	otello
Vanguard 1;	"";	"";	vanguard 1
Wilfred Benítez;	"";	"";	wilfred benítez
Pioneer 4;	"";	"";	pioneer 4
Madera County, California;	"";	"";	madera county
Marin County, California;	"";	"";	marin county
Envisat;	"";	"";	envisat
Mariposa County, California;	"";	"";	mariposa county
Mendocino County, California;	"";	"";	mendocino county, california
Merced County, California;	"";	"";	merced county, california
Modoc County, California;	"";	"";	modoc county, california
Mono County, California;	"";	"";	mono county, california
Monterey County, California;	"";	"";	monterey county, california
Napa County, California;	"";	"";	napa county, california
Nevada County, California;	"";	"";	nevada county
Clematis;	"";	"";	''clematis aristata'' {{au
Placer County, California;	"";	"";	placer county, california
Qakare Ibi;	"";	"";	qakare ibi
Plumas County, California;	"";	"";	plumas county, california
San Benito County, California;	"";	"";	san benito county
Alsatian dialect;	"";	"";	alsatian
San Joaquin County, California;	"";	"";	san joaquin county, california
Southwold;	"";	"";	peck, robert}}</ref>
Brigham Young University;	"";	"";	brigham young university
San Luis Obispo County, California;	"";	"";	san luis obispo county
Tina Turner;	"";	no;	tina turner
San Mateo County, California;	"";	"";	san mateo county
Arctic National Wildlife Refuge;	"";	"";	arctic national wildlife refuge
Santa Barbara County, California;	"";	"";	santa barbara county
Rhodos;	"";	"";	rhodos
Santa Cruz County, California;	"";	"";	santa cruz county, california
Shasta County, California;	"";	"";	shasta county
Château de Loches;	"";	"";	château de loches
Sierra County, California;	"";	"";	sierra county, california
Siskiyou County, California;	"";	"";	siskiyou county, california
Solano County, California;	"";	"";	solano county
Pulp (band);	"";	"";	pulp
Sonoma County, California;	"";	"";	sonoma county, [[california]]
Stanislaus County, California;	"";	"";	stanislaus county, california
Sutter County, California;	"";	"";	sutter county, california
Tehama County, California;	"";	"";	tehama county, california
Trinity County, California;	"";	"";	trinity county, california
Bridge piercing;	"";	"";	bridge piercing
Tulare County, California;	"";	"";	tulare county, california
Tuolumne County, California;	"";	"";	tuolumne county, california
Ventura County, California;	"";	"";	ventura county
Provo, Utah;	"";	"";	provo, utah
Bourges;	"";	"";	bourges
Yuba County, California;	"";	"";	}}
Hemera;	"";	"";	hemera
Wuhan;	"";	"";	wuhan
Central Valley (California);	"";	"";	central valley
E. F. Benson;	"";	"";	e. f. benson
List of counties in Illinois;	"";	"";	counties of illinois
Jean Berko Gleason;	"";	"";	cv
List of parishes in Louisiana;	"";	"";	parishes of louisiana
Suprême NTM;	"";	"";	suprême ntm
List of counties in Minnesota;	"";	"";	aitkin
List of counties in Montana;	"";	"";	counties of montana
List of counties in New Jersey;	"";	"";	counties of new
List of counties in New York;	"";	"";	counties of new york
Hermaphroditus;	"";	"";	hermaphroditus
The Count of Monte Cristo;	"";	"";	the count of monte cristo
List of counties in North Carolina;	"";	"";	counties of north carolina
The Rutles;	"";	"";	the rutles
List of counties in North Dakota;	"";	"";	counties of north dakota
List of counties in Ohio;	"";	"";	adams
List of counties in Oklahoma;	"";	"";	counties of oklahoma
List of counties in Oregon;	"";	"";	counties of oregon
List of counties in Pennsylvania;	"";	"";	counties of pennsylvania
List of counties in South Carolina;	"";	"";	counties of south carolina
List of counties in Texas;	"";	"";	counties of texas
List of counties in Utah;	"";	"";	counties of utah
List of counties in Washington;	"";	"";	counties of washington
Church of the Brethren;	"";	no;	church of the brethren
Belo Horizonte;	"";	"";	belo horizonte
International Mathematical Olympiad;	"";	"";	imo2024 original location
Mark Evanier;	"";	"";	mark evanier
Jockey Club;	"";	"";	the jockey club
Thule Society;	"";	"";	thule society
Knarr (keelboat);	"";	"";	knarr
Metropolitan line;	"";	"";	metropolitan line
Marc-Antoine Charpentier;	"";	"";	marc-antoine charpentier
Unrepresented Nations and Peoples Organization;	"";	"";	""
Pioneer P-3;	"";	"";	pioneer p-3
War Requiem;	"";	"";	''war requiem''
Pioneer P-30;	"";	"";	pioneer p-30
Pioneer P-31;	"";	"";	pioneer p-31
Tyazhely Sputnik;	"";	"";	tyazhely sputnik
Peter Pears;	"";	"";	peter pears
Venera 1;	"";	"";	''venera 1''
Ranger 1;	"";	"";	ranger 1
Ranger 2;	"";	"";	ranger 2
United Nations Development Programme;	"";	"";	united nations development programme
Vilhelm Thomsen;	"";	"";	vilhelm thomsen
Cat's Cradle;	"";	"";	cat's cradle
Banten;	"";	"";	banten
Nanyang Technological University;	"";	"";	nanyang technological university
The Swatch Group;	"";	"";	the swatch group ltd
The Primal Scream;	"";	"";	the primal scream. primal therapy: the cure for neurosis
Oak Island;	"";	"";	oak island
Château d'Angers;	"";	"";	château d'angers
Lymph node;	"";	"";	lymph node
Abraham Darby;	"";	"";	darby, abraham}}
Henry (unit);	"";	"";	henry
Farad;	"";	"";	farad
Angers;	"";	"";	angers
Merneferre Ay;	"";	"";	merneferre ay
Structure and Interpretation of Computer Programs;	"";	"";	structure and interpretation of computer programs
Europa (rocket);	"";	"";	europa
Akron, Pennsylvania;	"";	"";	akron, pennsylvania
Elizabethtown, Pennsylvania;	"";	"";	elizabethtown, pennsylvania
Ephrata, Pennsylvania;	"";	"";	ephrata, pennsylvania
Lancaster, Pennsylvania;	"";	"";	lancaster
Mount Joy, Pennsylvania;	"";	"";	mount joy, pennsylvania
Dirty Weekend (1993 film);	"";	"";	dirty weekend
MetaComCo;	"";	"";	metacomco
Julio César Chávez;	"";	"";	julio césar chávez
Ranger 3;	"";	"";	ranger 3
Ranger 4;	"";	"";	ranger 4
Venera 2MV-1 No.1;	"";	"";	2mv-1 no.1
Venera 2MV-1 No.2;	"";	"";	2mv-1 no.2
Mars 2MV-4 No.1;	"";	"";	2mv-4 no.1
Boris Vian;	"";	"";	boris vian
Ranger 5;	"";	"";	ranger 5
F. W. Murnau;	"";	"";	f. w. murnau
TRIPOS;	"";	"";	tripos
Sesame;	sesamum;	indicum;	sesame
Nosferatu;	"";	"";	nosferatu: a symphony of horror
Sandwich;	"";	"";	sandwich
Corriere della Sera;	"";	"";	{{lang
Dino Buzzati;	"";	"";	dino buzzati
Algerian War;	"";	"";	french president charles de gaulle and the six-year war (1960)}}
Lockheed F-104 Starfighter;	"";	"";	f-104 starfighter
Gordon Lightfoot;	"";	"";	gordon lightfoot
Cyzicus;	"";	"";	cyzicus
Todd McFarlane;	"";	"";	todd mcfarlane
Lucius Afranius (consul);	"";	"";	lucius afranius
Cholesteatoma;	"";	"";	cholesteatoma
Ariadne;	"";	"";	ariadne
Epaminondas;	"";	"";	epaminondas
Hyades (star cluster);	"";	"";	hyades cluster
Fernando Henrique Cardoso;	"";	"";	fernando henrique cardoso
Hygieia;	"";	"";	hygieia
Walter Mercado;	"";	"";	walter mercado
Messene;	"";	"";	ancient messene
Hymen (god);	"";	"";	hymenaios
Hymen;	"";	"";	hymen
Plutus;	"";	"";	plutus
Diamant;	"";	"";	diamant
Keres;	"";	"";	keres
ACT (test);	"";	"";	act
Jack Benny;	"";	"";	jack benny
Sahel;	"";	"";	sahel
Tragopogon;	"";	"";	goatsbeards
John Ruiz;	"";	"";	john ruiz
Elliot S. Maggin;	"";	"";	elliot s. maggin
Hoag's Object;	"";	"";	hoag's object
Romain Gary;	"";	"";	romain gary
US Open (tennis);	"";	"";	us open
El Pont de Suert;	"";	"";	el pont de suert
Puigcerdà;	"";	"";	puigcerdà
Gandesa;	"";	"";	gandesa
Balaguer;	"";	"";	balaguer
Tremp;	"";	"";	tremp
Xerox Star;	"";	"";	xerox star workstation
Tamarite de Litera;	"";	"";	tamarite de litera
Lucky Charms;	"";	"";	lucky charms
Metropolitan county;	"";	"";	metropolitan county
FLOW-MATIC;	"";	"";	flow-matic
Usedom;	"";	"";	usedom<br>uznam
Maggie Smith;	"";	"";	maggie smith
Polideportivo Ejido;	"";	"";	álvaro}}
Alan Bennett;	"";	"";	alan bennett
Marilyn Chambers;	"";	"";	marilyn chambers
CD Numancia;	"";	"";	[[gaizka ayesa]]
Teatro Colón;	"";	"";	teatro colón<br /><small>columbus theatre</small>
Graceland;	"";	"";	graceland
Crab Nebula;	"";	"";	crab nebula
La Recoleta Cemetery;	"";	"";	la recoleta cemetery
1980 Summer Olympics;	"";	"";	soviet head of state
Pita;	"";	"";	pita
Leo McCarey;	"";	"";	leo mccarey
Susan Barrantes;	"";	"";	susan barrantes
Giannutri;	"";	"";	giannutri
Pelops;	"";	"";	pelops
Oenomaus;	"";	"";	oenomaus
Cap'n Crunch;	"";	"";	cap'n crunch
Hywel Dda;	"";	"";	hywel dda
Medus;	"";	"";	medus
Mormo;	"";	"";	mormo
Moros;	"";	"";	moros
Naiad;	"";	"";	naiad
George C. Scott;	"";	"";	george c. scott
Piccolo;	"";	"";	piccolo
Melitta;	"";	"";	melitta group
Mars Observer;	"";	"";	''mars observer''
Hamal;	"";	"";	hamal
Thasos;	"";	"";	thasos
Clementine;	"";	''citrus × clementina'';	clementine
Clementine (spacecraft);	"";	"";	''clementine''
Oeneus;	"";	"";	oeneus
One Minute Silence;	"";	"";	one minute silence
Available in All Colors;	"";	"";	available in all colours
Samothrace;	"";	"";	samothrace
Tiberias;	"";	"";	tiberias
Buy Now... Saved Later;	"";	"";	buy now... saved later
Sony Dynamic Digital Sound;	"";	"";	sony dynamic digital sound
Dolby Digital;	"";	"";	dolby digital
Geostationary Operational Environmental Satellite;	"";	"";	geostationary operational environmental satellite
Loren Acton;	"";	"";	loren wilber acton
William Anders;	"";	"";	william anders
Eurybia (mythology);	"";	"";	eurybia
Incus;	"";	"";	incus
Rape, Abuse & Incest National Network;	"";	"";	rape, abuse & incest national network (rainn)
Stapes;	"";	"";	pc
Excellent Women;	"";	"";	excellent women
Viking 1;	"";	"";	''viking 1''
Peitho;	"";	"";	peitho
Tyche;	"";	"";	tyche
Post-traumatic stress disorder;	"";	"";	post-traumatic stress disorder
Porus;	"";	"";	porus
Taj Mahal;	"";	"";	taj mahal
Porphyria;	"";	"";	porphyria
Kidnapping of Elizabeth Smart;	"";	"";	brian david mitchell
Charles Lindbergh;	"";	"";	""
The Flaming Lips;	"";	"";	the flaming lips
Penthus;	"";	"";	penthus
Phthonus;	"";	"";	phthonus
Lemnos;	"";	"";	lemnos
Pauline Hanson's One Nation;	"";	"";	pauline hanson's one nation
Epipremnum aureum;	epipremnum;	aureum;	""
Tripos;	"";	"";	cambridge tripos
Luis Muñoz Marín International Airport;	"";	"";	luis muñoz marín international airport
Crotopus;	"";	"";	konon
WarnerMedia;	"";	"";	warner media, llc
Neve Campbell;	"";	"";	neve campbell
Academy Award for Best Original Score;	"";	"";	academy award for best original score
Sphinx;	"";	"";	sphinx
Taygete;	"";	"";	taygete
Metamorphoses;	"";	"";	''metamorphoses''
Thanatos;	"";	"";	thanatos
Jimmy Webb;	"";	"";	jimmy webb
The 5th Dimension;	"";	"";	the 5th dimension
Nick Carter (disambiguation);	"";	"";	carter, nick}}
Aaron Carter;	"";	"";	aaron carter
Fibber McGee and Molly;	"";	"";	fibber mcgee and molly
1972 Summer Olympics;	"";	"";	taiwan}}
1968 Summer Olympics;	"";	"";	taiwan
Henry James;	"";	no;	henry james
Ogyges;	"";	"";	ogyges
Theia;	"";	"";	theia
Ernst Lubitsch;	"";	"";	ernst lubitsch
Danaë;	"";	"";	danaë
École centrale de Lyon;	"";	"";	{{lang
École centrale de Nantes;	"";	"";	{{lang
École Centrale Paris;	"";	"";	{{lang
Autonoë (daughter of Cadmus);	"";	"";	autonoë
Ain;	"";	"";	ain
Aisne;	"";	"";	aisne
Laon;	"";	"";	laon
Portage Lakes;	"";	"";	portage lakes
United States Army Corps of Engineers;	"";	"";	u.s. army}}
Meleager;	"";	"";	meleager
Allier;	"";	"";	allier
Hautes-Alpes;	"";	"";	hautes-alpes
Ardennes (department);	"";	"";	ardennes
Doubs;	"";	"";	doubs
Aube;	"";	"";	aube
Aude;	"";	"";	aude
Aveyron;	"";	"";	aveyron
Mars 2MV-3 No.1;	"";	"";	2mv-3 no.1
Luna E-6 No.2;	"";	"";	e-6 no.2
NCR Corporation;	"";	"";	ncr corporation
Kosmos 21;	"";	"";	kosmos 21
CONTOUR;	"";	"";	''contour''
Magician's Gambit;	"";	"";	magician's gambit
Kees van Dongen;	"";	"";	kees van dongen
David Gemmell;	"";	"";	david gemmell
1964 Summer Olympics;	"";	"";	taiwan
Uzi;	"";	"";	uzi
Clermont-Ferrand;	"";	"";	clermont-ferrand
1960 Summer Olympics;	"";	"";	antilles
Victoria University of Manchester;	"";	"";	victoria university of manchester
University of Manchester;	"";	"";	the university of manchester
Sting (musician);	"";	"";	sting
Ray Davies;	"";	"";	ray davies
Aigues-Mortes;	"";	"";	aigues-mortes
Ironman Triathlon;	"";	"";	ironman triathlon
Hubei;	"";	"";	hubei
Three Gorges;	"";	"";	three gorges
Jim Bunning;	"";	"";	jim bunning
Shenzhen;	"";	"";	shenzhen
Arlington National Cemetery;	"";	"";	arlington national cemetery
Perth, Ontario;	"";	"";	perth
Silja Line;	"";	"";	tallink silja line
Royal Armoured Corps;	"";	"";	reservelight
Infantry of the British Army;	"";	"";	guards
Tylenol (brand);	"";	"";	tylenol
Great Dane;	"";	"";	great dane
Lionel Tertis;	"";	"";	lionel tertis
William Primrose;	"";	"";	william primrose
Nightwish;	"";	"";	nightwish
Latrun;	"";	"";	latrun
Lee Haney;	"";	"";	lee haney
Pumping Iron;	"";	"";	pumping iron
Childbirth;	"";	"";	childbirth
Chiptune;	"";	"";	chiptune
Eric Gill;	"";	"";	eric gill
Lazarus Long;	"";	"";	lazarus long
Capital punishment by country;	"";	"";	congo, republic of the}}
The Wise Little Hen;	"";	"";	the wise little hen
Kazuo Ishiguro;	"";	"";	kazuo ishiguro
John D. Rockerduck;	"";	"";	john d. rockerduck
Ernst Röhm;	"";	"";	ernst röhm}}
Château de Saumur;	"";	"";	château de saumur
Orphans of the Sky;	"";	"";	orphans of the sky
Tess of the d'Urbervilles;	"";	"";	tess of the d'urbervilles:<br />a pure woman
Matriarchy;	"";	no}};	""
Vieques, Puerto Rico;	"";	"";	vieques
Lea DeLaria;	"";	no}};	lea delaria
Anemia;	"";	"";	anemia
Leslie Howard;	"";	"";	leslie howard
Salyut programme;	"";	"";	''salyut'' programme
The Scarlet Pimpernel;	"";	"";	the scarlet pimpernel
Var (river);	"";	"";	var
Periander;	"";	"";	periander
Back Orifice;	"";	"";	back orifice
Procles;	"";	"";	procles
Eurysthenes;	"";	"";	eurysthenes
Assaracus;	"";	"";	assaracus
Copán;	"";	"";	copán
Marozia;	"";	"";	marozia
Cithaeron;	"";	"";	cithaeron
Beyoncé;	"";	"";	beyoncé
Ancient Elis;	"";	"";	elis
Caguas, Puerto Rico;	"";	"";	caguas
Achaea;	"";	"";	achaea
Geras;	"";	"";	geras
Michael Asher (artist);	"";	"";	michael asher
Félix Trinidad;	"";	"";	félix trinidad
Sonora;	"";	"";	sonora
Gonad;	"";	"";	gonad
1956 Summer Olympics;	"";	"";	taiwan}}
Dido;	"";	"";	dido, mount
Enema;	"";	"";	enema
Dolon (mythology);	"";	"";	dolon
John Henry Newman;	"";	no}};	john henry newman
Priapism;	"";	"";	priapism
Perineum;	"";	"";	perineum
The Chronicles of Amber;	"";	"";	''the chronicles of amber''
French Resistance;	"";	"";	school for danger (1943)}}
Trichinosis;	"";	"";	trichinosis
Ettore Bugatti;	"";	"";	ettore bugatti
Ptolemy XIII Theos Philopator;	"";	"";	ptolemy xiii theos philopator
Earth Simulator;	"";	"";	earth simulator 2
Camp (style);	"";	"";	''mother camp: female impersonators in america''
Internet Assigned Numbers Authority;	"";	"";	internet assigned numbers authority
Ronald Howard (British actor);	"";	"";	ronald howard
Jessica Tandy;	"";	"";	jessica tandy
Ricky Martin;	"";	no;	ricky martin
Gildas;	"";	"";	gildas
Tarn (department);	"";	"";	tarn
Demetrius I of Macedon;	"";	"";	demetrius i poliorcetes
Tufts University;	"";	"";	tufts university
Demetrius II Aetolicus;	"";	"";	demetrius ii
Brookfield, Connecticut;	"";	"";	brookfield, connecticut
Gruffydd ap Llywelyn;	"";	"";	gruffydd ap llywelyn
Antiochus IV of Commagene;	"";	"";	antiochus iv
Ptolemy I Soter;	"";	"";	ptolemy i
Ptolemy II Philadelphus;	"";	"";	ptolemy ii philadelphus
Ptolemy IV Philopator;	"";	"";	ptolemy iv philopator
Ptolemy V Epiphanes;	"";	"";	ptolemy v epiphanes
Becket;	"";	"";	becket
Berenice I of Egypt;	"";	"";	berenice i
Berenice II of Egypt;	"";	"";	berenice ii
Æthelbald of Mercia;	"";	"";	æthelbald
Oswiu;	"";	"";	oswiu
Ketosis;	"";	"";	""
Cynric;	"";	"";	cynric
Cerdic of Wessex;	"";	"";	cerdic
Ticino;	"";	"";	ticino
Upland, California;	"";	"";	upland, california
United Nations Mission of Observers in Prevlaka;	"";	"";	un mission of observers in prevlaka
Demetrius II Nicator;	"";	"";	demetrius ii nicator
Demetrius III Eucaerus;	"";	"";	demetrius iii eucaerus
Seleucus IV Philopator;	"";	"";	seleucus iv philopator
Ponce, Puerto Rico;	"";	"";	ponce
AEC Routemaster;	"";	"";	aec routemaster
Eumolpus;	"";	"";	eumolpus
Lotus Improv;	"";	"";	lotus improv
Manfred von Richthofen;	"";	"";	freiherr von manfred richthofen}}
Immaradus;	"";	"";	immaradus
Herschel Grynszpan;	"";	"";	herschel grynszpan
Mercury Rev;	"";	"";	mercury rev
Pennsylvania Turnpike;	"";	"";	new castle
Bob Burnquist;	"";	"";	bob burnquist
Atlético Madrid;	"";	"";	[[ivo grbić (footballer)
Dietrich Bonhoeffer;	"";	no}};	dietrich bonhoeffer
Nakh languages;	"";	"";	nakh
Decision Before Dawn;	"";	"";	decision before dawn
Juan Laporte;	"";	"";	juan laporte
Compound bow;	"";	"";	compound bow
The Robe;	"";	"";	the robe
Peeps;	"";	"";	peeps
Marshmallow;	"";	"";	marshmallow
Beth Orton;	"";	"";	beth orton
Thelonious Monk;	"";	"";	thelonious monk
Lernaean Hydra;	"";	"";	hydra
Phocis;	"";	"";	phocis
Ismene;	"";	"";	ismene
Melissa Etheridge;	"";	no;	melissa etheridge
Salvador Sánchez;	"";	"";	salvador sánchez
Carlos Montoya;	"";	"";	carlos montoya
Ansel Adams;	"";	no;	""
Charente;	"";	"";	charente
Drôme;	"";	"";	drôme
Angoulême;	"";	"";	angoulême
History of Soviet Russia and the Soviet Union (1917–1927);	"";	"";	""
Oliver Hardy;	"";	"";	oliver hardy
Dyfed;	"";	"";	dyfed
Orange, Vaucluse;	"";	"";	orange
SA80;	"";	"";	sa80
Jarnac;	"";	"";	jarnac
Christopher J. Date;	"";	"";	chris date
Guillermo Gorostiza;	"";	"";	guillermo gorostiza
Hérault;	"";	"";	hérault
Hugh Darwen;	"";	"";	hugh darwen
IBM Business System 12;	"";	"";	ibm business system 12
Ingres (database);	"";	"";	ingres
Xenix;	"";	"";	xenix<!-- name of program or distribution -->
Kent, Connecticut;	"";	"";	kent
Allan Bloom;	"";	"";	allan bloom
The Closing of the American Mind;	"";	"";	the closing of the american mind
Neville Brand;	"";	"";	neville brand
Corel Ventura;	"";	"";	corel ventura
Cognac;	"";	"";	cognac
Savannah, Georgia;	"";	"";	savannah
Real Zaragoza;	"";	"";	[[cristian álvarez (footballer, born 1985)
St. Petersburg, Florida;	"";	"";	st. petersburg
Josef Mengele;	"";	"";	josef mengele
Aguadilla, Puerto Rico;	"";	"";	""
Murder in the Cathedral;	"";	"";	murder in the cathedral}}
Tethys (mythology);	"";	"";	tethys
Tethys (moon);	"";	"";	tethys
Cayey, Puerto Rico;	"";	"";	cayey
Antiochus I Soter;	"";	"";	antiochus i
Tomaž Pisanski;	"";	"";	tomaž pisanski
Antiochus II Theos;	"";	"";	antiochus ii theos
Ivo Lah;	"";	"";	ivo lah
Seleucus II Callinicus;	"";	"";	seleucus ii callinicus pogon
Mnestheus;	"";	"";	the aeneid ''by virgil'}} {{in lang
Cranford, New Jersey;	"";	"";	cranford, new jersey
Antiochus III the Great;	"";	"";	antiochus iii
Lotus Symphony (MS-DOS);	"";	"";	lotus symphony
Seleucus I Nicator;	"";	"";	seleucus i nicator
Perdiccas;	"";	"";	perdiccas
United Nations Transitional Administration in East Timor;	"";	"";	united nations transitional administration in east timor
Arrigo Boito;	"";	"";	arrigo boito}}
Louis-Ferdinand Céline;	"";	"";	louis-ferdinand céline
Bopis;	"";	"";	bopis
Queens Park Rangers F.C.;	"";	"";	[[asmir begović]]
Tom Swift Jr.;	"";	"";	tom swift jr.
Ernst Moritz Arndt;	"";	"";	ernst moritz arndt
Cynortas;	"";	"";	cynortas
Clemens Brentano;	"";	"";	clemens brentano
Omphale;	"";	"";	omphale
Women's boxing;	"";	"";	boxing
Eddie George;	"";	"";	eddie george
Side, Turkey;	"";	"";	side
Sandy Koufax;	"";	"";	sandy koufax
American Kennel Club;	"";	"";	american kennel club
Power and Market;	"";	"";	power and market
Larry Graham;	"";	"";	larry graham
OK Computer;	"";	"";	ok computer
Anne Carson;	"";	no;	anne carson
Alpha Blondy;	"";	"";	alpha blondy
Winsor McCay;	"";	no;	winsor mccay
Princeton, New Jersey;	"";	"";	princeton, new jersey
University of Paris;	"";	"";	university of paris
Basket Swamp National Park;	"";	"";	basket swamp national park
Mendeleev's predicted elements;	"";	"";	ekasanskrit
Sulfate;	"";	"";	formal charge}}
1932 Summer Olympics;	"";	"";	zarnowski
Western Connecticut State University;	"";	"";	western connecticut state university
Professor Moriarty;	"";	"";	professor moriarty
Delia Gonzalez;	"";	"";	delia gonzalez
Jean Seberg;	"";	"";	jean seberg
Politics of Poland;	"";	"";	politics of poland
Jane Birkin;	"";	"";	""
Meiji era;	"";	"";	meiji era<br>{{nobold
Wim Duisenberg;	"";	"";	wim duisenberg
The Legend of Sleepy Hollow;	"";	"";	the legend of sleepy hollow
Annabel Chong;	"";	"";	annabel chong
Bellver Castle;	"";	"";	bellver castle
Palamós;	"";	"";	palamós
Roses, Girona;	"";	"";	roses
Apeldoorn;	"";	"";	apeldoorn
Tàrrega;	"";	"";	tàrrega
Vladimir Batagelj;	"";	"";	vladimir batagelj
Mataró;	"";	"";	mataró
Vic;	"";	"";	vic
Valls;	"";	"";	valls
Nick Nolte;	"";	"";	nick nolte
Olot;	"";	"";	olot
Kite (geometry);	"";	"";	kite
Edward Thorndike;	"";	"";	edward thorndike
Morta of Lithuania;	"";	"";	morta
Robert Donat;	"";	"";	robert donat
Columbia, Pennsylvania;	"";	"";	columbia, pennsylvania
Denver, Pennsylvania;	"";	"";	denver, pennsylvania
East Petersburg, Pennsylvania;	"";	"";	east petersburg, pennsylvania
Dis Pater;	"";	"";	dis pater
Orcus;	"";	"";	orcus
Hempfield, Pennsylvania;	"";	"";	hempfield, pennsylvania
Intercourse, Pennsylvania;	"";	"";	intercourse, pennsylvania
Lititz, Pennsylvania;	"";	"";	lititz
Juventas;	"";	"";	juventas
Manheim, Pennsylvania;	"";	"";	manheim, pennsylvania
Marietta, Pennsylvania;	"";	"";	marietta, pennsylvania
Millersville, Pennsylvania;	"";	"";	millersville, pennsylvania
Neffsville, Pennsylvania;	"";	"";	neffsville, pennsylvania
New Holland, Pennsylvania;	"";	"";	new holland, pennsylvania
Hippo Regius;	"";	"";	hippo regius
Rheems, Pennsylvania;	"";	"";	rheems, pennsylvania
Somnus;	"";	"";	somnus
Fama (band);	"";	"";	fama
Luna (goddess);	"";	"";	luna
Silvanus (mythology);	"";	"";	silvanus
Witness (1985 film);	"";	"";	witness
Kyrgyz language;	"";	"";	kyrgyz
Molly Ringwald;	"";	"";	molly ringwald
John Buchan;	"";	"";	the lord tweedsmuir
Blood–brain barrier;	"";	"";	blood–brain barrier
Bird-in-Hand, Pennsylvania;	"";	"";	bird-in-hand, pennsylvania
The Thirty-Nine Steps;	"";	"";	the thirty-nine steps
Matthias Claudius;	"";	"";	matthias claudius
Baumgardener's Covered Bridge;	"";	"";	baumgardener's covered bridge
Francis Bellamy;	"";	"";	francis bellamy
Bitzer's Mill Covered Bridge;	"";	"";	bitzer's mill covered bridge
Marvelous Marvin Hagler;	"";	"";	marvelous marvin hagler
Abundantia;	"";	"";	abundantia
Theodor Fontane;	"";	"";	theodor fontane
Anita Brookner;	"";	"";	dr anita brookner}}</ref><ref>{{cite web
Bucher's Mill Covered Bridge;	"";	"";	bucher's mill covered bridge
Colemanville Covered Bridge;	"";	"";	colemanville covered bridge
Amata;	"";	"";	amata
Kauffman's Distillery Covered Bridge;	"";	"";	kaufman's distillery covered bridge
Keller's Mill Covered Bridge;	"";	"";	keller's mill covered bridge
Rhea Silvia;	"";	"";	rhea silvia
Appalachian Mountains;	"";	"";	appalachian mountains
Maxim Gorky;	"";	no}};	""
Father Damien;	"";	"";	damian of molokai
Citroën 2CV;	"";	"";	citroën 2cv
Watford F.C.;	"";	"";	d3
Fatima (given name);	"";	"";	fatima <br> فَاطِمَة
Carmenta;	"";	"";	carmenta
Elah (king);	"";	"";	elah
Clitunno;	"";	"";	clitunno
Salsa music;	"";	"";	salsa
Siegrist's Mill Covered Bridge;	"";	"";	siegrist's mill covered bridge
Risser's Mill Covered Bridge;	"";	"";	risser's mill covered bridge
Ramzi bin al-Shibh;	"";	"";	ramzi bin al-shibh
Mitta Mitta River;	"";	"";	mitta mitta
Dea Dia;	"";	"";	dea dia
American Popular Revolutionary Alliance;	"";	"";	peruvian aprista party
Cyndi Lauper;	"";	"";	cyndi lauper
Lagos;	"";	"";	lagos
Amelia Earhart;	"";	"";	amelia earhart
Elmo Zumwalt;	"";	"";	elmo zumwalt
Cardinal Richelieu;	"";	"";	the duke of richelieu
Darius Milhaud;	"";	"";	darius milhaud
Milhaud, Gard;	"";	"";	milhaud
Salamis Island;	"";	"";	salamis
Numa Pompilius;	"";	"";	numa pompilius
Pope Nicholas I;	"";	"";	nicholas the great
Febris;	"";	"";	febris
Huey Lewis and the News;	"";	"";	huey lewis and the news
Chaucer College;	"";	"";	chaucer college<br />{{lang
Gravy;	"";	"";	gravy
Toon Disney;	"";	"";	toon disney
Baloncesto Superior Nacional;	"";	"";	baloncesto superior nacional
Bob Arum;	"";	"";	bob arum
Imporcitor;	"";	"";	imporcitor
The Winter's Tale;	"";	"";	winters tale}}
Atherosclerosis;	"";	"";	atherosclerosis
Metropolitan Borough of Rochdale;	"";	"";	borough of rochdale
Ozzy Osbourne;	"";	"";	ozzy osbourne
Lima;	"";	"";	lima
IA-64;	"";	"";	intel itanium architecture
Birmingham, Alabama;	"";	"";	birmingham
John Bayley (writer);	"";	"";	john bayley
Judi Dench;	"";	"";	judi dench
Utica, New York;	"";	"";	utica
Attic Greek;	"";	"";	attic greek
Doric Greek;	"";	"";	doric greek
Larsa;	"";	"";	larsa<br>{{cuneiform
Uruk;	"";	"";	uruk
Vallon-Pont-d'Arc;	"";	"";	vallon-pont-d'arc
Aubusson, Creuse;	"";	"";	aubusson
International Institute for Strategic Studies;	"";	"";	international institute for strategic studies
Calais;	"";	"";	calais
Nippur;	"";	"";	nippur
Sippar;	"";	"";	<!-- required -->sippar
Nergal;	"";	"";	nergal
Moledet;	"";	"";	moledet
Arsenic poisoning;	"";	"";	arsenic poisoning
Pilar Montenegro;	"";	"";	pilar montenegro
Scaevola (plant);	"";	"";	''scaevola''}}</ref>
United States Electoral College;	"";	"";	chiafalo v. washington
Ops;	"";	"";	ops
Opis;	"";	"";	opis
Harran;	"";	"";	harran
Sin (mythology);	"";	"";	sin
Marduk;	"";	"";	marduk
Adelard of Bath;	"";	"";	adelard of bath
A Walking Tour of the Shambles;	"";	"";	a walking tour of the shambles
Gee Vaucher;	"";	"";	gee vaucher
Pomona (mythology);	"";	"";	pomona
Quirinus;	"";	"";	quirinus
Reparator;	"";	"";	reparator
Serritor;	"";	"";	serritor
Fulton Opera House;	"";	"";	fulton theatre
The Hershey Company;	"";	"";	the hershey company
Christian IX of Denmark;	"";	"";	christian ix
Vervactor;	"";	"";	vervactor
Veritas;	"";	"";	veritas
Phoenix Mercury;	"";	"";	phoenix mercury
Februus;	"";	"";	februus
Laran;	"";	"";	laran
Menrva;	"";	"";	menrva
Tinia;	"";	"";	tinia
Thesan;	"";	"";	thesan
Hercle;	"";	"";	hercle
Catherine of Alexandria;	"";	"";	catherine of alexandria
Julia Margaret Cameron;	"";	"";	julia margaret cameron
Cyrene, Libya;	"";	"";	cyrene
Royal Society of Arts;	"";	"";	royal society of arts
Devonport Leat;	"";	"";	devonport leat
Theodor Mommsen;	"";	"";	theodor mommsen
Class Warfare;	"";	"";	class warfare
Dead Air (novel);	"";	"";	dead air
Casimir Pulaski;	"";	"";	a}}
Complete graph;	"";	"";	complete graph
John Olerud;	"";	"";	john olerud
Longsword;	"";	"";	longsword
Halfdan the Black;	"";	"";	halfdan the black
Milton S. Hershey;	"";	"";	milton s. hershey
Seine-Maritime;	"";	"";	seine-maritime
Cormac mac Airt;	"";	"";	cormac mac airt
Cormac;	"";	"";	cormac
Kuyavian-Pomeranian Voivodeship;	"";	"";	kuyavian-pomeranian voivodeship
Aengus;	"";	"";	aengus
Silphidae;	"";	"";	silphidae
Rapier (missile);	"";	"";	rapier
PSOS (real-time operating system);	"";	"";	psos
Chayanne;	"";	"";	chayanne
Danu (Irish goddess);	"";	"";	danu
Pryderi;	"";	human;	pryderi
Rhodri Mawr;	"";	"";	rhodri mawr
Annwn;	"";	"";	annwn
Creiddylad;	"";	"";	creiddylad
John Zorn;	"";	"";	john zorn
Iris (mythology);	"";	"";	iris
Derek Bailey (guitarist);	"";	"";	derek bailey
Triple J Hottest 100;	"";	"";	triple j hottest 100
Cygnus X-1;	"";	"";	cygnus x-1/hde 226868}}
Los Chicos de Puerto Rico;	"";	"";	los chicos de puerto rico
Brigid;	"";	"";	brigid
Edgardo Díaz;	"";	"";	edgardo díaz
Bartholomaeus Anglicus;	"";	"";	anglicus bartholomaeus}}
Brân the Blessed;	"";	[[giant (mythology);	brân the blessed<br> brân fendigaidd / bendigeidfran
Breg (river);	"";	"";	breg
Elatha;	"";	"";	elatha
Edwin Rosario;	"";	"";	edwin rosario
Mullah Omar;	"";	"";	muhammad omar
Cailleach;	"";	"";	cailleach
Cartimandua;	"";	"";	cartimandua
New Deal coalition;	"";	"";	new deal coalition
Tim Montgomery;	"";	"";	tim montgomery
Dee Dee Ramone;	"";	"";	dee dee ramone
Eric Morecambe;	"";	"";	eric morecambe
John Heartfield;	"";	"";	john heartfield
Men's 100 metres world record progression;	"";	"";	germany}}
Microbat;	"";	"";	microbats
James Naismith;	"";	"";	james naismith
Alger Hiss;	"";	"";	alger hiss
The Exorcist (novel);	"";	"";	the exorcist
Survival International;	"";	"";	survival international
Leiden University;	"";	"";	leiden university
Paul Henderson;	"";	"";	paul henderson<br /><small>{{nobold
Rosamund Clifford;	"";	"";	rosamund clifford
Tommy Burns (Canadian boxer);	"";	"";	tommy burns
Cŵn Annwn;	"";	"";	cŵn annwn
Carcassonne;	"";	"";	carcassonne
Barenaked Ladies;	"";	no;	barenaked ladies
Dann;	"";	"";	dann
Dian Cecht;	"";	"";	dian cécht <br /><small>[[god of healing]]</small>
World Athletics;	"";	"";	world athletics
Slane;	"";	"";	slane
Ogma;	"";	"";	ogma (gaelic)
Alain Lipietz;	"";	"";	alain lipietz
Étaín;	"";	<!-- for non-humans only -->;	étaín
Maeve;	"";	"";	maeve
Fianna Éireann;	"";	"";	fianna éireann
Fionnuala;	"";	<!-- or;	fionnuala
The Craft (film);	"";	"";	the craft
Gwen Teirbron;	"";	"";	gwen teirbron
Flann;	"";	"";	flann
Edward Plantagenet, 17th Earl of Warwick;	"";	"";	edward plantagenet
Nadar;	"";	"";	nadar
International Earth Rotation and Reference Systems Service;	"";	"";	international earth rotation and reference systems service
Wilhelm Maybach;	"";	"";	wilhelm maybach
Quercus muehlenbergii;	quercus;	muehlenbergii;	""
Oisin;	"";	"";	oisín
Gilles Villeneuve;	"";	"";	gilles villeneuve
Herman Potočnik;	"";	"";	herman potočnik
Boise State University;	"";	"";	boise state university
Walter Chrysler;	"";	"";	walter p. chrysler
H. J. R. Murray;	"";	"";	h. j. r. murray
Brunswick Cathedral;	"";	"";	brunswick cathedral
William Chester Minor;	"";	"";	william chester minor
Hamilton, New Zealand;	"";	"";	hamilton
Sergei Korolev;	"";	"";	sergei korolev
Cambio 90;	"";	"";	change 90
Kara Mustafa Pasha;	"";	"";	mustafa
Jim Carrey;	"";	"";	""
Miha Remec;	"";	"";	miha remec
Randy Bachman;	"";	"";	randy bachman
Annette von Droste-Hülshoff;	"";	"";	annette von droste-hülshoff
Winona LaDuke;	"";	"";	winona laduke
Mohammad Azharuddin;	"";	"";	mohammad azharuddin
Emiliano Zapata;	"";	"";	emiliano zapata
Terry Fox;	"";	"";	terry fox
Clarendon Building;	"";	"";	clarendon building
Manila, West Virginia;	"";	"";	manila
Nicholas Hawksmoor;	"";	"";	nicholas hawksmoor
Radcliffe Camera;	"";	"";	radcliffe camera
Ashmolean Museum;	"";	"";	ashmolean museum
Van, West Virginia;	"";	"";	van, west virginia
Héctor Camacho;	"";	"";	héctor camacho
Racine, West Virginia;	"";	"";	racine, west virginia
Wellsburg, West Virginia;	"";	"";	wellsburg, west virginia
LOT Polish Airlines;	"";	"";	}}
Burgas;	"";	"";	burgas
Varna, Bulgaria;	"";	"";	varna
Arne Jacobsen;	"";	"";	arne emil jacobsen
Réunion;	"";	"";	""
Northern pike;	esox;	lucius;	northern pike
Pike (programming language);	"";	"";	pike
Iris (anatomy);	"";	"";	iris
Bukhara;	"";	"";	}}
Ejnar Hertzsprung;	"";	"";	ejnar hertzsprung
Jowett Cars;	"";	"";	jowett cars ltd
Omar Torrijos;	"";	"";	omar torrijos
Khalid ibn Abd al-Malik al-Marwarrudhi;	"";	"";	khālid ibn ʿabd al‐malik al‐marwarrūdhī
Ali ibn Isa al-Asturlabi;	"";	"";	alī ibn ʿīsā al-asṭurlābī
Saône;	"";	"";	saône
Interstate 17;	"";	"";	state business route 17
Shannon (given name);	"";	"";	shannon
Interstate 19;	"";	"";	interstate 19 business
Tarvos Trigaranus;	"";	"";	tarvos trigaranus
Twm Siôn Cati;	"";	"";	the adventures and vagaries of twm shôn catti}}
Joseph Kittinger;	"";	"";	joseph w. kittinger ii
Marne (department);	"";	"";	marne
Bitterroot;	lewisia;	rediviva;	""
Tiny BASIC;	"";	"";	tiny basic
Anthony of Padua;	"";	"";	anthony of padua
Opatija;	"";	"";	opatija
Bobby Orr;	"";	"";	bobby orr<br />{{post-nominals
Besançon;	"";	"";	besançon
René of Anjou;	"";	"";	rené i
Fred MacMurray;	"";	"";	fred macmurray
Brignoles;	"";	"";	brignoles
A Severed Head;	"";	"";	a severed head
Adélie penguin;	pygoscelis;	adeliae;	adélie penguin
Alfred Deller;	"";	"";	alfred deller
Rosenborg BK;	"";	"";	[[andré hansen]]
Grand-Place;	"";	"";	{{unbulleted list
Tague, West Virginia;	"";	"";	tague
Tromsø IL;	"";	"";	[[jakob haugaard]]}}
Caress, West Virginia;	"";	"";	caress
Centralia, West Virginia;	"";	"";	centralia
Everglades;	"";	"";	everglades
Canfield, Braxton County, West Virginia;	"";	"";	canfield
Appalachian Trail;	"";	"";	appalachian trail
University of Miami;	"";	"";	university of miami
Hermann Oberth;	"";	"";	hermann oberth
Mark Taylor (cricketer);	"";	"";	mark taylor
Exchange, West Virginia;	"";	"";	exchange
Don Bradman;	"";	"";	don bradman
International Association for Cryptologic Research;	"";	"";	international association for cryptologic research
Breath (play);	"";	"";	breath
Joel Garner;	"";	"";	joel garner
Henry Cowell;	"";	"";	henry cowell
Zapatista Army of National Liberation;	"";	"";	zapatista army of national liberation
Bronko Nagurski;	"";	"";	bronko nagurski
SNCF;	"";	"";	société nationale des chemins de fer français (sncf)
Model car;	"";	"";	model car
Dieterich Buxtehude;	"";	"";	dieterich buxtehude
Carlos Monzón;	"";	"";	carlos monzón
Haast's eagle;	hieraaetus;	moorei;	haast's eagle
Lillestrøm SK;	"";	"";	[[lars ranger]]
6th arrondissement of Paris;	"";	"";	6th arrondissement of paris
Joseph Whitworth;	"";	"";	sir joseph whitworth
Arachnid;	"";	"";	arachnids
Hu Shih;	"";	no}};	hu shih
14th arrondissement of Paris;	"";	"";	14th arrondissement of paris
Liberty X;	"";	"";	liberty x
William Perry (American football);	"";	"";	william perry
Boggle;	"";	"";	''boggle''
Coda (file system);	"";	"";	coda
LeVar Burton;	"";	"";	levar burton
Massey University;	"";	"";	massey university
H. H. Asquith;	"";	"";	"causa causans}} of the final break-up\".{{sfn"
Martin Amis;	"";	"";	martin amis}}
YMCA;	"";	"";	ymca
Orinoco;	"";	"";	orinoco river
Alfred Fuller;	"";	"";	alfred fuller
Jim O'Rourke (musician);	"";	"";	jim o'rourke
Commodore PET;	"";	"";	commodore pet
Heaviside step function;	"";	"";	heaviside step
Susana Giménez;	"";	"";	susana giménez
Polar Satellite Launch Vehicle;	"";	"";	polar satellite launch vehicle
Happy Birthday to You;	"";	"";	happy birthday to you
Orwellian;	"";	no;	""
Naive Bayes classifier;	"";	"";	theorem
Michael Robertson (businessman);	"";	"";	michael robertson
GEM (desktop environment);	"";	"";	gem
Saint Vincent (Saint Vincent and the Grenadines);	"";	"";	saint vincent
Digital Research;	"";	"";	digital research, inc.
Henry Stafford, 2nd Duke of Buckingham;	"";	"";	henry stafford
Hilary of Poitiers;	"";	no;	hilary of poitiers
Atari Transputer Workstation;	"";	"";	atari transputer workstation
Duke of Lancaster;	"";	"";	dukedom of lancaster
Web (programming system);	"";	"";	cweb
ChatZilla;	"";	"";	chatzilla
ISCSI;	"";	"";	"\"vstorage\""
Marilyn Bell;	"";	"";	marilyn grace bell di lascio<br />{{nobold
Act Without Words I;	"";	"";	act without words i
Ninjutsu;	"";	"";	''ninjutsu''<br>(忍術)
Wil Wheaton;	"";	"";	wil wheaton
Parliament of Canada;	"";	"";	parliament of canada
List of boroughs and census areas in Alaska;	"";	"";	boroughs and census areas of alaska
Leleti Khumalo;	"";	"";	leleti khumalo
Juneau, Alaska;	"";	"";	juneau
Tony Hawk;	"";	"";	tony hawk
Kannapolis, North Carolina;	"";	"";	kannapolis
Sitka, Alaska;	"";	"";	sitka, alaska
Avena;	"";	"";	oats
Churchill County, Nevada;	"";	"";	big water}}</ref>
List of U.S. states and territories by area;	"";	"";	georgia}}
List of U.S. states and territories by population;	"";	"";	residentundercount
Maurice Papon;	"";	"";	maurice papon
Sugar Ray Leonard;	"";	"";	sugar ray leonard
Bujinkan;	"";	"";	bujinkan <br>(武神館)
Nick Cave;	"";	no}};	nick cave
BLT;	"";	no;	blt sandwich
Christa McAuliffe;	"";	"";	christa mcauliffe
Mary-Kate and Ashley Olsen;	"";	"";	mary-kate and ashley olsen
Saab JAS 39 Gripen;	"";	"";	jas 39 gripen
Pueblo Supermarkets;	"";	"";	pueblo supermarkets
Lot (department);	"";	"";	lot
David Irving;	"";	"";	david irving
Savoie;	"";	"";	savoie
Fennesz;	"";	"";	christian fennesz
Thomas B. Costain;	"";	"";	thomas b. costain
Noise music;	"";	"";	noise music
Date palm;	phoenix;	dactylifera;	dates, deglet noor
G. H. Hardy;	"";	"";	g. h. hardy
Robert Mitchum;	"";	"";	robert mitchum
Electronica;	"";	"";	electronica
Whitehouse (band);	"";	"";	whitehouse
USS Missouri (BB-63);	"";	"";	uss ''missouri'' (bb-63)
Mickey Rooney;	"";	"";	""
Nose picking;	"";	"";	nose-picking
Will Self;	"";	no}};	will self
Gilligan's Island;	"";	no;	""
Dassault Aviation;	"";	"";	dassault aviation sa
Charles Perrault;	"";	"";	charles perrault
London King's Cross railway station;	"";	"";	king's cross
Langres;	"";	"";	langres
Haute-Marne;	"";	"";	haute-marne
Harrier (bird);	"";	"";	circus
Accipitridae;	"";	"";	diet-thomson1957}}
Parliament Hill;	"";	"";	{{unbulleted list
Dolby noise-reduction system;	"";	"";	dolby noise-reduction system
Portishead (band);	"";	"";	portishead
Coming Up for Air;	"";	"";	coming up for air
Wirehaired Pointing Griffon;	"";	"";	wirehaired pointing griffon
Oedipus Rex;	"";	"";	oedipus rex
MP/M;	"";	"";	mp/m
Corn tortilla;	"";	"";	corn tortilla
Joseph-Louis Lagrange;	"";	"";	joseph-louis lagrange
Wilhelm Bleek;	"";	"";	wilhelm bleek
Luganda;	"";	"";	ganda
Shalmaneser I;	"";	"";	shalmaneser i
Shalmaneser II;	"";	"";	shalmaneser ii
Boy Meets World;	"";	"";	tie}}
Bert Fields;	"";	"";	bert fields
Shalmaneser III;	"";	"";	shalmaneser iii
Shalmaneser IV;	"";	"";	shalmaneser iv
Stoat;	mustela;	erminea;	""
Posidonius;	"";	"";	posidonius
Antiproton;	"";	"";	antiproton
Drawn thread work;	"";	"";	encyclopedia of needlework
Michael Jecks;	"";	"";	michael jecks
Wandering Jew;	"";	"";	"\"cassell\"}}"
Pahang;	"";	"";	pahang
Mommsen;	"";	"";	mommsen
Adamari López;	"";	"";	adamari lópez
Mount Tahan;	"";	"";	mount tahan
List of counties in Arizona;	"";	"";	counties of arizona
Hubert de Burgh, Earl of Kent;	"";	"";	hubert de burgh, earl of kent
Cor anglais;	"";	"";	cor anglais
Ada Vélez;	"";	"";	ada vélez
List of counties in Connecticut;	"";	"";	counties of connecticut
The Age of Spiritual Machines;	"";	"";	the age of spiritual machines: when computers exceed human intelligence
Stand by Me (film);	"";	"";	stand by me
Neil Young;	"";	no}};	neil young
Administrative divisions of Mexico;	"";	"";	mexican states<br />''estados mexicanos'' ([[spanish language
Josephine Tey;	"";	"";	elizabeth mackintosh
Occupation of Japan;	"";	"";	{{lang
Educational reform in occupied Japan;	"";	"";	jits1946
File:Silver Chalice poster.jpg;	"";	"";	""
Flint, Michigan;	"";	no}};	flint, michigan
Near-sightedness;	"";	"";	near-sightedness
Carl Yastrzemski;	"";	"";	carl yastrzemski
Cate Tiernan;	"";	"";	cate tiernan
Oden;	"";	"";	''oden''
Sheila E.;	"";	"";	sheila e.
St. Mary's University, Texas;	"";	"";	st. mary's university
Syllable Desktop;	"";	"";	syllable
Tom Tomorrow;	"";	"";	tom tomorrow
Shakespeare in Love;	"";	"";	shakespeare in love
Joseph Fiennes;	"";	"";	joseph fiennes
Camille Claudel;	"";	"";	camille claudel
Prostate cancer;	"";	"";	prostate cancer
Jonathan Frakes;	"";	"";	jonathan frakes
Rubén Berríos;	"";	"";	rubén ángel berríos martínez
Saab 37 Viggen;	"";	"";	saab 37 viggen
Baden bei Wien;	"";	"";	baden
Schiedam;	"";	no;	schiedam
Andy Müller-Maguhn;	"";	"";	andy müller-maguhn
L0pht;	"";	"";	l0pht heavy industries
Benign prostatic hyperplasia;	"";	"";	benign prostatic hyperplasia
Thameslink;	"";	"";	thameslink
Popular Front for the Liberation of Palestine – General Command;	"";	"";	popular front for the liberation of palestine - general command
Tuvok;	"";	[[vulcan (star trek);	tuvok
Hendrik Lorentz;	"";	"";	hendrik lorentz
Double (association football);	"";	"";	glasgow}} [[1907–08 celtic f.c. season
Little Cumbrae;	"";	"";	cumbrae lighthouse
Berlin wool work;	"";	"";	berlin wool work
Bass trumpet;	"";	"";	bass trumpet
Royal School of Needlework;	"";	"";	royal school of needlework
Springfield (The Simpsons);	"";	"";	springfield
Thomas Johann Seebeck;	"";	"";	thomas johann seebeck
Joseph Chamberlain;	"";	"";	joseph chamberlain
Sven-Göran Eriksson;	"";	"";	sven-göran eriksson
Splashdown;	"";	"";	freedom 7}}
Tony Adams;	"";	"";	tony adams<br /><small>[[order of the british empire
Odds BK;	"";	"";	[[per kristian bråtveit]]
Crucifix (band);	"";	"";	crucifix
Edward Gorey;	"";	"";	edward gorey
Chromosome 15q trisomy;	"";	"";	chromosome 15q trisomy
Hautes-Pyrénées;	"";	"";	hautes-pyrénées
Traditional pop;	"";	"";	traditional pop
Wendy Hiller;	"";	"";	wendy hiller
Peggy Cass;	"";	"";	peggy cass
Golden eagle;	aquila;	chrysaetos;	""
John Lott;	"";	"";	john lott
Carl Larsson;	"";	"";	carl larsson
Folkestone;	"";	"";	arms of folkestone town council
Gerda;	"";	"";	gerda
Mundilfari;	"";	"";	mundilfari
Hati Hróðvitnisson;	"";	[[warg]];	hati hróðvitnisson
Ferris Bueller's Day Off;	"";	no;	ferris bueller's day off
Chatham University;	"";	"";	chatham university
Adele Goldberg;	"";	"";	goldberg, adele}}
Wikipedia:WikiProject U.S. counties;	"";	"";	u.s. counties
Luigi Galvani;	"";	"";	luigi galvani
Showtunes (Stephin Merritt and Chen Shi-zheng album);	"";	"";	showtunes
Eastern imperial eagle;	aquila;	heliaca;	eastern imperial eagle
America, Netherlands;	"";	"";	america
Diane de Poitiers;	"";	"";	diane de poitiers
Shadow Puppets;	"";	"";	shadow puppets
Edam, Netherlands;	"";	"";	edam
Lattice C;	"";	"";	lattice c
County (United States);	"";	"";	county
Joe Cocker;	"";	"";	joe cocker
List of counties in Hawaii;	"";	"";	counties of hawaii
Flensburg;	"";	"";	flensburg
List of counties in Maryland;	"";	"";	independent city and counties of maryland
Brewster Kahle;	"";	"";	brewster kahle
Institutional Revolutionary Party;	"";	"";	institutional revolutionary party
Cologne Cathedral;	"";	"";	cologne cathedral
Helheim (band);	"";	"";	helheim
AppleScript;	"";	"";	applescript
Château de Montsoreau;	"";	"";	château de montsoreau
Víctor Jara;	"";	"";	víctor jara
Edam cheese;	"";	"";	edam<br/>{{nobold
Holler (Spice Girls song);	"";	"";	holler
Tostada (tortilla);	"";	"";	tostada
Guildhall School of Music and Drama;	"";	"";	guildhall school of music and drama
Chilaquiles;	"";	"";	chilaquiles
List of counties in Massachusetts;	"";	"";	counties of massachusetts
List of counties in Vermont;	"";	"";	counties of vermont
Château de Langeais;	"";	"";	château de langeais
Chimera (mythology);	"";	"";	chimera
Baccarat, Meurthe-et-Moselle;	"";	"";	baccarat
The Pirate Planet;	"";	"";	doctor who – the pirate planet
Shada (Doctor Who);	"";	"";	1980v
City of Death;	"";	"";	doctor who – city of death
Monterey Bay Aquarium;	"";	"";	monterey bay aquarium
Terry Puhl;	"";	"";	terry puhl
Oscar (fish);	astronotus;	ocellatus;	oscar fish
John Holmes (actor);	"";	"";	john holmes
Jack L. Warner;	"";	"";	jack l. warner
Howard Zinn;	"";	"";	howard zinn
Matt Stairs;	"";	"";	matt stairs
Jumpman (video game);	"";	"";	jumpman}}
Alejandro Toledo;	"";	"";	alejandro toledo
Mario Morales;	"";	"";	mario morales
Mario Tennis;	"";	"";	''mario tennis'' (nintendo 64)}}
Savoy Theatre;	"";	"";	savoy theatre
IBook;	"";	"";	ibook
Boidae;	"";	"";	calabaria
Fujian;	"";	"";	fujian
Reticulated python;	malayopython;	reticulatus;	reticulated python
David Cassidy;	"";	"";	david cassidy
Star Trek IV: The Voyage Home;	"";	"";	star trek iv: the voyage home
Table Mountain;	"";	"";	table mountain
Christopher Robin;	"";	"";	christopher robin
Eeyore;	"";	[[donkey]];	eeyore
Piglet (Winnie-the-Pooh);	"";	[[pig]];	piglet
Rabbit (Winnie-the-Pooh);	"";	[[rabbit]];	rabbit
Roo;	"";	[[kangaroo;	""
Skywarn;	"";	"";	skywarn
Professional Widow;	"";	"";	professional widow
Montgomery College;	"";	"";	montgomery college
Y Kant Tori Read;	"";	"";	y kant tori read
Sandra Bernhard;	"";	no}};	sandra bernhard
China O'Brien;	"";	"";	china o'brien
From the Choirgirl Hotel;	"";	"";	from the choirgirl hotel
Sirte District;	"";	"";	sirte
Strange Little Girls;	"";	"";	strange little girls
Boys for Pele;	"";	"";	boys for pele
Scarlet's Walk;	"";	"";	scarlet's walk
Laufey;	"";	"";	}}
Fárbauti;	"";	[[jötunn]];	fárbauti
Brok, Masovian Voivodeship;	"";	"";	brok
G-spot;	"";	"";	g-spot<br />gräfenberg-spot<br />(gräfenberg's locus)
Sinmara;	"";	"";	"\"rydberg-ashes\""
Verónica Castro;	"";	"";	verónica castro
Steve Mann (inventor);	"";	"";	steve mann
Jim Ryun;	"";	"";	jim ryun
Eagle ray;	"";	"";	eagle ray
The Salvation Army;	"";	"";	the salvation army
Charter of the United Nations;	"";	"";	charter of the united nations
Braunschweiger (sausage);	"";	"";	braunschweiger
Tweety;	"";	[[yellow canary]];	tweety
Ferdinand II;	"";	"";	ferdinand 02}}
Sundsvall Municipality;	"";	"";	sundsvall municipality
Bristol Temple Meads railway station;	"";	"";	bristol temple meads
Du gamla, du fria;	"";	"";	förblir
AmigaDOS;	"";	"";	amigados
Olivia de Havilland;	"";	no;	""
Nile perch;	lates;	niloticus;	""
Alvin Plantinga;	"";	"";	alvin plantinga
Henry L. Stimson;	"";	"";	henry l. stimson
Philippine eagle;	pithecophaga;	jefferyi;	""
Château de Chambord;	"";	"";	château de chambord
New York Philharmonic;	"";	"";	new york philharmonic
SPECTRE;	"";	"";	spectre
Blood transfusion;	"";	"";	blood transfusion
Alabama (band);	"";	"";	alabama
Trichomoniasis;	"";	"";	trichomoniasis
Hiram I;	"";	"";	hiram i
Hanga;	"";	"";	hanga
Flag of Belgium;	"";	"";	kingdom of belgium
Sheffield;	"";	"";	sheffield cdl
Roger Corman;	"";	"";	roger corman
Tilapia;	oreochromis;	niloticus;	""
Doris Lessing;	"";	"";	doris lessing}}
Pygmalion of Tyre;	"";	"";	pygmalion
Discus (fish);	symphysodon;	"";	''symphysodon''
Roger Vadim;	"";	"";	roger vadim
Melqart;	"";	"";	melqart
Snoop Dogg;	"";	no}};	snoop dogg
Cataract;	"";	"";	cataract
Flag of Alaska;	"";	"";	alaska
Fort Duquesne;	"";	"";	fort duquesne
Charango;	"";	"";	charango
Vendée;	"";	"";	vendée
Paul Wittgenstein;	"";	"";	paul wittgenstein
Prune belly syndrome;	"";	"";	prune belly syndrome
Anosmia;	"";	"";	anosmia
Járnsaxa;	"";	[[jötunn]];	járnsaxa
Eva Cassidy;	"";	"";	eva cassidy
Loir-et-Cher;	"";	"";	loir-et-cher
Flushing Meadows (film);	"";	"";	flushing meadows
Flushing Meadows–Corona Park;	"";	"";	flushing meadows–corona park
Garret Hobart;	"";	"";	garret hobart
University of Bonn;	"";	"";	university of bonn
Peabody Awards;	"";	"";	peabody awards
Mylodon;	mylodon;	darwini;	""
Kea;	nestor;	notabilis;	kea
Kākāpō;	strigops;	habroptila;	kākāpō
Daniel D. Tompkins;	"";	"";	daniel d. tompkins
Paris–Brest–Paris;	"";	"";	paris-brest-paris
Guggenheim Museum Bilbao;	"";	"";	guggenheim museum bilbao
Richard Mentor Johnson;	"";	"";	richard mentor johnson
George M. Dallas;	"";	"";	george m. dallas
Deep Dish (duo);	"";	"";	deep dish
East Coast of the United States;	"";	"";	east coast of the united states
William R. King;	"";	"";	william rufus devane king
Gary Larson;	"";	"";	there's a hair in my dirt!: a worm's story
John C. Breckinridge;	"";	"";	john c. breckinridge
Jimmy Somerville;	"";	"";	jimmy somerville
Schuyler Colfax;	"";	"";	schuyler colfax
Laima;	"";	"";	laimi
Henry Wilson;	"";	"";	henry wilson
William A. Wheeler;	"";	"";	william a. wheeler
Thomas A. Hendricks;	"";	"";	thomas a. hendricks
Levi P. Morton;	"";	"";	levi p. morton
Acetaldehyde;	"";	"";	acetaldehyde
Alcohol dehydrogenase;	"";	"";	alcohol dehydrogenase
Flag of Oregon;	"";	"";	oregon
NAMES Project AIDS Memorial Quilt;	"";	"";	names project aids memorial quilt
Christian rock;	"";	"";	christian rock
Sweet corn;	"";	''[[zea mays]]'' convar. ''saccharata'' var. ''rugosa'';	sweet corn
Boeing 777;	"";	"";	boeing 777
Jean-Claude Van Damme;	"";	"";	jean-claude van damme
Dodge City (film);	"";	"";	dodge city
Reginald Barclay;	"";	"";	reginald barclay
Robert L. Forward;	"";	"";	robert l. forward
American Museum and Gardens;	"";	"";	american museum and gardens
Nordfriesland (district);	"";	"";	nordfriesland
North Frisian Islands;	"";	"";	north frisian islands
Antigonus I Monophthalmus;	"";	"";	antigonus i monophthalmus
Perseus of Macedon;	"";	"";	perseus
Michael Curtiz;	"";	"";	michael curtiz
Elsa Beskow;	"";	"";	elsa beskow
Percy Barnevik;	"";	"";	percy barnevik
Carl Michael Bellman;	"";	"";	carl michael bellman
Ingvar Carlsson;	"";	"";	ingvar carlsson
Bridget of Sweden;	"";	"";	bridget of sweden
Fredrika Bremer;	"";	"";	fredrika bremer
Flag of South Africa;	"";	"";	republic of south africa
Morton Feldman;	"";	"";	morton feldman
Howard Waldrop;	"";	"";	howard waldrop
Emmer;	triticum;	dicoccum;	emmer wheat
MIT OpenCourseWare;	"";	"";	mit opencourseware
Trillian (software);	"";	"";	trillian
A Bridge Too Far (film);	"";	"";	a bridge too far
ICab;	"";	"";	icab
Frustum;	"";	"";	set of pyramidal right {{mvar
Arrow's impossibility theorem;	"";	"";	field expansion lemma
Philippe de Commines;	"";	"";	philippe de commynes
House of Lancaster;	"";	"";	earl/duke}}
Cannibal Corpse;	"";	"";	cannibal corpse
Fiddler on the Roof;	"";	"";	fiddler on the roof
Practical Magic;	"";	"";	practical magic
Chow Yun-fat;	"";	"";	chow yun-fat
Dorothy Tutin;	"";	"";	dorothy tutin
William Butterfield;	"";	"";	william butterfield
The Broads;	"";	"";	the broads
Bristol Parkway railway station;	"";	"";	bristol parkway
East Carolina University;	"";	"";	east carolina university
São Carlos;	"";	"";	são carlos
University of North Carolina at Chapel Hill;	"";	"";	university of north carolina<br />at chapel hill
New London, Connecticut;	"";	"";	new london, connecticut
Wyandotte, Michigan;	"";	"";	wyandotte, michigan
Enigma Variations;	"";	"";	turin
Viking 2;	"";	"";	''viking 2''
Harold Pinter;	"";	"";	harold pinter
A Better Tomorrow;	"";	"";	a better tomorrow
Gong;	"";	"";	gong
Amon Tobin;	"";	"";	amon tobin
Kitchener, Ontario;	"";	"";	kitchener
Joanna Lumley;	"";	"";	joanna lumley
Jennifer Saunders;	"";	"";	jennifer saunders
Mike Farrell;	"";	"";	mike farrell
French and Saunders;	"";	"";	lananeeneenoonoo
Blue Angel (band);	"";	"";	blue angel
Luis Cernuda;	"";	"";	luis cernuda
