title;	genus;	species;	name
Pope Adrian V;	"";	"";	adrian v
Pope John XXI;	"";	"";	john xxi
Pope Adrian VI;	"";	"";	adrian vi
Pope Anastasius III;	"";	"";	anastasius iii
Pope Anastasius IV;	"";	"";	anastasius iv
Pope Anastasius II;	"";	"";	anastasius ii
Pope Anastasius I;	"";	"";	anastasius i
List of Pokémon;	"";	"";	3ds
Prague;	"";	no;	prague
Pomeranian language;	"";	"";	pomeranian
Peace of Westphalia;	"";	"";	peace of westphalia
Pope Damasus I;	"";	"";	damasus i
Pope Honorius I;	"";	"";	honorius i
Pope Honorius II;	"";	"";	honorius ii
Pope Honorius III;	"";	"";	honorius iii
Pope Honorius IV;	"";	"";	honorius iv
Paulinus of Nola;	"";	"";	paulinus of nola
Plymouth Argyle F.C.;	"";	"";	[[michael cooper (footballer)
Python (programming language);	"";	no;	""
Pyridine;	"";	"";	pyridine
Production car racing;	"";	"";	production car racing
Pompey;	"";	"";	pompey
Pasta;	"";	"";	pasta
Pat Cadigan;	"";	"";	pat cadigan
Penguin;	"";	sphenisciformes;	penguins
Psycho (1960 film);	"";	"";	psycho
Pulley;	"";	"";	pulley
Purus River;	"";	"";	purus river
Pastaza River;	"";	"";	pastaza river
Polyphemus;	"";	"";	polyphemus<br/>{{lang
Portuguese language;	"";	"";	portuguese
Paul Reubens;	"";	no}};	paul reubens
Princeton University;	"";	"";	princeton university
Passenger pigeon;	ectopistes;	migratorius;	passenger pigeon
PHP-Nuke;	"";	"";	php-nuke
Patrick White;	"";	"";	patrick white
Pope Martin I;	"";	"";	martin i
Pope Martin IV;	"";	"";	martin iv
Pope Martin V;	"";	"";	martin v
Proto-Human language;	"";	"";	proto-human
Pope Marinus I;	"";	"";	marinus i
Pope Marinus II;	"";	"";	marinus ii
Pope Marcellus I;	"";	"";	marcellus i
Pope Marcellus II;	"";	"";	marcellus ii
Pope Miltiades;	"";	"";	miltiades
PDP-1;	"";	"";	pdp-1
Porsche 928;	"";	"";	porsche 928
Ptolemy;	"";	"";	ptolemy
Pyxis;	"";	"";	pyxis
Pegasus;	"";	"";	pegasus
Puppis;	"";	"";	puppis
Piscis Austrinus;	"";	"";	piscis austrinus
Civic Platform;	"";	"";	civic platform of<br>the republic of poland
Paris, Texas;	"";	"";	paris, texas
Pearl;	"";	"";	pearl
Pope Benedict I;	"";	"";	benedict i
Pope Benedict II;	"";	"";	benedict ii
Pope Benedict III;	"";	"";	benedict iii
Pope Benedict V;	"";	"";	benedict v
Pope Benedict VI;	"";	"";	benedict vi
Pope Benedict VII;	"";	"";	benedict vii
Pope Benedict VIII;	"";	"";	benedict viii
Pope Benedict IX;	"";	"";	benedict ix
Pope Benedict XI;	"";	"";	benedict xi
Pope Benedict XII;	"";	"";	benedict xii
Pope Benedict XIII;	"";	"";	benedict xiii
Pope Benedict XIV;	"";	"";	benedict xiv
Physical therapy;	"";	"";	physical therapy / physiotherapy
Pope John Paul I;	"";	"";	john paul i
Pope Paul VI;	"";	"";	paul vi
Positron emission tomography;	"";	"";	positron emission tomography
Percival Lowell;	"";	"";	percival lowell
Peter F. Hamilton;	"";	"";	peter f. hamilton
The Night's Dawn Trilogy;	"";	"";	the reality dysfunction
Pope Boniface I;	"";	"";	boniface i
Pope Boniface II;	"";	"";	boniface ii
Pope Boniface III;	"";	"";	boniface iii
Pope Boniface IV;	"";	"";	boniface iv
Pope Boniface V;	"";	"";	boniface v
Pope Boniface VI;	"";	"";	boniface vi
Antipope Boniface VII;	"";	"";	boniface vii
Pope Boniface VIII;	"";	"";	boniface viii
Pope Boniface IX;	"";	"";	boniface ix
Peter Handke;	"";	"";	peter handke
Paolo Uccello;	"";	"";	paolo uccello
Pope Pius I;	"";	"";	pius i
Pope Pius II;	"";	"";	pius ii
Phoebe Hearst;	"";	"";	phoebe hearst
Pope Pius IV;	"";	"";	pius iv
Pope Pius III;	"";	"";	pius iii
Pope Pius V;	"";	"";	pius v
Peripheral Component Interconnect;	"";	"";	pci
PDF;	"";	"";	portable document format
PostScript;	"";	"";	postscript
Party of European Socialists;	"";	"";	party of european socialists
Phenol;	"";	"";	phenol
Protagoras;	"";	"";	protagoras
Diana, Princess of Wales;	"";	"";	diana
Pope Clement II;	"";	"";	clement ii
Pope Clement III;	"";	"";	clement iii
Pope Clement IV;	"";	"";	clement iv
Pope Clement V;	"";	"";	clement v
Pope Clement VI;	"";	"";	clement vi
The Presidents of the United States of America (band);	"";	"";	the presidents of the united states of america
President of the United States;	"";	"";	owings v. speed
Pope Clement VII;	"";	"";	clement vii
Pope Clement VIII;	"";	"";	clement viii
Pope Clement IX;	"";	"";	clement ix
Pope Clement X;	"";	"";	clement x
Pope Clement XI;	"";	"";	clement xi
Priam;	"";	"";	priam, last king of troy
Prime Minister of Canada;	"";	"";	votes}}<ref name=brooks235>{{harvnb
Paul the Apostle;	"";	"";	paul the apostle
Pope Clement XII;	"";	"";	clement xii
Pope Clement XIII;	"";	"";	clement xiii
Pope Clement XIV;	"";	"";	clement xiv
Flatworm;	"";	"";	flatworm
Pope Celestine I;	"";	"";	celestine i
Pope Celestine II;	"";	"";	celestine ii
Pope Celestine III;	"";	"";	celestine iii
Pope Celestine IV;	"";	"";	celestine iv
Pope Celestine V;	"";	"";	celestine v
Pueblo, Colorado;	"";	"";	pueblo, colorado
Paul Desmond;	"";	"";	paul desmond
Pride and Prejudice;	"";	"";	pride and prejudice
Palace of Westminster;	"";	"";	palace of westminster
Plautus;	"";	"";	plautus
Pablo Picasso;	"";	"";	pablo picasso
Parma, Michigan;	"";	"";	parma, michigan
Pope Gregory II;	"";	"";	gregory ii
Pope Gregory III;	"";	"";	gregory iii
Pope Gregory IV;	"";	"";	gregory iv
Pope Gregory V;	"";	"";	gregory v
Pope Gregory VI;	"";	"";	gregory vi
Pope Gregory VIII;	"";	"";	gregory viii
Pope Gregory X;	"";	"";	gregory x
Prometheus Award;	"";	"";	prometheus award
Paavo Lipponen;	"";	"";	paavo lipponen
Portsmouth;	"";	"";	portsmouth
Profanity;	"";	"";	dictionary of the vulgar tongue
Pope Gregory IX;	"";	"";	gregory ix
Pope Callixtus I;	"";	"";	callixtus i
Pope Callixtus II;	"";	"";	callixtus ii
Pope Callixtus III;	"";	"";	callixtus iii
Plan 9 from Bell Labs;	"";	"";	plan 9 from bell labs
Pope Gregory XI;	"";	"";	gregory xi
Pope Gregory XIV;	"";	"";	gregory xiv
Pope Gregory XV;	"";	"";	gregory xv
Pulitzer Prize;	"";	"";	pulitzer prize
Parma;	"";	"";	parma
Power (physics);	"";	"";	power
Pope Gregory XII;	"";	"";	gregory xii
Pope Gregory XIII;	"";	"";	gregory xiii
Pankration;	"";	"";	pankration
Peter Guralnick;	"";	"";	peter guralnick
Persephone;	"";	"";	persephone
Pervez Musharraf;	"";	no;	<!-- defaults to article title when left blank -->
Panga;	pterogymnus;	laniarius;	panga
Ping (networking utility);	"";	"";	""
Paul Whitehouse;	"";	"";	paul whitehouse
Pittsburgh Pirates;	"";	"";	pittsburgh pirates
Pope Siricius;	"";	"";	siricius
Pope Sixtus I;	"";	"";	sixtus i
Pope Sixtus II;	"";	"";	sixtus ii
Pope Sixtus III;	"";	"";	sixtus iii
Paul Bunyan;	"";	[[giant]];	""
Pear;	"";	"";	pear
PowerPC;	"";	"";	powerpc
Pope Urban I;	"";	"";	urban i
Pope Urban II;	"";	"";	urban ii
Pope Urban III;	"";	"";	urban iii
Pope Urban IV;	"";	"";	urban iv
Pope Urban V;	"";	"";	urban v
Potsdam Conference;	"";	"";	potsdam conference
Pope Urban VI;	"";	"";	urban vi
Pope Urban VII;	"";	"";	urban vii
PNG;	"";	"";	portable network graphics
Pope Urban VIII;	"";	"";	urban viii
Pope Silverius;	"";	"";	silverius
Pope Sylvester I;	"";	"";	sylvester i
Pope Sylvester III;	"";	"";	sylvester iii
Pope Stephen I;	"";	"";	stephen i
Pellucidar;	"";	"";	pellucidar series
Peace Now;	"";	"";	peace now
Palestine Liberation Organization;	"";	"";	palestine liberation organization
Pol Pot;	"";	no}};	pol pot
Prairie dog;	"";	"";	prairie dog
Porcupinefish;	"";	"";	porcupinefish
Pope Stephen III;	"";	"";	stephen iii
Pope Stephen IV;	"";	"";	stephen iv
Pope Stephen V;	"";	"";	stephen v
Pope Stephen VI;	"";	"";	stephen vi
Pope Stephen VII;	"";	"";	stephen vii
Pope Stephen VIII;	"";	"";	stephen viii
Pope Stephen IX;	"";	"";	stephen ix
Pope Sergius I;	"";	"";	sergius i
Pope Sergius II;	"";	"";	sergius ii
Pope Sergius III;	"";	"";	sergius iii
Pope Sergius IV;	"";	"";	sergius iv
Pacific Beach, San Diego;	"";	"";	pacific beach, san diego
Perth;	"";	"";	perth
People Against Gangsterism and Drugs;	"";	"";	people against gangsterism and drugs
PDP-8;	"";	"";	pdp-8
Porsche;	"";	"";	dr. ing. h.c. f. porsche ag
Porsche 924;	"";	"";	porsche 924
Porsche 944;	"";	"";	porsche 944
Porsche 968;	"";	"";	porsche 968
Porsche 912;	"";	"";	porsche 912
Pope Zachary;	"";	"";	zachary
Pope Valentine;	"";	"";	valentine
Pope Victor I;	"";	"";	victor i
Pope Victor II;	"";	"";	victor ii
Pope Victor III;	"";	"";	victor iii
Paul J. McAuley;	"";	"";	paul j. mcauley}}
PDP-11;	"";	"";	pdp–11
Pongo de Manseriche;	"";	"";	pongo de manseriche
Polar bear;	ursus;	maritimus;	""
Peter Carey (novelist);	"";	"";	peter carey
Pope Innocent I;	"";	"";	innocent i
Philippi;	"";	"";	philippi
Victoria, Crown Princess of Sweden;	"";	"";	victoria
Pope Innocent II;	"";	"";	innocent ii
Pope Zosimus;	"";	"";	zosimus
Pope Innocent IV;	"";	"";	innocent iv
Pope Innocent V;	"";	"";	innocent v
Paranasal sinuses;	"";	"";	paranasal sinuses
PAL;	"";	"";	guernsey}}
Polo;	"";	"";	polo
Pope Felix I;	"";	"";	felix i
Privy Council (United Kingdom);	"";	no;	his majesty's most honourable privy council
Prime Minister of India;	"";	"";	56o}} the first few decades after 1947 saw the [[indian national congress]]' (inc) near complete domination over the political map of india. india's first prime minister—[[jawaharlal nehru]]—took oath on 15 august 1947. nehru went on to serve as prime minister for 17 consecutive years, winning four [[elections in india
Pope Innocent III;	"";	"";	innocent iii
Polyvinyl chloride;	"";	"";	""
Philip Henry Gosse;	"";	"";	philip henry gosse
Paul Cézanne;	"";	"";	paul cézanne
Pope Innocent VI;	"";	"";	innocent vi
Penectomy;	"";	"";	penectomy
Prakrit;	"";	"";	prakrit
Pyotr Ilyich Tchaikovsky;	"";	"";	pyotr ilyich tchaikovsky
Pierre Trudeau;	"";	"";	pierre trudeau
Pierre Curie;	"";	"";	pierre curie
Psychosis;	"";	"";	psychosis
Paranoia;	"";	"";	paranoia
Polybius;	"";	"";	polybius
Plutarch;	"";	"";	plutarch
Peter Sellers;	"";	"";	peter sellers
Project Runeberg;	"";	"";	project runeberg
Pico (text editor);	"";	"";	pico
Pasporta Servo;	"";	"";	pasporta servo
Peter J. Carroll;	"";	"";	peter j. carroll
Intact dilation and extraction;	"";	"";	intact dilation and extraction
Pope Anterus;	"";	"";	anterus
Pepsi;	"";	"";	pepsi
Paul Johann Anselm Ritter von Feuerbach;	"";	"";	anselm von feuerbach
Pelvic inflammatory disease;	"";	"";	pelvic inflammatory disease
Polyamory;	"";	"";	''the ethical slut: a guide to infinite sexual possibilities''}}
Pope Theodore II;	"";	"";	theodore ii
Pope Formosus;	"";	"";	formosus
Autosomal dominant polycystic kidney disease;	"";	"";	autosomal dominant polycystic kidney disease
Pete Best;	"";	"";	pete best
Port Adelaide Football Club;	"";	"";	player
Pope Sylvester II;	"";	"";	sylvester ii
Paul Laurence Dunbar;	"";	"";	paul laurence dunbar
Pop music;	"";	no;	pop music
Paul Wertico;	"";	"";	paul wertico
Porsche 356;	"";	"";	porsche 356<ref>{{cite web
Pedro Martínez;	"";	"";	pedro martínez
Pisa;	"";	"";	pisa
Pope Innocent VII;	"";	"";	innocent vii
Pope Innocent VIII;	"";	"";	innocent viii
Pope Innocent IX;	"";	"";	innocent ix
Pope Innocent X;	"";	"";	innocent x
Pope Innocent XI;	"";	"";	innocent xi
Princess Mononoke;	"";	no;	princess mononoke
List of premiers of Victoria;	"";	"";	william clark haines
Standard Chinese;	"";	"";	standard chinese
Pope Innocent XII;	"";	"";	innocent xii
Pentium (original);	"";	"";	pentium (i586)
Pasiphaë;	"";	"";	pasiphaë
Pope Innocent XIII;	"";	"";	innocent xiii
Pope Julius I;	"";	"";	julius i
Pope Julius III;	"";	"";	julius iii
Pope Eugene I;	"";	"";	eugene i
Pope Eugene II;	"";	"";	eugene ii
Pope Eugene III;	"";	"";	eugene iii
Portland Vase;	"";	"";	portland vase
Pyrenees;	"";	"";	the pyrenees mountains
North American P-51 Mustang;	"";	"";	p-51 mustang
Punjab;	"";	"";	punjab
Patrick Abercromby;	"";	"";	patrick abercromby
Positron;	"";	"";	positron (antielectron)
4-Phenyl-4-(1-piperidinyl)cyclohexanol;	"";	"";	4-phenyl-4-(1-piperidinyl)cyclohexanol
Piperidine;	"";	"";	piperidine
Paul Dirac;	"";	"";	paul dirac
Peter Wessel Zapffe;	"";	"";	peter wessel zapffe
PCX;	"";	"";	pcx
Porter Blanchard;	"";	"";	porter george blanchard
Punjab, Pakistan;	"";	"";	punjab
Pope Julius II;	"";	"";	julius ii
Pope Eusebius;	"";	"";	eusebius
Persian Gulf;	"";	"";	persian gulf
Pizza;	"";	"";	pizza
UGM-27 Polaris;	"";	"";	ugm-27 polaris
UGM-73 Poseidon;	"";	"";	ugm-73a poseidon c3
Private (rank);	"";	"";	private
Proclus;	"";	"";	proclus lycius
Polaris Sales Agreement;	"";	"";	polaris sales agreement
Peter Mark Roget;	"";	"";	peter mark roget
Pterosaur;	"";	"";	pterosaurs
Pope Sixtus IV;	"";	"";	sixtus iv
Panama Canal;	"";	"";	panama canal<br/>{{lang
Potato chip;	"";	"";	potato chip
Phenothiazine;	"";	"";	phenothiazine
Pale Fire;	"";	"";	pale fire
Pseudomonadota;	"";	"";	pseudomonadota
Personal jurisdiction;	"";	"";	pennoyer v. neff
CD-i;	"";	"";	compact disc-interactive
Peppered moth;	"";	"";	peppered moth
Adobe Photoshop;	"";	no }};	adobe photoshop
PaintShop Pro;	"";	"";	paintshop pro
Peyton Randolph;	"";	"";	peyton randolph
Patrick Macnee;	"";	"";	<!-- defaults to article title when left blank -->
Pembroke College, Cambridge;	"";	"";	pembroke college
Philips Videopac+ G7400;	"";	"";	videopac+ g7400
Pong;	"";	"";	pong variants}}
Pelé;	"";	no}};	<!-- defaults to article title when left blank -->
Polycarp;	"";	"";	polycarp of smyrna
Pacifism;	"";	no}};	""
Prince Albert (genital piercing);	"";	"";	prince albert
Paint Your Wagon (musical);	"";	"";	paint your wagon
Pacific Overtures;	"";	"";	pacific overtures
Peter Stuyvesant;	"";	"";	peter stuyvesant
Phish;	"";	no}};	phish
PA-RISC;	"";	"";	pa-risc (hp/pa)
Preacher (comics);	"";	no;	""
Pioneer 11;	"";	"";	''pioneer 11''
Pelagianism;	"";	"";	on the christian life}}}}
Peter David;	"";	"";	peter david
Pretoria;	"";	"";	pretoria
Psychiatrist;	"";	"";	psychiatrist
Peano axioms;	"";	"";	overspill lemma{{sfn
Procyon;	"";	"";	procyon b
Paul Auster;	"";	"";	paul auster
Presbyterian Church (USA);	"";	"";	presbyterian church (usa)
Piña colada;	"";	"";	piña colada
Pub rock (Australia);	"";	"";	australian pub rock
Pioneer program;	"";	"";	""
Lockheed P-38 Lightning;	"";	"";	p-38 lightning
Punjabi language;	"";	"";	punjabi
Pierre de Coubertin;	"";	"";	pierre de coubertin
Piedmont;	"";	"";	piedmont
Paavo Nurmi;	"";	"";	paavo nurmi
Purple Heart;	"";	"";	purple heart
Philip II of France;	"";	"";	philip ii
Peripheral nervous system;	"";	"";	peripheral nervous system
Pittsburgh;	"";	"";	pittsburgh
Patricia Soltysik;	"";	"";	patricia soltysik
Polio;	"";	"";	polio
Posada, Sardinia;	"";	"";	posada
Puget Sound Naval Shipyard;	"";	"";	puget sound naval shipyard
PowerBook;	"";	"";	powerbook
Phil Ochs;	"";	"";	phil ochs
Ponte Vecchio;	"";	"";	ponte vecchio
Peenemünde Army Research Center;	"";	"";	peenemünde army research center
Peggy Lee;	"";	"";	peggy lee
Paolo Fresu;	"";	"";	paolo fresu
Progressive multifocal leukoencephalopathy;	"";	"";	progressive multifocal leukoencephalopathy
Idiopathic intracranial hypertension;	"";	"";	idiopathic intracranial hypertension
Plymouth Sound;	"";	"";	plymouth sound
Quentin Tarantino;	"";	no;	quentin tarantino
Quark;	"";	"";	quark
Q;	"";	"";	q
Geography of Qatar;	"";	"";	qatar
Qatar Armed Forces;	"";	"";	qatar armed forces
Quaternary;	"";	"";	quaternary
Quantum mechanics;	"";	"";	feynmaniii
Qt (software);	"";	"";	qt (software)
QuakeC;	"";	"";	quakec
Quad Cities;	"";	"";	quad cities
Quake III Arena;	"";	"";	credited
Quagga;	equus;	quagga;	""
QuickTime;	"";	"";	quicktime player
Quartz;	"";	"";	quartz
Qantas;	"";	no}};	""
QED (text editor);	"";	"";	qed
Qusay Hussein;	"";	"";	qusay saddam hussein
Queue (abstract data type);	"";	"";	queue
Quake (video game);	"";	"";	''quake''}}
Quadratic reciprocity;	"";	"";	law of quadratic reciprocity
Quadrilateral;	"";	"";	quadrilateral
Quechuan languages;	"";	"";	quechuan
Quail;	"";	"";	quail
Quasi-War;	"";	"";	france
Quantico, Virginia;	"";	"";	quantico, virginia
RSA (cryptosystem);	"";	"";	rsa
Robert A. Heinlein;	"";	"";	robert a. heinlein
Russia;	"";	"";	disputed}} have equal representation—two delegates each—in the [[federation council (russia)
Romance languages;	"";	"";	romance
Robert Byrd;	"";	"";	robert byrd
Reptile;	"";	"";	reptiles
Rhode Island;	"";	"";	rhode island
Rock and roll;	"";	no;	rock and roll
Religion;	"";	"";	sciento
Reed College;	"";	"";	reed college
Rock music;	"";	no;	rock
Roman Polanski;	"";	no;	""
Russian language;	"";	"";	russian
Rush (band);	"";	no;	rush
Robert J. Flaherty;	"";	"";	robert j. flaherty
Rolling Stone;	"";	no;	""
Robert Chambers (publisher, born 1802);	"";	"";	robert chambers
Rhetoric;	"";	"";	the art or crafte of rhetoryke
Richard Wagner;	"";	"";	richard wagner
Republic of Texas;	"";	"";	republic of texas}}
Rome;	"";	"";	rome
Rocky Mountains;	"";	"";	rocky mountains
Richard Nixon;	"";	"";	jewish vote}}
Rosemary;	salvia;	rosmarinus;	rosemary
The Rocky Horror Picture Show;	"";	no;	""
Ridley Scott;	"";	"";	ridley scott
Demographics of the Republic of the Congo;	"";	"";	h}}
Armed Forces of the Republic of the Congo;	"";	"";	armed forces of the republic of the congo
Raging Bull;	"";	"";	raging bull
Roman Empire;	"";	"";	fnother}}}}
Riga;	"";	"";	riga
Reggae;	"";	"";	reggae
Richard Feynman;	"";	"";	richard feynman
René Descartes;	"";	"";	rené descartes
Romansh language;	"";	"";	romansh
Robert Rodriguez;	"";	"";	robert rodriguez
Romanian language;	"";	"";	romanian
Robyn;	"";	"";	robyn
Ragga;	"";	"";	ragga
Ruthenium;	"";	"";	"name_origin}} ruthenium is usually found as a minor component of [[platinum]] ores; the annual production has risen from about 19 [[tonne]]s in 2009<ref name=\"jmm\">[http://www.platinum.matthey.com/services/market-research/market-review-archive/platinum-2009 summary. ruthenium]. platinum.matthey.com, p. 9 (2009)</ref> to some 35.5 tonnes in 2017.<ref>[http://www.platinum.matthey.com/services/market-research/pgm-market-reports pgm market report.] platinum.matthey.com, p. 30 (may 2018)</ref> most ruthenium produced is used in wear-resistant electrical contacts and thick-film resistors. a minor application for ruthenium is in platinum [[alloy]]s and as a chemistry [[catalysis"
KTH Royal Institute of Technology;	"";	"";	kth royal institute of technology
Race (human categorization);	"";	"";	barnshaw}} the term came into common usage during the 16th century, when it was used to refer to groups of various kinds, including those characterized by close [[kinship]] relations.<ref>{{cite web
R;	"";	"";	r
Roberto Baggio;	"";	"";	roberto baggio<br />{{post-nominals
Richard Matheson;	"";	"";	richard matheson
Geography of Réunion;	"";	"";	réunion
Geography of Romania;	"";	"";	romania
Politics of Romania;	"";	"";	politics of romania
Foreign relations of Romania;	"";	"";	western sahara}}
Politics of Rwanda;	"";	"";	politics of rwanda
Rockall;	"";	no;	rockall
Rammstein;	"";	"";	rammstein
Robert Falcon Scott;	"";	"";	robert falcon scott
Raymond Chandler;	"";	"";	raymond chandler
Ralph Nader;	"";	no;	ralph nader
Rubaiyat of Omar Khayyam;	"";	"";	''rubáiyát of omar khayyám, the astronomer-poet of persia. rendered into english verse''
Russell Crowe;	"";	"";	russell crowe
Robert Musil;	"";	"";	robert musil
Geography of Russia;	"";	"";	russia
Demographics of Russia;	"";	"";	arenaislam
Politics of Russia;	"";	"";	politics of the russian federation
Russian Armed Forces;	"";	"";	armed forces of the russian federation
Red Dwarf;	"";	"";	the official ''red dwarf'' website}}
Roger Casement;	"";	"";	roger casement
Real Irish Republican Army;	"";	"";	real irish republican army
Roy Chapman Andrews;	"";	"";	roy chapman andrews
Taiwan;	"";	"";	word1
Rowing (sport);	"";	"";	rowing
Rich Text Format;	"";	"";	rich text format
Repetitive strain injury;	"";	"";	repetitive strain injury
Robertson Davies;	"";	"";	robertson davies
Raven Software;	"";	"";	raven software corporation
Robert Borden;	"";	"";	robert borden
Robot;	"";	no}};	""
R. B. Bennett;	"";	"";	the viscount bennett
Renewable energy;	"";	no;	three gorges dam}}
Romulus Augustulus;	"";	"";	romulus augustus
List of Roman emperors;	"";	"";	principate co-emperors}}}}
Roman calendar;	"";	"";	"four}} and 5th{{nbs}}day of hollow ones,<ref name=odalay/> 8{{nbs}}days—\"nine\" by roman reckoning—before the ides in every month"
Reykjavík;	"";	"";	reykjavík
Robert Noyce;	"";	"";	robert noyce
Rice University;	"";	"";	rice university
Richard Smalley;	"";	"";	richard errett smalley
Robert Curl;	"";	"";	robert curl
Roman Republic;	"";	no;	campaignbox last war of the roman republic
Rickenbacker;	"";	"";	rickenbacker international corporation
Romeo and Juliet;	"";	"";	romeo and juliet
Rube Goldberg;	"";	"";	rube goldberg
Robert Stickgold;	"";	"";	dr. robert a. stickgold
Rosencrantz and Guildenstern Are Dead;	"";	"";	rosencrantz and guildenstern are dead
RC4;	"";	"";	rc4
Ringo Starr;	"";	"";	<!-- defaults to article title when left blank -->
Rolf Ekéus;	"";	"";	rolf ekéus
Robert Menzies;	"";	"";	robert menzies
Rhine;	"";	"";	north sea-rhine
Ralph Merkle;	"";	"";	ralph merkle
Ruth Gordon;	"";	"";	ruth gordon
Richard Dawkins;	"";	"";	richard dawkins
Rule of Saint Benedict;	"";	"";	st. benedict’s rule for monasteries }}, translated by leonard j. doyle
Rheumatoid arthritis;	"";	"";	rheumatoid arthritis
Anastasius I Dicorus;	"";	"";	anastasius i dicorus
Anastasius II (emperor);	"";	"";	anastasius ii
Roger Bacon;	"";	"";	roger bacon
Roxy Music;	"";	"";	roxy music
Robert Fripp;	"";	"";	robert fripp
Robert Zubrin;	"";	"";	robert zubrin
Roberto Clemente;	"";	"";	roberto clemente
Reinhard Heydrich;	"";	"";	reinhard heydrich
Raëlism;	"";	"";	raëlism
Regiomontanus;	"";	"";	regiomontanus
Rio de Janeiro;	"";	"";	rio de janeiro
Rudy Giuliani;	"";	no;	rudy giuliani
Rem Koolhaas;	"";	"";	rem koolhaas
Renzo Piano;	"";	"";	renzo piano
Robert Frost;	"";	"";	robert frost
RCA;	"";	"";	rca corporation
Rubik's Cube;	"";	"";	rubik's cube
Red Army Faction;	"";	"";	red army faction
Radix sort;	"";	"";	{{pagenamebase}}
Ray Kurzweil;	"";	"";	ray kurzweil
Robert Langlands;	"";	"";	robert langlands <br /> {{nobold
Rickets;	"";	"";	rickets
Richard Garfield;	"";	"";	richard garfield
Ron Carter;	"";	"";	ron carter
Radian;	"";	"";	radian
Robert Johnson;	"";	"";	robert johnson
Receptive aphasia;	"";	"";	receptive aphasia
Rehoboam;	"";	"";	rehoboam<br/>{{script/hebrew
René Magritte;	"";	"";	rené magritte
Rudolf Diesel;	"";	"";	rudolf diesel
Photek;	"";	"";	photek
RPGnet;	"";	"";	rpgnet
Rotterdam;	"";	no;	rotterdam
Ringworld;	"";	"";	ringworld
Rudolf II, Holy Roman Emperor;	"";	"";	rudolf ii
Robert Anton Wilson;	"";	"";	robert anton wilson
Robert M. Pirsig;	"";	"";	robert m. pirsig
Red Hat Linux;	"";	"";	red hat linux}}
Roger Clemens;	"";	"";	roger clemens
Robert E. Howard;	"";	no;	robert e. howard}}
Revolutionary Association of the Women of Afghanistan;	"";	"";	revolutionary association of the women of afghanistan
Railtrack;	"";	"";	railtrack
Rock Bridge High School;	"";	"";	rock bridge high school
Ringwood Brewery;	"";	"";	ringwood brewery
Red wolf;	canis;	rufus;	""
Richard Myers;	"";	"";	richard myers
Historical negationism;	"";	"";	franz kurowski}}</ref>
Revolutionary Armed Forces of Colombia;	"";	"";	revolutionary armed forces of colombia – people's army
Rudolf Steiner;	"";	"";	rudolf steiner
Podocarpus latifolius;	podocarpus;	latifolius;	""
Robben Island;	"";	"";	robben island
The Righteous Brothers;	"";	"";	the righteous brothers
Rajiv Gandhi;	"";	"";	rajiv gandhi
Rankine scale;	"";	"";	rankine
Rabbinical Assembly;	"";	"";	rabbinical assembly
Roman Inquisition;	"";	"";	semicolon
Romare Bearden;	"";	"";	romare bearden
REO Motor Car Company;	"";	"";	reo motor car company
Robert Fulton;	"";	"";	robert fulton
Robert Calvert;	"";	"";	robert calvert
Rhythm and blues;	"";	"";	rhythm and blues
René Laennec;	"";	"";	rené laennec
Robin Hood;	"";	<!-- for non-humans only -->;	robin hood
Ramadan;	"";	no;	""
REO Speedwagon;	"";	"";	reo speedwagon
Ray Bradbury;	"";	no;	""
Ralph Cudworth;	"";	"";	ralph cudworth
Roswell, New Mexico;	"";	"";	roswell
Red Sea;	"";	"";	red sea
Josh Kirby;	"";	"";	josh kirby
Roger Penrose;	"";	"";	roger penrose
Restriction enzyme;	"";	"";	type ii site-specific deoxyribonuclease-like
Roald Amundsen;	"";	"";	roald amundsen
Richard Lovelace (poet);	"";	"";	richard lovelace
Ralph Waldo Emerson;	"";	no}};	ralph waldo emerson
Robert Herrick;	"";	"";	herrick, robert}}
Racketeer Influenced and Corrupt Organizations Act;	"";	"";	national organization for women v. scheidler
Rhombicuboctahedron;	"";	"";	rhombicuboctahedral graph
Reverse transcriptase;	"";	"";	reverse transcriptase<br />(rna-dependent dna polymerase)
Rhodesia;	"";	"";	mon}}
Rædwald of East Anglia;	"";	"";	rædwald
Rijksmuseum;	"";	"";	rijksmuseum
Ruhollah Khomeini;	"";	no}};	ruhollah khomeini
Robert Bloch;	"";	"";	robert bloch}}
Recorder (musical instrument);	"";	"";	recorder
Ryan Lackey;	"";	"";	ryan lackey
Robert Lowth;	"";	"";	robert lowth
Robert Askin;	"";	"";	robert askin
Rob Reiner;	"";	"";	rob reiner
Robin Wright;	"";	"";	robin wright
Ryuichi Sakamoto;	"";	"";	ryuichi sakamoto
Roger the Dodger;	"";	"";	roger dawson
Robert Nozick;	"";	"";	robert nozick
Richard III of England;	"";	"";	richard iii
Roy Jenkins;	"";	"";	the lord jenkins of hillhead
Richard Henry Lee;	"";	"";	richard henry lee
Rajasthan;	"";	"";	rajasthan
Raphael of Brooklyn;	"";	"";	raphael of brooklyn
Russian Civil War;	"";	"";	india}}
Ralph Abercromby;	"";	"";	sir ralph abercromby
Royal Botanic Gardens, Kew;	"";	"";	royal botanic gardens, kew
Robert Penn Warren;	"";	"";	robert penn warren
Rudyard Kipling;	"";	no;	rudyard kipling<!-- do not add image icons such as nobel prize, see [[:template:infobox writer]] -->
Ranma ½;	"";	"";	ranma ½
Radiation therapy;	"";	"";	radiation therapy
Ronald Coase;	"";	"";	ronald coase
Richard R. Ernst;	"";	"";	richard r. ernst
RIPEMD;	"";	"";	ripemd
Reuben James;	"";	"";	reuben james
Rockwell International;	"";	"";	rockwell international<br/>rockwell manufacturing company
Richard I of England;	"";	"";	richard i
Robert Jordan;	"";	"";	robert jordan
Rift Valley fever;	"";	rift valley fever phlebovirus;	rift valley fever
Rebol;	"";	"";	rebol
Red Hat;	"";	"";	red hat, inc.
Reno, Nevada;	"";	"";	reno
Red–black tree;	"";	"";	red–black tree
Retroactive continuity;	"";	no}};	""
Rosół;	"";	"";	rosół
Rainer Maria Rilke;	"";	"";	rainer maria rilke
Real Madrid CF;	"";	"";	intercontinental cup
Resurrection of Jesus;	"";	"";	"\"third day\"}} after [[crucifixion of jesus"
Rube Foster;	"";	"";	rube foster
Ring Lardner;	"";	"";	ring lardner
River Clyde;	"";	"";	river clyde
Round Table;	"";	"";	the round table
Rosetta Stone;	"";	"";	rosetta stone
Resolution-class submarine;	"";	"";	''resolution'' class
Roger Angell;	"";	"";	roger angell
Rent (musical);	"";	"";	rent
Rolf Nevanlinna;	"";	"";	rolf nevanlinna<ref name=mathgen1>{{cite web
Red panda;	ailurus;	fulgens;	red panda
Roppongi;	"";	"";	roppongi
Robert Louis Stevenson;	"";	"";	robert louis stevenson
Riesz representation theorem;	"";	"";	{{visible anchor
Romano Scarpa;	"";	"";	romano scarpa
Rosa Parks;	"";	"";	rosa parks
Rigel;	"";	"";	rigel
Afghan Civil War (1928–1929);	"";	"";	kandahar
Rex Ingram (director);	"";	"";	rex ingram
Rat;	"";	"";	rats
Adobe RoboHelp;	"";	"";	adobe robohelp
Rudolph Pariser;	"";	"";	rudolph pariser
Rendezvous with Rama;	"";	"";	rendezvous with rama
Richie Benaud;	"";	"";	richie benaud
Ramsay Hunt syndrome type 2;	"";	"";	ramsay hunt syndrome type 2
Boeing RC-135;	"";	"";	rc-135
Rumiko Takahashi;	"";	"";	rumiko takahashi
Roald Hoffmann;	"";	"";	roald hoffmann
Richard Hell;	"";	"";	richard hell
Rob Roy (cocktail);	"";	"";	rob roy
Roland Corporation;	"";	"";	roland corporation
Rachel Summers;	"";	[[mutant (marvel comics);	""
Rose;	"";	"";	rose
Romano Mussolini;	"";	"";	romano mussolini
Repo Man (film);	"";	"";	repo man
Ruth Benedict;	"";	"";	ruth benedict
Rosmalen;	"";	"";	rosmalen
Ruslan Khasbulatov;	"";	"";	ruslan khasbulatov
Roy Orbison;	"";	"";	roy orbison
Ragtime;	"";	"";	ragtime
Rashi;	"";	"";	rashi <br />{{script/hebrew
Redmond, Washington;	"";	"";	redmond, washington
Rise of the Triad;	"";	"";	rise of the triad: the hunt begins}}
Rurik;	"";	"";	rurik
Robert Siodmak;	"";	"";	robert siodmak
Ragnar Frisch;	"";	"";	ragnar frisch
Rabbit;	"";	"";	rabbit
Robert Moog;	"";	"";	robert moog
Robert the Bruce;	"";	"";	robert i
Red Hot Chili Peppers;	"";	"";	red hot chili peppers
Spain;	"";	"";	{{collapsible list
Sumba;	"";	"";	sumba
SHA-1;	"";	"";	sha-1
Shannon Elizabeth;	"";	"";	shannon elizabeth
Star Wars;	"";	"";	novel
Stanley Kubrick;	"";	"";	stanley kubrick
Swedish language;	"";	"";	swedish
Science;	"";	"";	helmholtzgibbsguthlinde
List of current United States senators;	"";	"";	kyrsten_sinema
Slashdot;	"";	"";	''slashdot'' {{(-}}''/.'')
South Australia;	"";	"";	south australia
Scandinavia;	"";	"";	scandinavia
Stockholm;	"";	"";	}}
Sigmund Freud;	"";	no;	sigmund freud
South Dakota;	"";	"";	south dakota
Switzerland;	"";	"";	fedcit
Sun;	"";	"";	"heavy elements}} star.<ref name=\"zeilik\">{{cite book"
Sino-Tibetan languages;	"";	"";	sino-tibetan
Slavic languages;	"";	"";	slavic
International System of Units;	"";	"";	"\"cgpm briefly explained\""
Sirenia;	"";	"";	sirenia
South America;	"";	"";	"\"oi 1\"}}"
Spindletop;	"";	"";	spindle
Stendhal;	"";	no;	marie-henri beyle
Soviet Union;	"";	no;	fn1
Sarajevo;	"";	"";	sarajevo
Spirotrich;	"";	"";	spirotrichs
Stanisław Lem;	"";	"";	stanisław lem
Satire;	"";	"";	"\"arroyop303\""
Samuel Butler (poet);	"";	"";	samuel butler
Saxophone;	"";	"";	saxophone
Sackbut;	"";	"";	sackbut
Saxhorn;	"";	"";	saxhorn
Sonic Team;	"";	"";	sonic team
Soundness;	"";	no;	""
Simon & Garfunkel;	"";	no}};	simon & garfunkel
State Street Corporation;	"";	"";	state street corporation
Spanish language;	"";	"";	spanish
Scientific method;	"";	"";	fallingbodies
Saskatchewan;	"";	"";	saskatchewan
Sabine River (Texas–Louisiana);	"";	"";	sabine river
Second;	"";	"";	second <!-- please do not capitalize: all unit infoboxes help to familiarize correct usage. -->
Geography of Sweden;	"";	"";	treriksröset (northernmost)}}
Swedish Armed Forces;	"";	"";	swedish armed forces
Spearmint;	mentha;	spicata;	spearmint
Solar System;	"";	"";	asof
Silurian;	"";	"";	silurian
St. Lawrence Seaway;	"";	"";	st. lawrence seaway
Silvio Berlusconi;	"";	"";	silvio berlusconi
Submarine sandwich;	"";	"";	submarine sandwich
Semitic languages;	"";	no;	semitic
Sammy Sosa;	"";	"";	sammy sosa
Spenser (character);	"";	"";	spenser
Sagittarius (constellation);	"";	"";	sagittarius
Scorpius;	"";	"";	scorpius
Steven Spielberg;	"";	no}};	steven spielberg
Spike Lee;	"";	"";	spike lee
Spike Jonze;	"";	"";	spike jonze
Saint Helena;	"";	no;	saint helena
Republics of the Soviet Union;	"";	"";	republics of the union of soviet socialist republics
Systemic scleroderma;	"";	"";	systemic scleroderma
Stephen King;	"";	"";	stephen king
Special relativity;	"";	"";	relativity: the special and general theory}}, by [[albert einstein]]
Stephenson;	"";	"";	stephenson
Saab AB;	"";	"";	saab ab
Škoda Auto;	"";	"";	škoda auto a.s.
Scandinavian Peninsula;	"";	"";	scandinavian peninsula
San Francisco Bay;	"";	"";	san francisco bay
Silicon Valley;	"";	"";	silicon valley
Stanford University;	"";	"";	stanford university
Sun Microsystems;	"";	"";	sun microsystems, inc.
Saladin;	"";	"";	saladin
Sophocles;	"";	"";	sophocles
Sony;	"";	"";	sony group corporation
Suleiman the Magnificent;	"";	"";	suleiman i
Scotland;	"";	"";	restrict20
Scientist;	"";	"";	scientist
Swiss cheese (North America);	"";	"";	swiss cheese
Samuel Morse;	"";	"";	samuel morse
Software Engineering Institute;	"";	"";	software engineering institute
Swedish Academy;	"";	"";	swedish academy
Svenska Dagbladet;	"";	"";	{{lang
Sture Allén;	"";	"";	sture allén
South Korea;	"";	"";	christian
Politics of South Korea;	"";	"";	politics of the republic of korea
Republic of Korea Armed Forces;	"";	"";	republic of korea armed forces
Schoolly D;	"";	"";	schoolly d
Logudorese Sardinian;	"";	"";	logudorese sardinian
Sardinian language;	"";	"";	sardinian
Scott Adams;	"";	"";	scott adams
Stig Anderson;	"";	"";	stig anderson
Steve Crocker;	"";	"";	stephen d. crocker
Sub-Saharan Africa;	"";	"";	sub-saharan africa
Sahara desert (ecoregion);	"";	"";	sahara desert
Søren Kierkegaard;	"";	"";	søren kierkegaard
The Doctor (Star Trek: Voyager);	"";	[[hologram]];	the doctor
Worf;	"";	[[klingon]];	worf <br /> '''wo'riv'''
Star Trek Generations;	"";	"";	star trek generations
Odo (Star Trek);	"";	[[changeling (star trek);	odo
Cardassian;	"";	"";	cardassian
Martok;	"";	[[klingon]];	martok
Kathryn Janeway;	"";	human;	kathryn janeway
B'Elanna Torres;	"";	half-[[klingon]] (maternal) <br/> half-[[human]] (paternal);	b'elanna torres
Chakotay;	"";	human;	chakotay
Kes (Star Trek);	"";	ocampa;	kes
Tom Paris;	"";	human;	tom paris
Star Trek: First Contact;	"";	"";	star trek: first contact
Star Trek II: The Wrath of Khan;	"";	"";	star trek ii: the wrath of khan
Q (Star Trek);	"";	q;	""
Beverly Crusher;	"";	human;	beverly crusher
Leonard McCoy;	"";	human;	""
Deanna Troi;	"";	[[betazoid]] (maternal)<br /> human (paternal);	deanna troi
Geordi La Forge;	"";	human;	""
Hoshi Sato;	"";	human;	hoshi sato
Romulan;	"";	"";	romulans
Selenium;	"";	no;	elemental selenium
Sorbian languages;	"";	"";	sorbian
Samarium;	"";	no}};	samarium 263184
Sheryl Crow;	"";	"";	sheryl crow
Seizure;	"";	"";	epileptic seizure
Stockholm School of Economics;	"";	"";	stockholm school of economics
Stockholm University;	"";	"";	stockholm university
Scotland Yard;	"";	"";	scotland yard
Sherlock Holmes;	"";	"";	sherlock holmes
Sed;	"";	"";	sed
Southern Poverty Law Center;	"";	"";	southern poverty law center
San Francisco 49ers;	"";	"";	san francisco 49ers
Los Angeles Chargers;	"";	"";	los angeles chargers
S;	"";	"";	s
Ska;	"";	"";	ska
Sorrel;	rumex;	acetosa;	sorrel
Swiss German;	"";	"";	swiss german
Snare drum;	"";	"";	snare
Saint Lucia;	anolis;	luciae}}. www.reptile-database.org</ref> and the ''[[boa orophias]]'', a species of [[boidae;	saint-lucia}} saint lucia] in [{{geonamesabout}} geonames.org (cc-by)]</ref>
Geography of Saint Lucia;	"";	"";	saint lucia
Saint Pierre and Miquelon;	"";	"";	saint pierre and miquelon
Samoa;	"";	"";	samoan tropical moist forests
Sammarinese Armed Forces;	"";	"";	sammarinese armed forces
Armed Forces of São Tomé and Príncipe;	"";	"";	armed forces of são tomé and príncipe
Geography of Saudi Arabia;	"";	"";	saudi arabia
Politics of Saudi Arabia;	"";	"";	politics of saudi arabia
Armed Forces of Saudi Arabia;	"";	"";	armed forces of saudi arabia
Senegal;	"";	"";	senegalnationallangs
Demographics of Senegal;	"";	"";	arabicstatus
Armed Forces of Senegal;	"";	"";	senegalese armed forces
Seychelles People's Defence Force;	"";	"";	seychelles people's defence force
Sierra Leone;	"";	"";	largest cities of sierra leone
Geography of Sierra Leone;	"";	"";	sierra leone
Republic of Sierra Leone Armed Forces;	"";	"";	republic of sierra leone armed forces
Slovak Armed Forces;	"";	"";	armed forces of the slovak republic
Steven Soderbergh;	"";	"";	steven soderbergh
Slovenian Armed Forces;	"";	"";	slovenian armed forces
Geography of the Solomon Islands;	"";	"";	solomon islands
Somali Armed Forces;	"";	"";	somali armed forces
Politics of South Africa;	"";	"";	politics of south africa
South Georgia and the South Sandwich Islands;	"";	"";	south georgia and {{nowr
Geography of Spain;	"";	"";	spain
Demographics of Spain;	"";	"";	nationalities
Politics of Spain;	"";	"";	politics of spain
Spratly Islands;	"";	no;	spratly islands
Geography of Sri Lanka;	"";	"";	sri lanka
Demographics of Sri Lanka;	"";	"";	it
Politics of Sri Lanka;	"";	"";	nc
Sudanese Armed Forces;	"";	"";	sudanese armed forces
Geography of Suriname;	"";	"";	suriname
Suriname National Army;	"";	"";	suriname national army
Svalbard;	"";	"";	svalbard
Geography of Svalbard;	"";	"";	[[svalbard]]
Umbutfo Eswatini Defence Force;	"";	"";	umbutfo eswatini defence force
Foreign relations of Eswatini;	"";	"";	republic of china (taiwan)}}; in [[taipei]], [[republic of china
Geography of Switzerland;	"";	"";	switzerland
Politics of Switzerland;	"";	"";	political system of switzerland
Swiss Armed Forces;	"";	"";	swiss armed forces
Languages of Switzerland;	"";	"";	welsch
Geography of Syria;	"";	"";	syria
Politics of Syria;	"";	"";	politics of syria
Syrian Armed Forces;	"";	"";	syrian arab armed forces
Slartibartfast;	"";	magrathean;	slartibartfast
Sense and Sensibility;	"";	"";	sense and sensibility
Supermarine;	"";	"";	supermarine aviation works
Sabine Baring-Gould;	"";	"";	sabine baring-gould
Soad Hosny;	"";	"";	soad hosny
Simon Flexner;	"";	"";	simon flexner
Sherrié Austin;	"";	"";	sherrié austin
Science Fiction and Fantasy Writers Association;	"";	"";	science fiction and fantasy writers association
Soul Coughing;	"";	"";	soul coughing
Skeleton;	"";	"";	skeleton
Sarah Michelle Gellar;	"";	"";	sarah michelle gellar
Sonic screwdriver;	"";	"";	sonic screwdriver
Steel guitar;	"";	"";	steel guitar
Stanley Milgram;	"";	"";	stanley milgram
Senegal River;	"";	"";	'''senegal river'''
Stonehenge;	"";	"";	stonehenge
Sima Qian;	"";	"";	sima qian
Spermatozoon;	"";	"";	spermatozoon
Samuel Beckett;	"";	"";	samuel beckett
Sam Peckinpah;	"";	"";	sam peckinpah
Shanghai;	"";	no;	shanghai
Sinai Peninsula;	"";	"";	sinai peninsula<br>{{large
William Crookes;	"";	"";	william crookes
Sonny Bono;	"";	"";	sonny bono
Seattle Mariners;	"";	"";	seattle mariners
Santiago de Compostela;	"";	"";	santiago de compostela
Sergei Prokofiev;	"";	"";	sergei prokofiev
St. Louis;	"";	"";	st. louis
Sanskrit;	"";	"";	sanskrit
Sign language;	"";	no;	""
Sugar;	"";	"";	sugar (sucrose), brown (with molasses)
Salma Hayek;	"";	"";	salma hayek
Super Bowl;	"";	no;	""
Serbo-Croatian;	"";	"";	serbo-croatian
Saint Kitts;	"";	"";	saint kitts
SVG;	"";	"";	scalable vector graphics
Samaritanism;	"";	"";	samaritanism
School choice;	"";	"";	griffin v. school board of prince edward county
Sandstone;	"";	"";	sandstone
Sophia of Hanover;	"";	"";	sophia
Svenska Akademiens ordbok;	"";	"";	''svenska akademiens ordbok''
Shirehorses;	"";	"";	shirehorses
Stem cell;	"";	"";	stem cell
Simon bar Kokhba;	"";	"";	simon bar kokhba<br />{{nobold
Schizophrenia;	"";	"";	schizophrenia
Sophie Germain;	"";	"";	sophie germain
Seymour Papert;	"";	"";	seymour papert
SuperMemo;	"";	"";	supermemo
Samuel Pepys;	"";	no;	samuel pepys
Superoxide dismutase;	"";	"";	superoxide dismutase
Steve Wozniak;	"";	"";	steve wozniak
Sphere;	"";	"";	sphere
Sydney;	"";	"";	sydney
Stephen Jay Gould;	"";	"";	stephen jay gould
Walter Scott;	"";	"";	walter scott
Savate;	"";	"";	savate
Sextus Julius Africanus;	"";	"";	sextus julius africanus
Agnes of Rome;	"";	"";	agnes of rome
Septuagint;	"";	"";	septuagint
Codex Sinaiticus;	"";	"";	sinaiticus
St. John Fisher University;	"";	"";	st. john fisher university
Scouting;	"";	"";	scouting
Saint Piran;	"";	"";	piran
Scrabble;	"";	"";	scrabble.hasbro.com}}
Sailor Moon;	"";	"";	sailor moon
Spider-Man;	"";	[[mutation;	""
Stephen R. Lawhead;	"";	"";	stephen r. lawhead
Servius Tullius;	"";	"";	servius tullius
Susan B. Anthony;	"";	no;	susan b. anthony
South Carolina;	"";	"";	south carolina
Sikhism;	"";	"";	sikhism
Skin;	"";	"";	skin
Snake River;	"";	"";	snake river
September 17;	"";	"";	mr (chris) christopher john minns, mp
Semi-Automatic Ground Environment;	"";	"";	semi-automatic ground environment
Silicon Graphics;	"";	"";	silicon graphics, inc.
Sirius;	"";	"";	sirius
Simon Magus;	"";	"";	""
Sontaran;	"";	"";	sontarans
Skateboarding;	"";	"";	skateboarding
Speed skating;	"";	"";	speed skating
Scheme (programming language);	"";	"";	scheme
Society for Psychical Research;	"";	"";	society for psychical research
Sniper;	"";	"";	sniper
Lepsius Standard Alphabet;	"";	"";	lepsius standard alphabet
Slovene language;	"";	"";	slovene
Slovak language;	"";	"";	slovak
Salicylic acid;	"";	"";	salicylic acid
Serpens;	"";	"";	serpens
Sculptor Group;	"";	"";	sculptor group
Sextans;	"";	"";	sextans
Salem al-Hazmi;	"";	"";	salem al-hazmi
Sagitta;	"";	"";	sagitta
Simon Ockley;	"";	"";	"ockley, simon}}</ref> he became fellow of jesus college and vicar of [[swavesey]], and in 1711 was chosen [[adams professor of arabic]] in the university. he had a large family, and his latter days were embittered by pecuniary embarrassments, which form the subject of a chapter in [[isaac d'israeli]]'s ''calamities of authors''. the preface to the second volume of his ''[[history of the saracens]]'' is dated from [[cambridge castle]], where he lay a prisoner for debt.<ref name=\"eb1911\">{{eb1911"
Sejm;	"";	"";	sejm of the republic of poland
Saint Boniface;	"";	"";	boniface
Sinn Féin;	"";	"";	sinn féin
Willis Tower;	"";	"";	willis tower
September 26;	"";	"";	brooke, charles vyner}}</ref>
Seneca Lake (New York);	"";	"";	seneca lake
Strait of Gibraltar;	"";	"";	strait of gibraltar
Sound card;	"";	"";	audio interface
Space Shuttle;	"";	"";	space shuttle
Snow;	"";	"";	snow
Symbolics;	"";	"";	symbolics, inc.
Surfing;	"";	"";	surfing
September 29;	"";	"";	bennett, henry
Santa Monica, California;	"";	"";	santa monica, california
Selim II;	"";	"";	selim ii
Speaker for the Dead;	"";	"";	speaker for the dead
Space Shuttle Challenger;	"";	"";	''challenger''
Space Shuttle Enterprise;	"";	"";	''enterprise''
Space Shuttle Columbia;	"";	"";	''columbia''
Space Shuttle Discovery;	"";	"";	''discovery''
Space Shuttle Atlantis;	"";	"";	space shuttle ''atlantis''
Space Shuttle Endeavour;	"";	"";	''endeavour''
Sports Car Club of America;	"";	"";	sports car club of america
Sorcerer (operating system);	"";	"";	sorcerer
Sarawak;	"";	"";	sarawak
Samba;	"";	"";	samba
Spanish–American War;	"";	"";	"\"alternative names\""
Scurvy;	"";	"";	scurvy
Sydney Harbour Bridge;	"";	"";	sydney harbour bridge
Saving Private Ryan;	"";	"";	saving private ryan
Shaggy dog story;	"";	"";	shaggy dog story
Sushi;	"";	"";	sushi
Shinto;	"";	no;	""
Slackware;	"";	no;	slackware
Steradian;	"";	"";	steradian
Sonic Youth;	"";	"";	sonic youth
SCSI;	"";	"";	"\"spatial_reuse\""
Super Nintendo Entertainment System;	"";	"";	nareleasedatenote}}<ref>{{cite news
Smalltalk;	"";	"";	smalltalk
Steve Biko;	"";	"";	steve biko
Survivor: Africa;	"";	"";	merge
Stargate (film);	"";	"";	stargate
Solomon;	"";	"";	solomon<br />{{script/hebrew
Saul;	"";	"";	saul<br/>{{nobold
Samaria;	"";	"";	samaria
Sennacherib;	"";	"";	sennacherib
Saaremaa;	"";	"";	saaremaa
Stock car racing;	"";	"";	stock car racing
Samuel;	"";	"";	samuel<br/>{{nobold
Square (video game company);	"";	"";	square co., ltd.
Sid James;	"";	"";	sid james
Spam (food);	"";	"";	spam
Santorini;	"";	"";	santorini / thira
Sandler O'Neill and Partners;	"";	"";	sandler o'neill + partners, l.p
Sergei Eisenstein;	"";	"";	sergei eisenstein
Superman;	"";	[[kryptonian]];	dccomicshistory}} prior to superman's first publication in april. contrary to popular perception, the $130 that dc comics paid them was for their first superman story, not the copyright to the character — that, they gave away for free. this was normal practice in the comic magazine industry and they had done the same with their previous published works ([[slam bradley]], [[doctor occult]], etc.),<ref name=jones2004p125/> but superman became far more popular and valuable than they anticipated and they much regretted giving him away.<ref>{{harvp
Splay tree;	"";	"";	splay tree
Spirituality;	"";	"";	"\"definition\"}} traditionally, spirituality referred to a [[religion"
Seattle Seahawks;	"";	"";	seattle seahawks
The Saint (Simon Templar);	"";	"";	simon templar
Stuttering;	"";	"";	stuttering
Saxony;	"";	"";	free state of saxony
Scottish Gaelic;	"";	"";	scottish gaelic
Sudetes;	"";	"";	sudetes
Sigismund Báthory;	"";	"";	sigismund báthory
Scopes trial;	"";	"";	tennessee v. scopes
Stephen Báthory;	"";	"";	stephen báthory
Stolen Generations;	"";	"";	flood 2006}}{{rp
Septimius Severus;	"";	"";	septimius severus
San Francisco Giants;	"";	"";	san francisco giants
San Diego Padres;	"";	"";	san diego padres
Sinclair QL;	"";	"";	sinclair ql
Starship Troopers;	"";	"";	starship troopers
Shepherd Neame Brewery;	"";	"";	shepherd neame ltd
Syracuse, Sicily;	"";	"";	syracuse
Syracuse, New York;	"";	"";	syracuse
Sleep apnea;	"";	"";	sleep breathing disorder
South African English;	"";	"";	south african english
Swahili language;	"";	"";	swahili
Szczecin;	"";	"";	szczecin
Siberian Husky;	"";	"";	siberian husky
Spice Girls;	"";	"";	spice girls
Sputnik 1;	"";	"";	sputnik 1
Steve Jackson Games;	"";	"";	steve jackson games
Stella Artois;	"";	"";	stella artois
Squirrel;	"";	"";	squirrels
Shooting sports;	"";	"";	shooting sports
