title;	genus;	species;	name
Irn-Bru;	"";	"";	irn-bru
ITU-T;	"";	"";	international telecommunication union telecommunication standardization sector
Iodine;	"";	"";	""
IKEA;	"";	"";	inter ikea systems b.v.
International Phonetic Alphabet;	"";	"";	international phonetic alphabet
Inspector Morse;	"";	"";	detective chief inspector morse
Geography of the Isle of Man;	"";	"";	isle of man
Inch;	"";	"";	locke
Erectile dysfunction;	"";	"";	erectile dysfunction
Infocom;	"";	"";	infocom
Integer (computer science);	"";	"";	notesqla
Icon (programming language);	"";	"";	icon
Indiana Jones (character);	"";	"";	indiana jones
International Telecommunication Union;	"";	"";	international telecommunication union
Indo-European languages;	"";	"";	indo-european
Illinois;	"";	"";	illinois
Ian Murdock;	"";	no;	""
Iain Banks;	"";	"";	iain banks
International Mathematical Union;	"";	"";	international mathematical union
International Council for Science;	"";	"";	international council for science
International Union of Pure and Applied Chemistry;	"";	"";	international union of pure and applied chemistry
International Hydrographic Organization;	"";	"";	international {{nowr
Iowa State University;	"";	"";	iowa state university
International Astronomical Union;	"";	"";	international astronomical union (iau)
International Criminal Court;	"";	"";	{{collapsible list
Iberian Peninsula;	"";	"";	iberian peninsula
Intermediate value theorem;	"";	"";	intermediate value theorem
Iran–Iraq War;	"";	no}};	waterway}}, the iraqi government initially seemed to welcome the [[iranian revolution]], which overthrew shah [[mohammad reza pahlavi]], who was seen as a common enemy.<ref name=efraimkarsh /> there were frequent clashes along the iran–iraq border throughout 1980, with iraq publicly complaining of at least 544 incidents and iran citing at least 797 violations of its border and airspace.<ref>{{cite book
Intelligence quotient;	"";	"";	intelligence quotient
IIT Kanpur;	"";	"";	indian institute of technology kanpur
Insulin pump;	"";	"";	insulin pump
Inverse function;	"";	no;	""
Ibanez;	"";	"";	ibanez guitars
Industrial Revolution;	"";	"";	industrial revolution
ISBN;	"";	no;	international standard book number
International Organization for Standardization;	"";	"";	international organization for standardization
Italo Calvino;	"";	"";	italo calvino
Ice;	"";	"";	ice
Ice beer;	"";	"";	ice beer
Regular icosahedron;	"";	"";	regular icosahedron graph
Ithaca, New York;	"";	"";	ithaca
Ivy League;	"";	"";	ivy league
Imhotep;	"";	"";	imhotep
International Atomic Energy Agency;	"";	"";	international atomic energy agency
International Civil Aviation Organization;	"";	"";	international civil aviation organization
International Maritime Organization;	"";	"";	international maritime organization
International Labour Organization;	"";	"";	international labour organization
International English;	"";	"";	international english
ISO/IEC 8859-1;	"";	"";	iso/iec 8859-1:1998
ISO/IEC 8859;	"";	"";	iso 8859 encoding family
Infrared;	"";	"";	†
Icosidodecahedron;	"";	"";	icosidodecahedral graph
International Seabed Authority;	"";	"";	international seabed authority spartans
Industry Standard Architecture;	"";	"";	isa
Intergovernmental Panel on Climate Change;	"";	"";	intergovernmental panel on climate change
IBM Personal Computer;	"";	"";	ibm personal computer
Counties of Ireland;	"";	"";	counties of ireland <br> {{smaller
Ido;	"";	"";	ido
Cosmicomics;	"";	"";	cosmicomics
Indianapolis Colts;	"";	"";	indianapolis colts
Immigration to the United States;	"";	"";	acs2015
Ivanhoe;	"";	"";	ivanhoe
Isaac Bonewits;	"";	"";	isaac bonewits
Intel 8080;	"";	"";	intel 8080
Intel 8086;	"";	"";	intel 8086
Intel 8088;	"";	"";	intel 8088
I386;	"";	"";	i386
International Data Encryption Algorithm;	"";	"";	idea
Green Party (Ireland);	"";	"";	green party
Isaiah;	"";	"";	isaiah
Interlingua;	"";	"";	interlingua
Inter Milan;	"";	"";	[[yann sommer]]}}
Interferon;	"";	"";	interferon type i (α/β/δ...)
International Olympic Committee;	"";	"";	international olympic committee<br /><small>{{native name
IBM 3270;	"";	"";	extended}} highlighting, character set,{{efn
I. M. Pei;	"";	"";	ieoh ming pei}}
I486;	"";	"";	i486
Infantry fighting vehicle;	"";	"";	ask
ICQ;	"";	"";	icq llc
Impressionism;	"";	"";	the french impressionists (1860–1900)}}
Indira Gandhi;	"";	no;	indira gandhi
Intel 80186;	"";	"";	intel 80186
Isaac;	"";	"";	""
Papua (province);	"";	"";	papua
Isaac Albéniz;	"";	"";	isaac albéniz
ITU-R;	"";	"";	{{plainlist
Internet Explorer;	"";	"";	internet explorer (ie)
Intel 80188;	"";	"";	intel 80188
Invertebrate;	"";	"";	invertebrates
Ivar Aasen;	"";	"";	ivar aasen
Inuit languages;	"";	"";	inuit
Ibn Battuta;	"";	"";	ibn battuta
ICANN;	"";	"";	internet corporation for assigned names and numbers (icann)
Imam;	"";	"";	imam
Ismail Khan;	"";	"";	ismail khan
Immaculate Conception;	"";	"";	our lady of the immaculate conception
International Criminal Tribunal for the former Yugoslavia;	"";	"";	korea, south}}
ISO 3864;	"";	"";	"\"multi\"}}, iso 3864 also provides guidance for \"multiple signs\", which consist of two or more symbol and text messages combined into a single sign. additionally, fire protection and safe condition signs, which mark the location of equipment or exits can be combined with an arrow to indicate the direction to the item depicted on the sign.<ref name=\"3864-1\"/>"
Internet Engineering Task Force;	"";	"";	internet engineering task force
Ink;	"";	no;	""
Islamabad Capital Territory;	"";	"";	""
Integrin;	"";	"";	integrin alphavbeta3 extracellular domains
Ian McKellen;	"";	"";	ian mckellen
Intellivision;	"";	"";	intellivision
Ibizan Hound;	"";	"";	ca eivissenc<br>podenco ibicenco
Irish Wolfhound;	"";	"";	irish wolfhound
Italian Greyhound;	"";	"";	italian greyhound
Into the Woods;	"";	"";	into the woods
Institute of National Remembrance;	"";	"";	institute of national remembrance<br />''instytut pamięci narodowej''
Interstitial cystitis;	"";	"";	interstitial cystitis
Imperial Chemical Industries;	"";	"";	imperial chemical industries plc
Imperial Airways;	"";	"";	imperial airways
Insanity defense;	"";	"";	kahler v. kansas
Irving Langmuir;	"";	"";	irving langmuir
International Association of Travel Agents Network;	"";	"";	international airlines travel agent network
Isle Royale National Park;	"";	"";	isle royale national park
International Refugee Organization;	"";	"";	organisation internationale pour les refugiés
Isabella d'Este;	"";	"";	isabella d'este
ISO 4217;	"";	"";	six group}}</ref>
Isoroku Yamamoto;	"";	"";	isoroku yamamoto
Irenaeus;	"";	"";	irenaeus of smyrna
Involuntary commitment;	"";	"";	no-court
Ignatius of Antioch;	"";	"";	ignatius of antioch
Ithaca College;	"";	"";	ithaca college
International Council of Unitarians and Universalists;	"";	"";	international council of unitarians and universalists
Itanium;	"";	"";	itanium
İskender kebap;	"";	"";	i̇skender kebab
Ibn al-Shaykh al-Libi;	"";	"";	ibn al-shaykh al-libi
International Red Cross and Red Crescent Movement;	"";	"";	international red cross<br>and red crescent movement
Ira Gershwin;	"";	"";	ira gershwin
Indus River;	"";	"";	indus
Serie A;	"";	"";	serie a
Inhalant;	"";	"";	inhalant use
Iceman (Marvel Comics);	"";	[[mutant (marvel comics);	""
Isidore of Seville;	"";	"";	isidore of seville
Isaac Bashevis Singer;	"";	"";	isaac bashevis singer
Intelsat;	"";	"";	intelsat s.a.
Ian Botham;	"";	"";	the lord botham
Id Software;	"";	"";	id software llc
Inclusion body myositis;	"";	"";	inclusion body myositis
John Woo;	"";	"";	john woo
Japan;	"";	"";	fn1
Geography of Japan;	"";	"";	japan
Politics of Japan;	"";	"";	politics of japan
Joshua Jackson;	"";	"";	joshua jackson
John Ray;	"";	"";	john ray
James Joyce;	"";	"";	james joyce
Judo;	"";	"";	''judo''<br />
Japanese language;	"";	"";	japanese
Johnny Got His Gun;	"";	"";	johnny got his gun
Jazz;	"";	"";	jazz
Jonathan Swift;	"";	"";	jonathan swift
Jello Biafra;	"";	no}};	jello biafra
John Grierson;	"";	"";	john grierson
James Cameron;	"";	"";	james cameron
Judaism;	"";	"";	judaism
John Stuart Mill;	"";	"";	john stuart mill
James Cook;	"";	"";	james cook
John Baskerville;	"";	"";	john baskerville
Joseph Stalin;	"";	no;	joseph stalin
Johnny Unitas;	"";	"";	johnny unitas
John Jacob Astor;	"";	"";	john jacob astor
John Quincy Adams;	"";	"";	john quincy adams
Jurassic;	"";	"";	{{color
John Wyndham;	"";	"";	john wyndham
Jerzy Kosiński;	"";	"";	jerzy kosiński
Jeep;	"";	"";	jeep
Geography of Jamaica;	"";	"";	jamaica
Jan Mayen;	"";	no}};	jan mayen
Jarvis Island;	"";	no;	jarvis island
Jersey;	"";	"";	jersey
Geography of Jersey;	"";	"";	jersey
Politics of Jersey;	"";	"";	states of jersey
Johnston Atoll;	"";	"";	johnston atoll
Juan de Nova Island;	"";	"";	juan de nova
Johannes Kepler;	"";	"";	kepler}}
John Bardeen;	"";	"";	john bardeen
Jim Jarmusch;	"";	no;	jim jarmusch
Johannes Gutenberg;	"";	"";	johannes gutenberg
Josef Terboven;	"";	"";	josef terboven
James Brown;	"";	"";	james brown
Jon Postel;	"";	no;	jon postel
Joyce K. Reynolds;	"";	"";	joyce k. reynolds
Jules Verne;	"";	"";	officer
Johannes Rau;	"";	"";	johannes rau
Jabal Ram;	"";	"";	jabal ramm
Joseph Goebbels;	"";	"";	letters}} in 1921, he wrote a semi-autobiographical novel, ''[[michael (novel)
Coen brothers;	"";	"";	coen brothers
Jorge Luis Borges;	"";	no;	""
Jane Austen;	"";	"";	jane austen
January 1;	"";	"";	ms anna burke mp
January 3;	"";	"";	the hon gary nairn mp
January 26;	"";	"";	iain turner}}</ref>
June 12;	"";	"";	james kwalia}}</ref>
John Horton Conway;	"";	no;	john horton conway
January 29;	"";	"";	lee, henry
Jack Lemmon;	"";	"";	""
Joseph Conrad;	"";	"";	joseph conrad
John Updike;	"";	"";	john updike}}
John Steinbeck;	"";	"";	john steinbeck
Joshua Reynolds;	"";	"";	joshua reynolds}}
Joseph Schumpeter;	"";	"";	joseph schumpeter
John Lee Hooker;	"";	"";	john lee hooker
Satires (Juvenal);	"";	"";	''satires ''
Jean Cocteau;	"";	"";	jean cocteau
John Donne;	"";	"";	john donne
Joey Ramone;	"";	"";	joey ramone
June 30;	"";	"";	technoblade}}<ref>{{cite web
John Lennon;	"";	"";	john lennon
June 2;	"";	"";	hon catherine king mp
John Cleese;	"";	"";	john cleese
June 8;	"";	"";	nadia petrova}}</ref>
J. R. R. Tolkien;	"";	no;	j. r. r. tolkien
James Branch Cabell;	"";	"";	james branch cabell
Java (programming language);	"";	"";	java
Jason;	"";	"";	jason
Jack Kerouac;	"";	no}};	jack kerouac
Jeff Mills;	"";	"";	jeff mills
John Major;	"";	"";	sir john major
John Sparrow David Thompson;	"";	"";	john sparrow david thompson
John A. Macdonald;	"";	"";	john a. macdonald
John Diefenbaker;	"";	"";	john diefenbaker
Jean-Michel Basquiat;	"";	"";	jean-michel basquiat
John Graves Simcoe;	"";	"";	john graves simcoe
John Wilkes Booth;	"";	"";	john wilkes booth
Dan Quayle;	"";	"";	dan quayle
Julius Caesar;	"";	"";	julius caesar
Jacobitism;	"";	"";	jacobitism
J. G. Ballard;	"";	"";	j. g. ballard}}
John Calvin;	"";	"";	john calvin
June 15;	"";	"";	abdur razzak
Judit Polgár;	"";	no;	judit polgár
John von Neumann;	"";	no}};	john von neumann
John Newton;	"";	"";	john newton <!-- no recorded middle name. see for example the oxford companion to english literature, the oxford dictionary of the christian church, the oxford companion to black british history -->
Jet engine;	"";	"";	jet engine
Jack L. Chalker;	"";	"";	jack laurence chalker
James Blish;	"";	"";	james blish
James Madison;	"";	"";	james madison
Judicial Committee of the Privy Council;	"";	"";	south africa}}
James Hutton;	"";	"";	james hutton
Jerry Lewis;	"";	"";	jerry lewis
John Alden;	"";	"";	john alden
James Monroe;	"";	"";	james monroe
James K. Polk;	"";	"";	james k. polk
Jimmy Carter;	"";	"";	jimmy carter
John Napier;	"";	"";	john napier
Jean Joseph Marie Amiot;	"";	"";	jean joseph marie amiot
Gyula Andrássy;	"";	"";	gyula andrássy
Joseph Weizenbaum;	"";	"";	joseph weizenbaum
Jerome;	"";	"";	jerome
JPEG;	"";	"";	jpeg
Jainism;	"";	"";	gommateshwara<br/>(bahubali)
Joanna Russ;	"";	"";	joanna russ
Jackson, Michigan;	"";	"";	jackson, michigan
John Irving;	"";	no;	john irving
Justus von Liebig;	"";	"";	justus von liebig
J. K. Rowling;	"";	no;	j. k. rowling
Jan Hus;	"";	"";	jan hus
Juruá River;	"";	"";	yuruá river
Javary River;	"";	"";	javary river
John Peel;	"";	"";	john peel
Jerusalem;	"";	"";	jerusalem
J. Edgar Hoover;	"";	"";	j. edgar hoover
James Thurber;	"";	"";	james thurber
James Cagney;	"";	"";	james cagney
Jonathan Richman;	"";	"";	jonathan richman
Johann Bayer;	"";	"";	johann bayer
Jonathan Demme;	"";	"";	jonathan demme
Juan Gris;	"";	"";	juan gris
James Whale;	"";	"";	james whale
James Madison University;	"";	"";	james madison university
Jericho;	"";	"";	jericho
Jesuits;	"";	"";	society of jesus
Jan Karon;	"";	"";	jan karon
Jimi Hendrix;	"";	no}};	""
Johann Elert Bode;	"";	"";	johann elert bode
John Wayne;	"";	"";	staff film report 66-28a (1966)}}
Johnny Haynes;	"";	"";	johnny haynes
John Sayles;	"";	no}};	john sayles
John Digweed;	"";	"";	john digweed
James Spader;	"";	"";	james spader
Jacob;	"";	"";	jacob
Jehoshaphat;	"";	"";	jehoshaphat
Jehu;	"";	"";	jehu
Joshua;	"";	"";	joshua
Jeroboam;	"";	"";	jeroboam<br />{{script
John the Baptist;	"";	"";	john the baptist
John Brunner (author);	"";	"";	john brunner
Jack Butler Yeats;	"";	"";	jack butler yeats
Joseph Yoakum;	"";	"";	joseph yoakum
Jefferson Davis;	"";	"";	jefferson davis}}
Jonathan Meades;	"";	"";	jonathan meades
Joe Pass;	"";	"";	joe pass
James Watt;	"";	"";	james watt
John Locke;	"";	"";	john locke}}
John Engler;	"";	"";	john engler
Jacques Lacan;	"";	"";	jacques lacan
Jacksonville Jaguars;	"";	"";	jacksonville jaguars
John Macleod (physiologist);	"";	"";	""
Jackson, Mississippi;	"";	no;	jackson
Jennifer Lopez;	"";	"";	jennifer lópez
Jock Taylor;	"";	"";	john robert taylor
Jewish views on homosexuality;	"";	"";	lgbtq and judaism
John Dewey;	"";	no}};	john dewey
Jackal;	"";	"";	jackal
Jackie Robinson;	"";	"";	jackie robinson
Jack Kemp;	"";	"";	jack kemp
James G. Blaine;	"";	"";	james g. blaine
Justinian I;	"";	"";	justinian i
John Martyn;	"";	"";	john martyn<br /><small>[[order of the british empire
John Milton;	"";	"";	john milton
Joris Ivens;	"";	"";	joris ivens
Jaguar;	"";	"";	jaguar
Jeffrey Dahmer;	"";	"";	jeffrey dahmer
Joseph Cotten;	"";	"";	joseph cotten
Jonah;	"";	"";	jonah<br />{{nobold
JUnit;	"";	"";	junit
Jim Henson;	"";	"";	jim henson
Juan Fernández Islands;	"";	"";	juan fernández islands
John Maynard Smith;	"";	"";	john maynard smith
John Danforth;	"";	"";	john danforth
Jim Bakker;	"";	"";	jim bakker
Jan and Dean;	"";	"";	jan and dean
Jawaharlal Nehru;	"";	"";	jawaharlal nehru
Janis Joplin;	"";	no}};	janis joplin
John Fink;	"";	"";	john fink
Juliana Hatfield;	"";	no}};	juliana hatfield
John William Polidori;	"";	"";	john polidori
Jacob Lawrence;	"";	"";	jacob lawrence
James Stewart;	"";	"";	james stewart
Jakarta;	"";	"";	jakarta
Jack Ruby;	"";	"";	jack ruby
James Randi;	"";	no;	james randi
James Lind;	"";	"";	james lind
James Clavell;	"";	"";	james clavell
John Cade;	"";	"";	john cade ao
Johann von Werth;	"";	"";	johann von werth
Jürgen Habermas;	"";	no}};	jürgen habermas
James Watson;	"";	"";	james watson
Jerk (physics);	"";	"";	jerk
John Ambrose Fleming;	"";	"";	sir john ambrose fleming
John George, Elector of Brandenburg;	"";	"";	john george
Jahangir;	"";	"";	jahangir i
Josiah Wedgwood;	"";	"";	josiah wedgwood
John Cicero, Elector of Brandenburg;	"";	"";	john cicero
Joachim Frederick, Elector of Brandenburg;	"";	"";	joachim frederick
John Sigismund, Elector of Brandenburg;	"";	"";	john sigismund
Jackson Pollock;	"";	"";	jackson pollock
Jet Li;	"";	no}};	jet li
Jacopo Amigoni;	"";	"";	jacopo amigoni
Jean-François Millet;	"";	"";	jean-françois millet
Joseph Campbell;	"";	"";	joseph campbell
John Dowland;	"";	"";	john dowland}}
John James Audubon;	"";	"";	john james audubon
John Masefield;	"";	"";	john masefield
Joseph McCarthy;	"";	"";	joseph mccarthy
John Hancock;	"";	no;	john hancock
John W. Campbell;	"";	"";	john w. campbell
Joule;	"";	"";	joule
Jeepster Records;	"";	"";	jeepster records
John Chrysostom;	"";	"";	john chrysostom
James Heckman;	"";	"";	james j. heckman}}
Judith of Poland;	"";	"";	judith of poland
Jeffrey Archer;	"";	"";	the lord archer of weston-super-mare
Johannes Brahms;	"";	no;	johannes brahms
Jean-Paul Sartre;	"";	no;	jean-paul sartre
John Paul Jones;	"";	"";	john paul jones
Boulting brothers;	"";	"";	john and roy boulting
John Frankenheimer;	"";	"";	john frankenheimer
John Jellicoe, 1st Earl Jellicoe;	"";	"";	the earl jellicoe
Sandy Woodward;	"";	"";	sir john forster woodward
James Blaylock;	"";	"";	james p. blaylock
Jerry Pournelle;	"";	no;	jerry pournelle
Jacob Abbott;	"";	"";	jacob abbott
John Stevens Cabot Abbott;	"";	"";	john stevens cabot abbott}}
John Hanson;	"";	"";	john hanson
Jedi;	"";	"";	the jedi order
James Tobin;	"";	"";	james tobin
Julian Lennon;	"";	"";	julian lennon
FIFA World Cup Trophy;	"";	"";	fifa world cup trophy
John Belushi;	"";	"";	john belushi
Jacob Abendana;	"";	"";	jacob abendana
James Hamilton, 1st Earl of Abercorn;	"";	"";	james hamilton
Java virtual machine;	"";	"";	java virtual machine
John Abercrombie (physician);	"";	"";	john abercrombie
John Abernethy (surgeon);	"";	"";	john abernethy
Jacques Maroger;	"";	"";	jacques maroger
Joseph Greenberg;	"";	"";	joseph greenberg
Jan van Goyen;	"";	"";	jan van goyen
Justin Martyr;	"";	"";	justin martyr
Johann Tetzel;	"";	"";	johann tetzel
James Tiptree Jr.;	"";	"";	james tiptree jr.
Juventus FC;	"";	"";	[[wojciech szczęsny]]}}
Jan Długosz;	"";	"";	jan długosz
Jadwiga of Poland;	"";	"";	jadwiga
Kennedy Space Center;	"";	"";	john f. kennedy space center
Joni Mitchell;	"";	"";	joni mitchell
Justus;	"";	"";	justus
John Eccles (neurophysiologist);	"";	"";	john eccles
James Scarlett, 1st Baron Abinger;	"";	"";	james scarlett
Janusz Zajdel;	"";	"";	janusz andrzej zajdel
Rumi;	"";	no;	rumi
James Norris Memorial Trophy;	"";	"";	james norris memorial trophy
JANET;	"";	"";	janet
John Harrison;	"";	"";	john harrison
Julia Child;	"";	"";	julia child
James Beard;	"";	"";	james beard
James Alan McPherson;	"";	"";	james alan mcpherson
Jerome K. Jerome;	"";	"";	lazy thoughts of a lazy girl}}</ref>
Takamine Jōkichi;	"";	"";	takamine jōkichi
Jacob Neusner;	"";	"";	jacob neusner
Joachim I Nestor, Elector of Brandenburg;	"";	"";	joachim i nestor
John Keats;	"";	"";	john keats}}
Jewish Defense League;	"";	"";	jewish defense league
Jet Propulsion Laboratory;	"";	"";	jet propulsion laboratory
John Rutsey;	"";	"";	john rutsey
John von Neumann Theory Prize;	"";	"";	john von neumann theory prize
Jean Richard (actor);	"";	"";	jean richard
John Walker Lindh;	"";	"";	john walker lindh
John Ashcroft;	"";	"";	john ashcroft
Japheth;	"";	"";	japheth
Jason Alexander;	"";	"";	jason alexander
John Wycliffe;	"";	"";	john wycliffe
Joe Orton;	"";	"";	joe orton
Julian Jaynes;	"";	"";	julian jaynes
Julia Kristeva;	"";	"";	julia kristeva
Josephus;	"";	"";	flavius josephus
Judy Blume;	"";	no;	judy blume
John Pople;	"";	"";	john pople
Jerry Falwell;	"";	"";	jerry falwell
Jay Leno;	"";	no;	jay leno
Jeroboam II;	"";	"";	jeroboam ii
Joan of Arc;	"";	"";	joan of arc
Johannes Nicolaus Brønsted;	"";	"";	johannes nicolaus brønsted
Jacob Grimm;	"";	"";	jacob grimm
Jamiroquai;	"";	"";	jamiroquai
John Sutter;	"";	"";	john sutter
John Adams (composer);	"";	"";	john adams
Jon Voight;	"";	"";	jon voight
John Climacus;	"";	"";	john climacus
John Radcliffe (physician);	"";	"";	john radcliffe
Joseph Lister;	"";	"";	the lord lister
Jadavpur University;	"";	"";	jadavpur university
John Akii-Bua;	"";	"";	john akii-bua
John, King of England;	"";	"";	john
Jule Styne;	"";	"";	jule styne
Julia Roberts;	"";	"";	julia roberts
John Sealy Hospital;	"";	"";	john sealy hospital
John the Evangelist;	"";	"";	john the evangelist
Johnny Weissmuller;	"";	"";	johnny weissmuller
Jean Grey;	"";	[[mutant (marvel comics);	""
Jacques Dupuis (Jesuit);	"";	"";	jacques dupuis
Jack Brabham;	"";	"";	{{br entries
Josip Broz Tito;	"";	"";	josip broz tito
John Stauber;	"";	"";	john stauber
James P. Hogan (writer);	"";	"";	james patrick hogan
Jeff Lynne;	"";	"";	jeff lynne
James Flynn (academic);	"";	"";	james flynn
John Hay;	"";	"";	mount herbert
Joy Division;	"";	"";	joy division
Johnny Bench;	"";	"";	johnny bench
Jasmuheen;	"";	"";	jasmuheen
Jell-O;	"";	"";	jell-o
Javier Saviola;	"";	"";	javier saviola
Junkers Ju 87;	"";	"";	ju 87
Keanu Reeves;	"";	"";	keanu reeves
Koto (instrument);	"";	"";	koto
King Crimson;	"";	no;	king crimson
Kilogram;	"";	"";	kilogram
Karl Popper;	"";	"";	karl popper
KDE;	"";	"";	kde
Konrad Adenauer;	"";	"";	konrad adenauer
Khazars;	"";	"";	rabinnic
Frost (rapper);	"";	"";	frost
Kurtis Blow;	"";	"";	kurtis blow
History of Kazakhstan;	"";	"";	date_start
Armed Forces of the Republic of Kazakhstan;	"";	"";	armed forces of the republic of kazakhstan
Geography of Kenya;	"";	"";	kenya
Kenya Defence Forces;	"";	"";	kenya defence forces
Kingman Reef;	"";	"";	kingman reef
Geography of Kiribati;	"";	"";	kiribati
Geography of Kuwait;	"";	"";	kuwait
Kuwait Armed Forces;	"";	"";	kuwait armed forces
Armed Forces of the Kyrgyz Republic;	"";	"";	armed forces of the kyrgyz republic
Kool Keith;	"";	"";	kool keith
Kurt Cobain;	"";	no}};	kurt cobain
Kent Beck;	"";	"";	kent beck
Kattegat;	"";	"";	kattegat
Kansas;	"";	"";	kansas
K;	"";	"";	k
Kirk Hammett;	"";	"";	kirk hammett
Kul Tigin;	"";	"";	kül
Kinky Friedman;	"";	"";	kinky friedman
Kurt Gödel;	"";	"";	kurt gödel
Karl Marx;	"";	"";	karl marx
Karate;	"";	"";	karate (空手)
Kickboxing;	"";	"";	kickboxing
Korea;	"";	"";	the republic of korea}}
Korean language;	"";	"";	korean
Kyle MacLachlan;	"";	"";	kyle maclachlan
Kevlar;	"";	"";	kevlar
King James Version;	"";	"";	norton}}
Kevin Spacey;	"";	no}};	kevin spacey
K. Eric Drexler;	"";	"";	k. eric drexler
Korean War;	"";	"";	south korea
Karl Dönitz;	"";	"";	karl dönitz
Kyoto Protocol;	"";	"";	kyoto protocol
Kalevala;	"";	"";	kalevala
King Kong (1933 film);	"";	"";	king kong
Carl Friedrich Abel;	"";	"";	carl friedrich abel
Kuiper belt;	"";	"";	plutosize}}
Kraftwerk;	"";	"";	kraftwerk
Krav Maga;	"";	"";	krav maga<br/>{{script/hebrew
Kim Stanley Robinson;	"";	"";	kim stanley robinson
King Arthur;	"";	no;	""
Konrad Zuse;	"";	"";	konrad zuse
Kenesaw Mountain Landis;	"";	"";	kenesaw mountain landis
Kraków;	"";	"";	kraków
Kora (instrument);	"";	"";	kora
Kathleen Kenyon;	"";	"";	kathleen kenyon
Korfball;	"";	"";	korfball
Kabul;	"";	"";	kabul
Kevin Bacon;	"";	"";	kevin bacon
Khalid al-Mihdhar;	"";	"";	khalid al-mihdhar
Utamaro;	"";	"";	kitagawa utamaro
Kofi Annan;	"";	no;	foundation}}
Kentucky;	"";	"";	kentucky
Kon Ichikawa;	"";	"";	kon ichikawa
Karel van het Reve;	"";	"";	karel van het reve
Katakana;	"";	"";	katakana
Kia Asamiya;	"";	"";	kia asamiya
Kuala Lumpur;	"";	"";	kuala lumpur
Kansas State University;	"";	"";	kansas state university
Sporting Kansas City;	"";	"";	[[john  pulskamp]]}}
Knights of Columbus;	"";	"";	knights of columbus
Kurt Vonnegut;	"";	"";	kurt vonnegut}}
Kazaa;	"";	"";	kazaa media desktop
Karnataka;	"";	"";	karnataka
KLM;	"";	"";	}}
Kansas City Royals;	"";	"";	kansas city royals
Klingon language;	"";	no;	klingon
Kylie Minogue;	"";	"";	kylie minogue
Kara Sea;	"";	"";	kara sea
Kareem Abdul-Jabbar;	"";	"";	kareem abdul-jabbar
Kuomintang;	"";	"";	kuomintang
Kadiogo Province;	"";	"";	kadiogo
Kagoshima;	"";	"";	kagoshima
Kajang;	"";	"";	}}
Carl Benz;	"";	"";	carl benz<!-- discuss on talk page before changing this to karl. -->
Ceiba pentandra;	ceiba;	pentandra;	""
Kyushu;	"";	"";	kyūshū
Kamov Ka-50;	"";	"";	"ka-50 \"black shark\" <br>ka-52 \"alligator\""
Kenny Dalglish;	"";	"";	<small>[[knight bachelor
Kabaddi;	"";	"";	kabaddi
Kerameikos;	"";	"";	kerameikos
Kabir Bedi;	"";	"";	kabir bedi
Kamov Ka-25;	"";	"";	ka-25
Kainite;	"";	"";	kainite
KAIST;	"";	"";	korea advanced institute of science and technology
Kaolinite;	"";	"";	kaolinite
Kawasaki Ki-56;	"";	"";	ki-56
Kerberos (protocol);	"";	"";	kerberos
Kickapoo people;	"";	"";	kickapoo
Katyusha rocket launcher;	"";	"";	katyusha
Kathy Acker;	"";	"";	kathy acker
Koh-i-Noor;	"";	"";	koh-i-noor
Kvass;	"";	"";	kvass
Kernite;	"";	"";	kernite
Korea Institute for Advanced Study;	"";	"";	korea institute for advanced study
Kent State University;	"";	"";	kent state university
Kelly Freas;	"";	"";	frank kelly freas
Kangol;	"";	"";	kangol
Keith Moon;	"";	"";	keith moon
Kaj Munk;	"";	"";	kaj munk
Kohlrabi;	"";	''[[brassica oleracea]]'';	kohlrabi, raw
Tettigoniidae;	"";	"";	family tettigoniidae krauss, 1902
Orca;	orcinus;	orca;	orca<br />killer whale<ref name=msw3>{{msw3 cetacea
Kim Philby;	"";	"";	kim philby
Kamacite;	"";	"";	kamacite
Kaohsiung;	"";	"";	kaohsiung city
Kellogg–Briand Pact;	"";	"";	kellogg–briand pact
Kidney;	"";	"";	kidneys
Kermit the Frog;	"";	muppet [[frog]];	kermit the frog
Protea cynaroides;	protea;	cynaroides;	""
Kumquat;	"";	"";	kumquats, raw<br />''fortunella'' spp.
Kyanite;	"";	"";	kyanite
Common kestrel;	falco;	tinnunculus;	""
Kalmia latifolia;	kalmia;	latifolia;	""
Khmer Rouge;	"";	"";	khmer rouge
Kenji Sahara;	"";	"";	kenji sahara
Kiyoshi Atsumi;	"";	"";	kiyoshi atsumi
Karel Hynek Mácha;	"";	"";	karel hynek mácha
Krupp;	"";	"";	friedrich krupp ag hoesch-krupp
Kwame Nkrumah;	"";	no;	kwame nkrumah
Kangaroo;	"";	"";	kangaroo
Chios;	"";	"";	chios
Kalsilite;	"";	"";	kalsilite
Kangchenjunga;	"";	"";	kangchenjunga
Kenilworth Castle;	"";	"";	kenilworth castle
Konrad Lorenz;	"";	"";	konrad lorenz
K. W. Jeter;	"";	"";	k. w. jeter
Kay Redfield Jamison;	"";	no;	kay redfield jamison
Konstantin Tsiolkovsky;	"";	"";	konstantin tsiolkovsky
Kary Mullis;	"";	"";	kary mullis
Kendo;	"";	"";	kendo <br>(剣道)
Kingfisher;	"";	"";	kingfisher
Kurt Waldheim;	"";	"";	kurt waldheim
AMD K6;	"";	"";	k6
Kurt Schwitters;	"";	"";	kurt schwitters
Kenneth Noland;	"";	"";	kenneth noland
Karachi;	"";	"";	karachi
Kerguelen Islands;	"";	"";	southern indian ocean islands tundra }}</ref>
Kahlúa;	"";	"";	kahlúa
Kelsey Grammer;	"";	"";	kelsey grammer
Kentucky Derby;	"";	"";	home {{!}} kentucky derby}}
Katal;	"";	"";	katal
Koala;	phascolarctos;	cinereus;	koala
Kit Carson;	"";	"";	kit carson
Kalahari Desert;	"";	"";	kalahari desert
Katanga Province;	"";	"";	katanga province
Kathmandu;	"";	"";	kathmandu
Kipchoge Keino;	"";	"";	kip keino
Knud Rasmussen;	"";	"";	knud rasmussen
Knute Rockne;	"";	"";	knute rockne
Kariba Dam;	"";	"";	kariba dam
Keilhauite;	"";	"";	keilhauite
Kingsley Amis;	"";	"";	kingsley amis
Kana;	"";	"";	kana
KornShell;	"";	"";	kornshell
Sara Jane Olson;	"";	"";	sara jane olson
Kent Recursive Calculator;	"";	"";	krc
KRL (programming language);	"";	"";	krl
Kyoto Common Lisp;	"";	"";	kyoto common lisp
Karl Gustav Ahlefeldt;	"";	"";	karl gustav ahlefeldt
Kiritimati;	"";	"";	kiritimati<br/>(christmas island)
Kubla Khan;	"";	"";	kubla khan
Kashubian language;	"";	"";	kashubian
Kim Milford;	"";	"";	kim milford
Ken Kesey;	"";	no;	ken kesey
Kandahar;	"";	"";	kandahar
Ken MacLeod;	"";	"";	ken macleod
Konstantin Chernenko;	"";	"";	konstantin chernenko
Komondor;	"";	"";	komondor
Keeshond;	"";	"";	keeshond
Krag–Jørgensen;	"";	"";	krag–jørgensen
Krakatoa;	"";	"";	krakatoa
Koo Stark;	"";	"";	koo stark
Kliment Voroshilov;	"";	"";	kliment voroshilov
Kristi Yamaguchi;	"";	"";	kristi yamaguchi
Krzysztof Penderecki;	"";	"";	krzysztof penderecki
Karl Böttiger;	"";	"";	karl august böttiger
Karl Ferdinand Braun;	"";	"";	karl ferdinand braun
Khunjerab Pass;	"";	"";	khunjerab pass
Kazimir Malevich;	"";	"";	kazimir malevich
Toshiki Kaifu;	"";	"";	toshiki kaifu
Karl Ernst von Baer;	"";	"";	karl ernst von baer
Koenigsegg;	"";	"";	koenigsegg automotive ab
Kenneth MacAlpin;	"";	"";	kenneth macalpin<br>''cináed mac ailpin''
Khandi Alexander;	"";	"";	khandi alexander
Konstantin Stanislavski;	"";	"";	konstantin stanislavski
Α-Ketoglutaric acid;	"";	"";	α-ketoglutaric acid
Keynesian economics;	"";	"";	john maynard keynes}}
Kinetic energy;	"";	"";	kinetic energy
Khoisan languages;	"";	"";	khoisan
Katina Paxinou;	"";	"";	katina paxinou
Klaus Barbie;	"";	"";	nikolaus barbie
Kalat, Balochistan;	"";	"";	kalat
Kordofanian languages;	"";	"";	kordofanian
Khwaja Ahmad Abbas;	"";	"";	khawaja ahmad abbas
Katherine MacLean;	"";	"";	katherine maclean
K2;	"";	"";	k2
Komodo dragon;	varanus;	komodoensis;	komodo dragon
Kiwifruit;	"";	"";	kiwifruit, zespri sungold, raw
Kiel Canal;	"";	"";	nord-ostsee-kanal
Konrad Emil Bloch;	"";	"";	konrad emil bloch
Klement Gottwald;	"";	"";	klement gottwald
Karl Amadeus Hartmann;	"";	"";	karl amadeus hartmann
Kobellite;	"";	"";	kobellite
Knights of Labor;	"";	"";	knights of labor
Kryptonite;	"";	"";	kryptonite
Konqueror;	"";	"";	konqueror
Kutia;	"";	"";	kutia
Kid Rock;	"";	"";	kid rock
Knaresborough Castle;	"";	"";	knaresborough castle
Calligra;	"";	"";	calligra suite
Fumimaro Konoe;	"";	"";	fumimaro konoe
Kołobrzeg;	"";	"";	kołobrzeg
Konix Multisystem;	"";	"";	konix multisystem
Icehenge;	"";	"";	icehenge
Calligra Words;	"";	"";	calligra suite
Kenneth Lee Pike;	"";	"";	kenneth lee pike
Klaus Maria Brandauer;	"";	"";	klaus maria brandauer
Boeing KC-135 Stratotanker;	"";	"";	kc-135 stratotanker
Katsuhiro Otomo;	"";	"";	katsuhiro otomo
Kate Bush;	"";	"";	kate bush
Kittiwake;	"";	"";	kittiwake
Kimberly Beck;	"";	"";	kimberly beck
Kirsten Dunst;	"";	no}};	kirsten dunst
Kevin Warwick;	"";	"";	kevin warwick
Kansas City, Missouri;	"";	"";	kansas city, missouri
Kocher–Debre–Semelaigne syndrome;	"";	"";	kocher–debré–semelaigne syndrome
Koi;	cyprinus;	carpio;	koi fish'''
Knut Hamsun;	"";	"";	knut hamsun
Karen Kain;	"";	"";	karen kain
Kurt Georg Kiesinger;	"";	"";	kurt georg kiesinger
Lynx;	"";	"";	"lynx<ref name=\"msw3\">{{msw3 wozencraft"
Leslie Caron;	"";	"";	leslie caron
Laura Bush;	"";	"";	laura bush
Lorisidae;	"";	"";	lorisids<ref name=msw3>{{msw3 groves
Lawyer;	"";	"";	lawyer
Louvre;	"";	"";	musée du louvre
Love;	"";	no;	""
Forever Changes;	"";	"";	forever changes
Leni Riefenstahl;	"";	"";	leni riefenstahl
Labatt Brewing Company;	"";	"";	labatt brewing company limited
Lewis and Clark Expedition;	"";	no}};	""
Linus Torvalds;	"";	no;	linus torvalds
Lavandula;	"";	"";	lavender
Lemon balm;	melissa;	officinalis;	""
Lee Harvey Oswald;	"";	"";	lee harvey oswald
Lincoln, Nebraska;	"";	"";	lincoln
Lionhead Studios;	"";	"";	lionhead studios limited
Lithuania;	"";	"";	location
Argument from ignorance;	"";	"";	fn1}}}}
Leo (constellation);	"";	"";	leo
Libra (constellation);	"";	"";	libra
Roxen (lake);	"";	"";	roxen
Lars Magnus Ericsson;	"";	"";	lars magnus ericsson
Lysator;	"";	"";	lysator
Latin hip hop;	"";	"";	latin hip hop
Library of Alexandria;	"";	"";	library of alexandria
Line Islands;	"";	"";	line islands
Latin;	"";	"";	latin
LiveScript (programming language);	"";	"";	livescript
Louis Pasteur;	"";	"";	louis pasteur
Ludwig Wittgenstein;	"";	no}};	ludwig wittgenstein
Low Saxon;	"";	"";	west low german
Limestone;	"";	"";	limestone
Lübeck;	"";	"";	lübeck
Laos;	"";	yes;	translation1
Geography of Laos;	"";	"";	laos
Lao People's Armed Forces;	"";	"";	lao people's armed forces
Geography of Latvia;	"";	"";	latvia
Latvian National Armed Forces;	"";	"";	latvian national armed forces
Geography of Lebanon;	"";	"";	lebanon
Politics of Lebanon;	"";	"";	lebanese republic
Lebanese Armed Forces;	"";	"";	lebanese armed forces
Geography of Lesotho;	"";	"";	lesotho
History of Liberia;	"";	"";	official report of the niger valley exploring party}} by [[martin delany]]
Geography of Liberia;	"";	"";	liberia
Armed Forces of Liberia;	"";	"";	armed forces of liberia
Demographics of Libya;	"";	"";	h}}
Armed Forces of the Libyan Arab Jamahiriya;	"";	"";	armed forces of the libyan arab jamahiriya
Geography of Liechtenstein;	"";	"";	liechtenstein}}
Geography of Lithuania;	"";	"";	lithuania
Lithuanian Armed Forces;	"";	"";	lithuanian armed forces
Luxembourg Armed Forces;	"";	"";	luxembourg armed forces
London Underground;	"";	"";	london underground
Lund University;	"";	"";	lund university
Lord Peter Wimsey;	"";	"";	lord peter wimsey
Logarithm;	"";	"";	adaa
L. Ron Hubbard;	"";	no}};	l. ron hubbard
London;	"";	"";	london
Lagâri Hasan Çelebi;	"";	"";	lagâri hasan çelebi
Ligament;	"";	"";	ligament
Loch Ness Monster;	"";	"";	loch ness monster
Lincoln, England;	"";	"";	lincoln
Luftwaffe;	"";	"";	production}} the ''luftwaffe''{{'}}s demand for labour was one of the factors that led to the deportation and murder of hundreds of thousands of hungarian jews in 1944. the ''luftwaffe'' frequently bombed non-military targets, the ''[[oberkommando der luftwaffe]]'' organised [[nazi human experimentation]], and ''luftwaffe'' ground troops committed massacres in [[fascist italy (1922–1943)
Lafora disease;	"";	"";	lafora disease
Lassa fever;	"";	"";	lassa fever
Leon Trotsky;	"";	"";	leon trotsky
Ludwig Mies van der Rohe;	"";	"";	ludwig mies van der rohe
Ludovico Ariosto;	"";	"";	ludovico ariosto
Leonhard Euler;	"";	no;	leonhard euler
Led Zeppelin;	"";	no;	led zeppelin
Lord Dunsany;	"";	"";	the lord dunsany
Ludwig van Beethoven;	"";	no;	ludwig van beethoven
Lleyton Hewitt;	"";	"";	lleyton hewitt<br/>{{small
Lars von Trier;	"";	"";	lars von trier
Monty Python's Life of Brian;	"";	"";	monty python's life of brian
Loglan;	"";	"";	loglan
Leucippus;	"";	"";	leucippus
Lake Tana;	"";	"";	lake tana
Lake Erie;	"";	"";	lake erie
Lake Ontario;	"";	"";	lake ontario
Lake Michigan;	"";	"";	lake michigan
Fibonacci;	"";	"";	fibonacci
Lake Superior;	"";	"";	lake superior
LimeWire;	"";	"";	limewire
Latveria;	"";	"";	latveria
Louis Leakey;	"";	"";	louis leakey
Laurence Sterne;	"";	"";	laurence sterne
Linear A;	"";	"";	linear a
Lucasfilm Games;	"";	"";	lucasfilm games
Lafcadio Hearn;	"";	"";	lafcadio hearn
Latin declension;	"";	"";	"\"ou\""
Louisa May Alcott;	"";	"";	louisa may alcott
Leo III the Isaurian;	"";	"";	leo iii the isaurian
Lisp (programming language);	"";	"";	lisp
Louis Agassiz;	"";	"";	louis agassiz
Li Bai;	"";	"";	li bai
Louis Aleman;	"";	"";	louis aleman
Leon Battista Alberti;	"";	"";	leon battista alberti
Lancelot Andrewes;	"";	"";	lancelot andrewes
Lucius Tarquinius Priscus;	"";	"";	lucius tarquinius priscus
Livy;	"";	"";	livy
Louise Erdrich;	"";	"";	louise erdrich
Leonard Bloomfield;	"";	"";	leonard bloomfield
Leather;	"";	no;	""
Lise Meitner;	"";	"";	lise meitner
Leonardo da Vinci;	"";	"";	leonardo da vinci
Luke (given name);	"";	"";	luke
Lonsdaleite;	"";	"";	lonsdaleite
Labrador duck;	camptorhynchus;	labradorius;	""
Lilia Podkopayeva;	"";	"";	lilia podkopayeva
Lisbon;	"";	"";	lisbon
Local Group;	"";	"";	local group
Litre;	"";	"";	litre
Lavr Kornilov;	"";	"";	lavr georgiyevich kornilov
L. L. Zamenhof;	"";	"";	"l. l.<!-- see \"name\" section below --> zamenhof"
Leyden jar;	"";	"";	man or matter
Lennon Wall;	"";	"";	lennon wall
Los Angeles;	"";	"";	los angeles
Lepus (constellation);	"";	"";	lepus
Lupus (constellation);	"";	"";	lupus
Lyra;	"";	"";	lyra
Legnica;	"";	"";	legnica
Liverpool F.C.;	"";	"";	[[alisson becker]]
Links (web browser);	"";	"";	links
Louisiana;	"";	"";	louisiana
Los Angeles International Airport;	"";	"";	los angeles international airport
La Tène culture;	"";	"";	la tène culture
Lazy evaluation;	"";	"";	java lambda
Lucent;	"";	"";	lucent technologies, inc.
Linear search;	"";	"";	{{pagenamebase}}
Lizard;	"";	"";	lizards
L. Frank Baum;	"";	no;	l. frank baum
Lake Ladoga;	"";	"";	lake ladoga
LaTeX;	"";	no;	latex
Lake Champlain;	"";	"";	lake champlain
Lambda calculus;	"";	"";	3rules
Larry Niven;	"";	no;	larry niven
Linux distribution;	"";	no;	""
Los Angeles Dodgers;	"";	"";	los angeles dodgers
Louis Andriessen;	"";	"";	louis andriessen
Leonard Peltier;	"";	"";	leonard peltier
Known Space;	"";	"";	known space
LeRoy Homer Jr.;	"";	"";	leroy homer jr.
La Jetée;	"";	"";	la jetée
Little penguin;	eudyptula;	minor;	""
Lake Balaton;	"";	"";	lake balaton
Lithium citrate;	"";	"";	lithium citrate
Lithium carbonate;	"";	"";	lithium carbonate
Lunar Roving Vehicle;	"";	"";	lunar roving vehicle
Lake Kickapoo;	"";	"";	lake kickapoo
Lyon & Healy;	"";	"";	lyon & healy
Index of philosophy articles (A–C);	"";	"";	no
Lamborghini;	"";	"";	automobili lamborghini s.p.a.
LaGrand case;	"";	"";	karl-heinz lagrand
Lotus 1-2-3;	"";	"";	lotus 1-2-3
Light-emitting diode;	"";	"";	light-emitting diode
Luxembourgish;	"";	"";	luxembourgish
Lev Kuleshov;	"";	"";	lev kuleshov
Liber Pontificalis;	"";	"";	''liber pontificalis''
Latin alphabet;	"";	"";	latin
Lugh;	"";	"";	lugh
Lambda phage;	"";	escherichia virus lambda;	""
Louis Armstrong;	"";	"";	louis armstrong
Lower Peninsula of Michigan;	"";	"";	lower peninsula of michigan
Lake Toba;	"";	"";	lake toba
Lamorna Birch;	"";	"";	lamorna birch
Lexus;	"";	"";	lexus
Logo (programming language);	"";	"";	logo
AvtoVAZ;	"";	"";	jsc аvtovaz
Lundy;	"";	"";	lundy
Lombok;	"";	"";	lombok
Lego;	"";	"";	lego
Lycos;	"";	"";	lycos, inc.
Luton Town F.C.;	"";	"";	[[james shea]]}}
Mount Lykaion;	"";	"";	mount lykaion
Lake Eyre;	"";	"";	kati thanda–lake eyre
Loran-C;	"";	"";	afif – 7030-x / 8830-m}}
John William Strutt, 3rd Baron Rayleigh;	"";	"";	the lord rayleigh
Leonids;	"";	"";	leonids
Laconia;	"";	"";	laconia
Lanista;	"";	"";	''lanista''
Lyonel Feininger;	"";	"";	lyonel feininger
Life;	"";	"";	"life <!-- please see section \"biota\" on talk page before reverting-->"
Luanda;	"";	"";	luanda
LAME;	"";	"";	lame
Leszek Miller;	"";	"";	leszek miller
Labia majora;	"";	"";	labia majora
Labia minora;	"";	"";	labia minora
Leopold von Sacher-Masoch;	"";	"";	leopold von sacher-masoch
Lee Marvin;	"";	"";	lee marvin
Lower Saxony;	"";	"";	gl
LTJ Bukem;	"";	"";	ltj bukem
Lindsay Anderson;	"";	"";	lindsay anderson
Leo Marks;	"";	"";	leo marks
Lung cancer;	"";	"";	lung cancer
Liberal Party of Australia;	"";	"";	joint
Lindisfarne;	"";	"";	holy island parish council
Lysithea (moon);	"";	"";	lysithea
Lions Clubs International;	"";	"";	lions clubs international
Lyman Abbott;	"";	"";	lyman j. abbott
Luca Pacioli;	"";	"";	luca pacioli
Lower Mainland;	"";	"";	"population2}}<ref name=\"2021census\"/><!-- do not change until the 2026 census is released -->"
London Post Office Railway;	"";	"";	london post office railway
Larissa;	"";	"";	larissa
Lightworks;	"";	"";	lightworks
Love Parade;	"";	"";	love parade
Lucretia;	"";	no}};	""
Latin America;	"";	"";	d
Lynx (web browser);	"";	"";	lynx
Lake Abitibi;	"";	"";	lake abitibi
Lansing, Michigan;	"";	"";	lansing, michigan
Leukemia;	"";	"";	leukemia
Length;	"";	"";	length
Louis Ginzberg;	"";	"";	louis ginzberg
Louis IX of France;	"";	"";	louis ix
Linear B;	"";	"";	linear b
Larousse Gastronomique;	"";	"";	larousse gastronomique
Louis XIV;	"";	no;	""
Ludwig Ritter von Köchel;	"";	"";	ludwig ritter von köchel
LEO (computer);	"";	"";	leo i
Laurence of Canterbury;	"";	"";	laurence
Leaf by Niggle;	"";	"";	leaf by niggle
Lois Lane;	"";	[[human]];	""
Laconia incident;	"";	"";	readman, sally kay}}}}
Leon Theremin;	"";	"";	leon theremin
Leto;	"";	"";	leto
La Malinche;	"";	"";	marina
Lusitania;	"";	"";	colonia augusta emerita}}
Limburg (Netherlands);	"";	"";	limburg
Lincos language;	"";	"";	lincos
Lascaux;	"";	"";	lascaux
Lex Luthor;	"";	[[human]];	luthor
Lute;	"";	"";	lute
Little Boy;	"";	"";	little boy
Lester Bangs;	"";	"";	lester bangs
Lydia Kavina;	"";	"";	lydia kavina
Liberation Tigers of Tamil Eelam;	"";	"";	liberation tigers of tamil eelam
Left Behind;	"";	"";	left behind
Lausanne;	"";	"";	hds
Ludwig Von Drake;	"";	[[duck]];	ludwig von drake
Los Altos, California;	"";	"";	los altos, california
Lambert–Eaton myasthenic syndrome;	"";	"";	lambert–eaton myasthenic syndrome
Lilith;	"";	"";	lilith
Lorenzo de' Medici;	"";	"";	lorenzo de' medici
Lucrezia Borgia;	"";	"";	lucrezia borgia
List of Mac models grouped by CPU type;	"";	"";	"\"lisa\""
Lemmy;	"";	"";	lemmy
Lactose;	"";	"";	lactose
Lactase;	"";	"";	lactase
Linkin Park;	"";	"";	linkin park
Lake Nicaragua;	"";	"";	lake nicaragua
Louis Riel;	"";	"";	louis riel
Listerine;	"";	"";	listerine
Ludo;	"";	"";	2to4
Life expectancy;	"";	"";	exsymbol}} and is the mean number of years of life remaining at a given age <math>x</math>, with a particular [[wikt:mortality
Laura Bertram;	"";	"";	laura bertram
Lou Ferrigno;	"";	"";	lou ferrigno
Legion of Merit;	"";	"";	legion of merit
Lint (software);	"";	"";	lint
Lupercal;	"";	"";	lupercal
Limp Bizkit;	"";	"";	limp bizkit
Lee Van Cleef;	"";	"";	""
Luigi Pirandello;	"";	"";	luigi pirandello
Luke the Evangelist;	"";	"";	luke the evangelist
Lynyrd Skynyrd;	"";	"";	lynyrd skynyrd
Lodovico Ferrari;	"";	"";	lodovico de ferrari
Lymphedema;	"";	"";	lymphedema
Land Rover;	"";	"";	land rover (marque)
Lleida;	"";	"";	lleida
Le Mans;	"";	"";	le mans
Lois McMaster Bujold;	"";	"";	lois mcmaster bujold
Landau;	"";	"";	landau in der pfalz
Liv Ullmann;	"";	"";	liv ullmann
Laika;	"";	''[[canis familiaris]]'';	""
Master of Puppets;	"";	"";	master of puppets
Ride the Lightning;	"";	"";	ride the lightning
Metallica (album);	"";	"";	metallica
Load (album);	"";	"";	load
Garage Inc.;	"";	"";	garage inc.
S&M (album);	"";	"";	s&m
Metallica;	"";	no;	metallica
Mary Pickford;	"";	"";	mary pickford
Mack Sennett;	"";	"";	mack sennett
MD5;	"";	"";	md5
Magic: The Gathering;	"";	no;	""
Mammal;	"";	"";	mammals
Multics;	"";	"";	multics
MTV;	"";	"";	mtv
Mustelidae;	"";	"";	mustelidae
Maryland;	"";	"";	maryland
Michigan;	"";	"";	michigan
Macbeth;	"";	"";	the tragedie of macbeth
Minor Threat;	"";	"";	minor threat
Massachusetts Institute of Technology;	"";	"";	massachusetts institute of technology
List of male singles tennis players;	"";	"";	no
Mandolin;	"";	"";	mandolin
Microsoft Windows;	"";	"";	microsoft windows
Matt Groening;	"";	"";	matt groening
Modus ponens;	"";	"";	<em>modus ponens</em>
Modus tollens;	"";	"";	<em>modus tollens</em>
Mathematician;	"";	"";	mathematician
Magnesium;	"";	"";	""
Manitoba;	"";	"";	manitoba
Mount Logan;	"";	"";	mount logan
Muhammad;	"";	no;	muhammad
Morse code;	"";	"";	"bug_op_note}} (informally called a \"bug\" since it vaguely resembles a [[stick insect]]). ]]"
Emergency contraception;	"";	"";	emergency contraception
Monty Python;	"";	"";	monty python
Metre;	"";	"";	metre
Marjoram;	origanum;	majorana;	""
2001 Mars Odyssey;	"";	"";	''2001 mars odyssey''
Madagascar;	"";	"";	name
Flowering plant;	"";	magnoliophyta;	""
Mississippian (geology);	"";	"";	mississippian
Minix;	"";	"";	minix
Muscular dystrophy;	"";	"";	muscular dystrophy
Mexico City;	"";	"";	mexico city
Merlot;	"";	"";	merlot
Martin Scorsese;	"";	no;	martin scorsese
Mean Streets;	"";	"";	mean streets
Marcel Achard;	"";	"";	marcel achard}}
Myasthenia gravis;	"";	"";	myasthenia gravis
Motala ström;	"";	"";	motala ström
Microsoft;	"";	no;	microsoft corporation
Microserfs;	"";	"";	microserfs
Moscow;	"";	"";	moscow
Mediterranean Sea;	"";	"";	mediterranean sea
Miocene;	"";	"";	miocene
Mr. T;	"";	"";	""
Malden Island;	"";	"";	malden island<br />(independence island)
My Fair Lady;	"";	"";	my fair lady
Motala Municipality;	"";	"";	motala municipality
Maltese language;	"";	"";	maltese
Masaki Kobayashi;	"";	"";	masaki kobayashi
Macedonian language;	"";	"";	macedonian
Marley Marl;	"";	"";	marley marl
Martina Hingis;	"";	"";	martina hingis
Mass;	"";	"";	mass
Marble;	"";	"";	marble
Manufacturing Consent (film);	"";	"";	manufacturing consent: noam chomsky and the media
Munich;	"";	"";	munich
Millsaps College;	"";	"";	millsaps college
Mälaren;	"";	"";	mälaren
Macau;	"";	"";	macau
Macao Garrison;	"";	"";	pla ground force
Macedonia (region);	"";	"";	macedonia
Geography of North Macedonia;	"";	"";	north macedonia
Army of North Macedonia;	"";	"";	army of the republic of north macedonia
Malaysian Armed Forces;	"";	"";	malaysian armed forces
Maldives;	"";	"";	maldives-lakshadweep-chagos archipelago tropical moist forests
Politics of the Maldives;	"";	"";	politics of maldives
Malian Armed Forces;	"";	"";	malian armed forces
Politics of Malta;	"";	"";	politics of malta
Geography of the Marshall Islands;	"";	"";	marshall islands
Mile;	"";	"";	mile
Spam (Monty Python sketch);	"";	"";	spam song
Maya Lin;	"";	"";	maya lin
Martinique;	"";	"";	martinique
Armed Forces of Mauritania;	"";	"";	armed forces of mauritania
Mumbai;	"";	"";	mumbai
Miami Dolphins;	"";	"";	miami dolphins
M;	"";	"";	m
MIT License;	"";	"";	mit license
Michael Reagan;	"";	"";	michael reagan
Mayotte;	"";	"";	mayotte
Politics of Mexico;	"";	"";	politics of mexico
Geography of Moldova;	"";	"";	moldova
Politics of Moldova;	"";	"";	politics of moldova
Armed Forces of the Republic of Moldova;	"";	"";	armed forces of the republic of moldova
Midway Atoll;	"";	"";	midway atoll
Moldova;	"";	"";	coeli
Monaco;	"";	"";	euros}}
Public Services (Monaco);	"";	"";	public force
Geography of Mongolia;	"";	"";	mongolia
Demographics of Mongolia;	"";	"";	a}}
Mongolian Armed Forces;	"";	"";	mongolian armed forces
Montserrat;	"";	"";	montserrat
Geography of Montserrat;	"";	"";	montserrat
Royal Moroccan Armed Forces;	"";	"";	royal moroccan armed forces
Geography of Mozambique;	"";	"";	mozambique
Mozambique Defence Armed Forces;	"";	"";	mozambique defence armed forces
Marilyn Monroe;	"";	no;	marilyn monroe
Myelin;	"";	"";	myelin
Mebyon Kernow;	"";	"";	sons of cornwall
Mesozoic;	"";	"";	mesozoic era
Moğollar;	"";	"";	moğollar
Moon;	"";	"";	moon
Marco Polo;	"";	"";	marco polo
