title;	genus;	species;	name
Yawn;	"";	"";	yawn
James Joseph Sylvester;	"";	no;	james joseph sylvester
Neckar-Odenwald-Kreis;	"";	"";	neckar-odenwald-kreis
Migraine (book);	"";	"";	migraine
Gustav von Schmoller;	"";	"";	gustav von schmoller
Sports Night;	"";	no;	""
Yarra River;	"";	"";	yarra
Wrist;	"";	"";	wrist
D.C. United;	"";	"";	[[tyler miller]]}}
Lilliput and Blefuscu;	"";	"";	lilliput
Rohrdorf, Bavaria;	"";	"";	rohrdorf
ISSN;	"";	"";	international standard serial number
Jacob De la Gardie;	"";	"";	count jacob de la gardie
Scottish Workers' Republican Party;	"";	"";	scottish workers' republican party
Marquette Mountain;	"";	"";	marquette mountain
Pygmy parrot;	"";	"";	pygmy parrot
Paul Bernardo;	"";	"";	paul bernardo
Chris Isaak;	"";	"";	chris isaak
Unibet Arena;	"";	"";	unibet arena
Torii Hunter;	"";	"";	torii hunter
Albert Memorial;	"";	"";	albert memorial
Nicoleta Alexandru;	"";	"";	nicola
Francis Nash;	"";	"";	francis nash
Santiago de Cuba;	"";	"";	santiago de cuba
Candyass;	"";	"";	candyass
Fabian von Fersen;	"";	"";	fabian von fersen
14:59;	"";	"";	14:59
Ángela Carrasco;	"";	"";	ángela carrasco
Messenger (Edwin McCain album);	"";	"";	messenger
Issues (Korn album);	"";	"";	issues
Charles the Fat;	"";	"";	emperor charles iii}}
J-Tull Dot Com;	"";	"";	j-tull dot com
Dragon boat;	"";	"";	dragon boat racing
Ricky Martin (1999 album);	"";	"";	ricky martin
Fallen Leaf Lake (Washington);	"";	"";	fallen leaf lake
Without Remorse;	"";	"";	without remorse
Nong Bua Lamphu province;	"";	"";	nong bua lamphu
Dark Side of the Spoon;	"";	"";	dark side of the spoon
TLC (TV network);	"";	"";	tlc
Maximus Planudes;	"";	"";	maximus planudes
Esther Hart (singer);	"";	"";	esther hart
Thomas Wright (antiquarian);	"";	"";	wright, thomas}}</ref> descended from a [[quaker]] family formerly living at [[bradford]]. he was educated at [[ludlow grammar school]] and at [[trinity college, cambridge]], whence he graduated in 1834.<ref name=venn/>
Freudenstadt (district);	"";	"";	freudenstadt
Hughie Green;	"";	"";	hughie green
Robinson Ellis;	"";	"";	robinson ellis}}
Transmissible spongiform encephalopathy;	"";	"";	transmissible spongiform encephalopathy
Miskolc;	"";	"";	miskolc
First Taranaki War;	"";	"";	"\"\"}}"
Piano Sonata No. 12 (Mozart);	"";	"";	piano sonata no. 12
Nitric oxide;	"";	"";	""
Courage Under Fire;	"";	"";	courage under fire
Orphan's Benefit;	"";	"";	orphan's benefit
Bun E. Carlos;	"";	"";	bun e. carlos
Claudia Cardinale;	"";	"";	claudia cardinale
Maureen O'Hara;	"";	"";	maureen o'hara
Anjelica Huston;	"";	"";	anjelica huston
Polytechnique Montréal;	"";	"";	{{lang
Fiona Shaw;	"";	"";	fiona shaw
Rick Nielsen;	"";	"";	rick nielsen
Michael Keaton;	"";	"";	michael keaton
Jonny Lee Miller;	"";	"";	jonny lee miller
Red Beard;	"";	"";	red beard
Summoning (band);	"";	"";	summoning
Facelift (album);	"";	"";	facelift
Heliozoa;	"";	"";	sun animalcules
Muhammad Zia-ul-Haq;	"";	no;	""
Potassium hydroxide;	"";	"";	potassium hydroxide
Tulita;	"";	"";	tulita
John Scott Harrison;	"";	"";	john scott harrison
Amenorrhea;	"";	"";	amenorrhea
Mafia (party game);	"";	"";	mafia
Mother India;	"";	"";	mother india
Studs Terkel;	"";	"";	studs terkel
Beretta;	"";	"";	{{nowrap
Lethal Weapon;	"";	"";	lethal weapon
Neutropenia;	"";	"";	neutropenia
Human Torch;	"";	human mutate;	""
John Isaac Guion;	"";	"";	john isaac guion
John A. Quitman;	"";	"";	john quitman
Xiph.Org Foundation;	"";	"";	xiph.org foundation
Sardine;	sardina;	pilchardus;	sardinops}}
Kala namak;	"";	"";	black salt
Duchy of Lancaster;	"";	"";	duchy of lancaster
Sertab Erener;	"";	"";	sertab erener
List of dukes of Milan;	"";	"";	duke of milan
Elizabeth Berkley;	"";	"";	elizabeth berkley
Western grey kangaroo;	macropus;	fuliginosus;	western grey kangaroo<ref name= msw3>{{msw3 diprotodontia
Robert Sedgewick (computer scientist);	"";	"";	robert sedgewick
Erwin Chargaff;	"";	"";	erwin chargaff
Shakeel Badayuni;	"";	"";	shakeel badayuni
Colgate-Palmolive;	"";	"";	colgate-palmolive company
I Have Returned;	"";	"";	i have returned
George Hendrik Breitner;	"";	"";	george hendrik breitner
Fatigue;	"";	"";	fatigue
Axolotl;	ambystoma;	mexicanum;	axolotl
Acton Town tube station;	"";	"";	acton town
Baker Street tube station;	"";	"";	baker street
Ju Si-gyeong;	"";	"";	ju si-gyeong
Highbury & Islington station;	"";	"";	highbury & islington
Emily O'Reilly;	"";	"";	""
Matthew Green (British politician);	"";	"";	matthew green
Bombardier beetle;	"";	"";	bombardier beetle
Chris Bryant;	"";	"";	chris bryant
Portal vein;	"";	"";	portal vein
Goulash;	"";	"";	goulash
Gustav Metzger;	"";	"";	gustav metzger
Jenny Calendar;	"";	"";	"jennifer \"jenny\" calendar"
Dinkytown;	"";	"";	}}
Daily Mirror;	"";	"";	daily mirror
Workers' Dreadnought;	"";	"";	workers' dreadnought
Sylvia Pankhurst;	"";	"";	sylvia pankhurst
Morton Downey;	"";	"";	morton downey
Jules Dupuit;	"";	"";	jules dupuit
Nivea (singer);	"";	"";	nivea
Norteños;	"";	"";	norteños
Ginuwine;	"";	"";	ginuwine
Siilinjärvi;	"";	"";	siilinjärvi
Rita Guerra;	"";	"";	rita guerra
The Daily Show;	"";	no;	""
Swedish Vallhund;	"";	"";	swedish vallhund
Groundwork of the Metaphysics of Morals;	"";	"";	groundwork of the metaphysics of morals
Comedy Central;	"";	"";	comedy central
Jon Stewart;	"";	"";	jon stewart
Dimitri Tiomkin;	"";	"";	dimitri tiomkin
Tongling;	"";	"";	tongling
Jada Pinkett Smith;	"";	"";	jada pinkett smith
Dr. Jekyll and Mr. Hyde (character);	"";	[[human]];	dr. henry jekyll or mr. edward hyde
Arthur Golding;	"";	"";	arthur golding
Charlotte Smith (writer);	"";	"";	charlotte smith
Buttermilk;	"";	"";	buttermilk
DNA polymerase;	"";	"";	dna-directed dna polymerase
Topoisomerase;	"";	"";	dna topoisomerase, atp-independent (type i)
Albert II, Prince of Monaco;	"";	"";	albert ii
Thurston elliptization conjecture;	"";	"";	thurston elliptization conjecture
Farrah Fawcett;	"";	"";	farrah fawcett
Marcus Terentius Varro;	"";	"";	marcus terentius varro}}
Viljandi;	"";	"";	viljandi
Hydrogenation;	"";	"";	hydrogenation
Tom Araya;	"";	"";	tom araya
Sarcopterygii;	"";	"";	lobe-finned fishes
Der Stahlhelm, Bund der Frontsoldaten;	"";	"";	{{lang
Éleuthère Irénée du Pont;	"";	"";	éleuthère irénée du pont
Kobe Municipal Transportation Bureau;	"";	"";	kōbe municipal transportation bureau
Isabel Luberza Oppenheimer;	"";	"";	"isabel \"la negra\" luberza oppenheimer"
Okeh Records;	"";	"";	okeh records
Emerson Records;	"";	"";	emerson records
Lincoln Records;	"";	"";	lincoln records
Hit of the Week Records;	"";	"";	hit of the week record
Rudimentary Peni;	"";	"";	rudimentary peni
Newtown, New South Wales;	"";	"";	newtown
Invisible Woman;	"";	human mutate;	""
Mamie Smith;	"";	"";	mamie smith
Cocksucker Blues;	"";	"";	cocksucker blues
Rites of Spring;	"";	"";	rites of spring
William de la Pole, 1st Duke of Suffolk;	"";	"";	william de la pole
John Beaufort, 1st Duke of Somerset;	"";	"";	john beaufort
Don't Say a Word;	"";	"";	don't say a word
Mobilize (Anti-Flag album);	"";	"";	mobilize
Renaissance (band);	"";	"";	renaissance
Waukesha, Wisconsin;	"";	"";	waukesha, wisconsin
Jerzy Dudek;	"";	"";	jerzy dudek
Lifeguard (comics);	"";	[[mutant (marvel comics);	""
Vishnu Sharma;	"";	"";	vishnusharma
Lakshmana;	"";	"";	lakshmana
List of wars involving Finland;	"";	"";	germany}}
SCO Group;	"";	"";	the sco group, inc.
Huddersfield Town A.F.C.;	"";	"";	[[lee nicholls]]}}
Democracy: An American Novel;	"";	"";	democracy: an american novel
David Guest (communist);	"";	"";	david guest
To Autumn;	"";	"";	''the poems of john keats''}}. editor [[ernest de sélincourt]].  new york: dodd, mead & company, 1905. {{oclc
Secretary (2002 film);	"";	"";	secretary
Ode to a Nightingale;	"";	"";	ode to a nightingale
Ioannis Metaxas;	"";	"";	ioannis metaxas
Limbo (programming language);	"";	"";	limbo
Morning sickness;	"";	"";	morning sickness
Riley Finn;	"";	"";	riley finn
TAR syndrome;	"";	"";	tar syndrome
William Livingston;	"";	"";	william livingston
Plone (software);	"";	"";	plone
Lawrence v. Texas;	"";	"";	clarification
Pekka Halonen;	"";	"";	pekka halonen
Grave, Netherlands;	"";	"";	grave
Rhabdomyolysis;	"";	"";	rhabdomyolysis
AOLserver;	"";	"";	aolserver
John Swinburne (Scottish politician);	"";	"";	john swinburne
William Edmond Logan;	"";	"";	sir william edmond logan
WorldFish;	"";	"";	worldfish
Tony Robbins;	"";	"";	tony robbins
John Maclean (Scottish socialist);	"";	"";	john maclean
Nong Khai province;	"";	"";	nong khai
Alex Neil (politician);	"";	"";	alex neil
Robert Axelrod;	"";	"";	robert axelrod
Hohenlohe (district);	"";	"";	hohenlohe
Jim Sillars;	"";	"";	jim sillars
Faith (Buffy the Vampire Slayer);	"";	"";	faith lehane
Eliza Dushku;	"";	no;	eliza dushku
Sleep paralysis;	"";	"";	sleep paralysis
Keir Hardie;	"";	"";	keir hardie
Mae Hong Son province;	"";	"";	mae hong son
Jim Garrison;	"";	"";	jim garrison
Phuket province;	"";	"";	phuket
Coat of arms of the Philippines;	"";	"";	coat of arms of the philippines<br />{{small
Beagle 2;	"";	"";	''beagle 2''
Filipino language;	"";	"";	filipino
Knighty Knight Bugs;	"";	"";	knighty knight bugs
Arto Records;	"";	"";	arto records
Ivan Illich;	"";	"";	ivan illich
Australian pelican;	pelecanus;	conspicillatus;	australian pelican
Ior Bock;	"";	"";	ior bock
Caron;	"";	"";	caron
Greenville University;	"";	"";	greenville university
The Black Tulip;	"";	"";	the black tulip
Dog food;	"";	"";	a
Lek (river);	"";	"";	lek
José Echegaray;	"";	"";	josé echegaray
C. Thomas Howell;	"";	"";	c. thomas howell
Romain Rolland;	"";	"";	romain rolland
Viviparous eelpout;	"";	"";	viviparous eelpout
Titus Labienus;	"";	"";	titus labienus
George Monk;	"";	"";	monk, george}}
Cujo;	"";	"";	cujo
Quintus Lutatius Catulus (consul 102 BC);	"";	"";	quintus lutatius catulus
Tyra Banks;	"";	"";	tyra banks
Aulus Gabinius;	"";	"";	aulus gabinius
AC Cobra;	"";	"";	ac cobra
Karl Adolph Gjellerup;	"";	"";	karl adolph gjellerup
Carl Spitteler;	"";	"";	carl friedrich georg spitteler
Stefan Dušan;	"";	"";	stefan dušan<br />{{small
Erik Axel Karlfeldt;	"";	"";	erik axel karlfeldt
Mountain man;	"";	"";	mountain men
Mallrats;	"";	"";	mallrats
Jacques Tati;	"";	"";	jacques tati
Ron Kovic;	"";	"";	ron kovic
Albert Spaggiari;	"";	"";	albert spaggiari
Jayson Blair;	"";	"";	jayson blair
Selangor;	"";	"";	selangor
Washington Caps;	"";	"";	washington caps
The Oak Ridge Boys;	"";	"";	the oak ridge boys
Public Land Survey System;	"";	"";	black hills meridian}}
Mahavira;	"";	"";	}}
Bachman's warbler;	vermivora;	bachmanii;	""
Pamela Sue Martin;	"";	"";	pamela sue martin
Heath hen;	tympanuchus;	cupido;	heath hen
Kate O'Mara;	"";	"";	kate o'mara
Life Is Peachy;	"";	"";	life is peachy
Horatio Gates;	"";	"";	horatio gates
Nathanael Greene;	"";	"";	nathanael greene
Follow the Leader (Korn album);	"";	"";	follow the leader
Ross Robinson;	"";	"";	ross robinson
Lori Piestewa;	"";	"";	lori piestewa
Frederick William IV of Prussia;	"";	"";	frederick william iv
Mallard (band);	"";	"";	mallard
Crush (2001 film);	"";	"";	crush
Fernie, British Columbia;	"";	"";	fernie
Roger Cotes;	"";	"";	cotes, roger}}</ref> he [[graduation
Porthos;	"";	"";	porthos
Athos (character);	"";	"";	athos
Aramis;	"";	"";	aramis
Israeli new shekel;	"";	"";	new israeli shekel
Museo Nacional Centro de Arte Reina Sofía;	"";	"";	museo nacional centro de arte reina sofía
Jersey Joe Walcott;	"";	"";	jersey joe walcott
Ardour (software);	"";	"";	ardour
Imagine (John Lennon album);	"";	"";	imagine
Batangas;	"";	"";	batangas
M. S. Subbulakshmi;	"";	"";	m. s. subbulakshmi
FAMAS;	"";	"";	famas
Columbia Graphophone Company;	"";	"";	{{color
Jack Gilbert Graham;	"";	"";	jack graham
Viljandi County;	"";	"";	viljandi county
K. V. Mahadevan;	"";	"";	k. v. mahadevan
Malgudi;	"";	"";	""
Dictabelt;	"";	"";	dictabelt
Franklin Rosemont;	"";	"";	franklin rosemont
When I Survey the Wondrous Cross;	"";	"";	when i survey the wondrous cross
Paolo Veronese;	"";	"";	paolo veronese
Bharat Ratna;	"";	"";	bharat ratna
Friedrich Mohs;	"";	"";	friedrich mohs
Human Action;	"";	"";	human action: a treatise on economics
Big Flame (band);	"";	"";	big flame
Rufous hummingbird;	selasphorus;	rufus;	rufous hummingbird
John Swinney;	"";	"";	john swinney
Pancor Jackhammer;	"";	"";	pancor jackhammer mk3a2
X3D;	"";	"";	x3d — extensible 3d graphics
Steve Meretzky;	"";	"";	steve meretzky
Lissamphibia;	"";	"";	lissamphibians
Some Time in New York City;	"";	"";	some time in new york city
Adams–Onís Treaty;	"";	"";	adams–onís treaty
Amniote;	"";	"";	amniotes
Lens, Pas-de-Calais;	"";	"";	lens
Salam Pax;	"";	"";	salam pax
Guy Green (judge);	"";	"";	guy green
Vimy;	"";	"";	vimy
Simeon Saxe-Coburg-Gotha;	"";	"";	simeon saxe-coburg-gotha
Iñaki Urdangarin;	"";	"";	iñaki urdangarin
Aberdeen F.C.;	"";	"";	[[nicky devlin]]
Eiffel 65;	"";	"";	eiffel 65
Mystique (character);	"";	[[mutant (marvel comics);	""
Minnesota Lynx;	"";	"";	minnesota lynx
Crispus;	"";	"";	crispus
Detroit Shock;	"";	"";	detroit shock
Arne Carlson;	"";	"";	arne carlson
Tim Pawlenty;	"";	"";	tim pawlenty
Al Quie;	"";	"";	al quie
Paris, Texas (film);	"";	"";	paris, texas
More Joy in Heaven;	"";	"";	more joy in heaven
Northern bald ibis;	geronticus;	eremita;	northern bald ibis
Electric Ladyland;	"";	"";	electric ladyland
Bild;	"";	"";	bild
Charles Fourier;	"";	"";	""
Euronews;	"";	"";	euronews
Forklift;	"";	"";	forklift
Manuel Andrack;	"";	"";	manuel andrack
AspectJ;	"";	"";	aspectj
Zonophone;	"";	"";	universal talking machine company
Adenocarcinoma;	"";	"";	adenocarcinoma
Feijoa sellowiana;	feijoa;	sellowiana;	feijoa, raw
Albert Bandura;	"";	"";	albert bandura
Emile Berliner;	"";	"";	emile berliner
Bruce Almighty;	"";	"";	bruce almighty
Tony Lovato;	"";	"";	tony lovato
Paul Stookey;	"";	"";	noel paul stookey
Lumbricals of the hand;	"";	"";	lumbricals of the hand
Black Patti Records;	"";	"";	black patti records
Adelina Patti;	"";	"";	adelina patti
Romeo Records;	"";	"";	romeo records
Herwin Records;	"";	"";	herwin records
Aortic valve;	"";	"";	aortic valve
Mitral valve;	"";	"";	mitral valve
Tricuspid valve;	"";	"";	tricuspid valve
Heart murmur;	"";	"";	""
Gloria Foster;	"";	"";	gloria foster}}
Flexor digitorum profundus muscle;	"";	"";	flexor digitorum profundus muscle
Joe Dassin;	"";	"";	joe dassin
Gigi Fernández;	"";	"";	gigi fernández
Ransom Everglades School;	"";	"";	ransom everglades school
Thenar eminence;	"";	"";	thenar eminence
Sid Meier's Colonization;	"";	"";	''colonization''}}
Flexor digitorum superficialis muscle;	"";	"";	flexor digitorum superficialis
Massachusetts Bay;	"";	"";	massachusetts bay
Coracoid process;	"";	"";	coracoid process
Appius Claudius Caecus;	"";	"";	appius claudius caecus
Seti I;	"";	"";	seti i
Pocahontas;	"";	"";	pocahontas
Shikantaza;	"";	"";	tss
Australian white ibis;	threskiornis;	molucca;	""
Hollywood Bowl;	"";	"";	hollywood bowl
Megawati Sukarnoputri;	"";	"";	megawati sukarnoputri
Balaenicipitidae;	"";	"";	balaenicipitidae
James Carville;	"";	"";	james carville
Heron;	"";	"";	herons
Mind Games (John Lennon album);	"";	"";	mind games
Hepatocellular carcinoma;	"";	"";	hepatocellular carcinoma
Yip Harburg;	"";	"";	yip harburg
Adams George Archibald;	"";	"";	adams george archibald
Alexander Campbell (Canadian senator);	"";	"";	sir alexander campbell
Anatomical snuffbox;	"";	"";	anatomical snuffbox
Jean-Charles Chapais;	"";	"";	jean-charles chapais
George Brown (Canadian politician);	"";	"";	george brown
National Institute of Neurological Disorders and Stroke;	"";	"";	national institute of neurological disorders and stroke
Forearm;	"";	"";	forearm
Myotomy;	"";	"";	myotomy
Cheb;	"";	"";	cheb
Maurice de Guérin;	"";	"";	maurice de guérin
Owlet-nightjar;	"";	"";	owlet-nightjars
Louis Blanc;	"";	"";	louis blanc
Shpongle;	"";	"";	shpongle
Carlo Andrea Pozzo di Borgo;	"";	"";	carlo andrea pozzo di borgo
Amor De Cosmos;	"";	"";	amor de cosmos
Thomas Douglas, 5th Earl of Selkirk;	"";	"";	the earl of selkirk
Saccharomyces cerevisiae;	saccharomyces;	cerevisiae;	""
Alexander Tilloch Galt;	"";	"";	sir alexander tilloch galt
William Alexander Henry;	"";	"";	william alexander henry
Mendoza Province;	"";	"";	province of mendoza
Archie Cochrane;	"";	"";	archibald cochrane
Divine Intervention (Slayer album);	"";	"";	divine intervention
Cochrane (organisation);	"";	"";	cochrane
File:Slayer-DivineIntervention.jpg;	"";	"";	divine intervention
Gilbert Elliot-Murray-Kynynmound, 1st Earl of Minto;	"";	"";	the earl of minto
Elijah Impey;	"";	"";	sir elijah impey
Anya Gallaccio;	"";	"";	anya gallaccio
Gilbert Elliot-Murray-Kynynmound, 4th Earl of Minto;	"";	"";	the earl of minto
Lucius Calpurnius Piso Caesoninus (consul 58 BC);	"";	"";	lucius calpurnius piso caesoninus
Publius Clodius Pulcher;	"";	"";	publius clodius pulcher
North American Soccer League (1968–1984);	"";	"";	north american soccer league
Baillie Scott;	"";	"";	baillie scott
Charlevoix;	"";	"";	charlevoix
White stork;	ciconia;	ciconia;	""
Big Creek, Belize;	"";	"";	big creek
Clayoquot Sound;	"";	"";	clayoquot sound
Les Misérables (musical);	"";	"";	les misérables
Black stork;	ciconia;	nigra;	""
Baltzar von Platen (1766–1829);	"";	"";	count baltzar von platen
Baltzar von Platen (inventor);	"";	"";	von platen, baltzar (1898 - 1984)}}
Orville Freeman;	"";	"";	orville freeman
Harold Stassen;	"";	"";	harold stassen
Norm Coleman;	"";	"";	norm coleman
Eric Rudolph;	"";	"";	eric rudolph
David Lodge (author);	"";	"";	david lodge
FBI Ten Most Wanted Fugitives;	"";	"";	fbi most wanted}}
William Alexander Smith (politician);	"";	"";	william alexander smith
Leopold von Ranke;	"";	"";	leopold von ranke
Acipenseriformes;	"";	"";	acipenseriformes
Paddlefish;	"";	"";	paddlefishes
Big Bill Broonzy;	"";	"";	big bill broonzy
WildStorm;	"";	"";	wildstorm
Gangrene;	"";	"";	gangrene
George Caleb Bingham;	"";	"";	george caleb bingham
Pamela Stephenson;	"";	"";	pamela stephenson
Griff Rhys Jones;	"";	"";	griff rhys jones
Chris Langham;	"";	"";	chris langham
Stay on These Roads;	"";	"";	stay on these roads
Samart Payakaroon;	"";	"";	samart payakaroon
Augsburg University;	"";	"";	augsburg university
The Rescuers Down Under;	"";	"";	the rescuers down under
Snowshoe hare;	lepus;	americanus;	snowshoe hare<ref name=msw3>{{msw3 hoffmann
ThrustSSC;	"";	"";	thrust ssc
Lake Nyos;	"";	"";	lake nyos
Pluto Saves the Ship;	"";	"";	pluto saves the ship
Anne Shirley;	"";	"";	anne shirley
Ingria;	"";	"";	ingria
Votic language;	"";	"";	votic
Regaining Unconsciousness;	"";	"";	regaining unconsciousness
Lar Gand;	"";	[[daxamite]];	""
Middle Chinese;	"";	"";	middle chinese
Potassium bicarbonate;	"";	"";	potassium bicarbonate
Leonard Woolf;	"";	"";	leonard woolf
Spotted dick;	"";	"";	spotted dick
Potassium carbonate;	"";	"";	""
Disseminated intravascular coagulation;	"";	"";	disseminated intravascular coagulation
J. L. Austin;	"";	"";	j. l. austin
Neutrophilia;	"";	"";	neutrophilia
Patrick Ewing;	"";	"";	patrick ewing
Japanese sea lion;	zalophus;	japonicus;	japanese sea lion
Horace Silver;	"";	"";	horace silver
Angela Morley;	"";	"";	angela morley}}
Grey heron;	ardea;	cinerea;	""
Purple heron;	ardea;	purpurea;	ardea purpurea}}
Biltong;	"";	"";	biltong
Wu Zhihui;	"";	"";	wu zhihui
Nautical chart;	"";	"";	"\"reading charts (april 6, 1999)\"}}"
Jorge Camacho (writer);	"";	no;	jorge camacho}}
Brachiocephalic artery;	"";	"";	brachiocephalic artery.
Gundelfingen;	"";	"";	gundelfingen
Antiphospholipid syndrome;	"";	"";	antiphospholipid syndrome
Charales;	"";	"";	stoneworts
Frank Ramsey (mathematician);	"";	"";	frank p. ramsey
Jan Gruter;	"";	"";	gruter, janus}}
Factor V Leiden;	"";	"";	factor v leiden thrombophilia
John Hunt Morgan;	"";	"";	john h. morgan
Daniel Morgan;	"";	"";	daniel morgan
Francesco Domenico Guerrazzi;	"";	"";	francesco domenico guerrazzi}}
Helen Frankenthaler;	"";	"";	helen frankenthaler
DotGNU;	"";	"";	""
Westinghouse Electric Corporation;	"";	"";	westinghouse electric corporation
Westinghouse Electric Company;	"";	"";	westinghouse electric company llc
David Hockney;	"";	"";	david hockney
Tarring and feathering;	"";	"";	katz, frederick carl (1877–1960)
Mousebird;	"";	"";	mousebirds
Kevin Whately;	"";	"";	kevin whately
Schlossberg (Graz);	"";	"";	schlossberg
Audrey McLaughlin;	"";	"";	audrey mclaughlin
Short-finned eel;	anguilla;	australis;	short-finned eel
Thrust2;	"";	"";	thrust2
John Singleton Copley;	"";	"";	john singleton copley
Business Operating System (software);	"";	"";	business operating system
Flowers and Trees;	"";	"";	flowers and trees
Bill Kerr;	"";	"";	bill kerr
The Bran Flakes;	"";	"";	the bran flakes
Cap Tourmente National Wildlife Area;	"";	"";	cap tourmente national wildlife area
Rana, Norway;	"";	"";	rana
Fake Songs;	"";	"";	fake songs
Doolittle (album);	"";	"";	doolittle
Surfer Rosa;	"";	"";	surfer rosa
Great egret;	ardea;	alba;	ardea alba}}
Celebrity Skin;	"";	"";	celebrity skin
Liam Lynch (musician);	"";	"";	liam lynch
Lily of the valley;	"";	"";	lily of the valley
Mudhoney;	"";	"";	mudhoney
Chaumes;	"";	"";	chaumes
United World Colleges;	"";	"";	uwc (united world colleges)
Eduardo Parra Pizarro;	"";	"";	eduardo parra pizarro
Juanita Parra;	"";	"";	juanita parra
Claudio Parra;	"";	"";	claudio parra
William Henry Pope (Canadian politician);	"";	"";	william henry pope
Barnett Newman;	"";	"";	barnett newman
Senedd;	"";	"";	{{lang
PIAT;	"";	"";	projector, infantry, anti tank
Tillie's Punctured Romance (1914 film);	"";	"";	tillie's punctured romance
Ambrose Shea;	"";	"";	sir ambrose shea
James Montgomery Flagg;	"";	"";	james montgomery flagg
Étienne-Paschal Taché;	"";	"";	sir étienne-paschal taché
Samuel Leonard Tilley;	"";	"";	samuel leonard tilley
Bazooka;	"";	"";	bazooka
Lead(II) nitrate;	"";	"";	""
Domrémy-la-Pucelle;	"";	"";	domrémy-la-pucelle
Bartholomew Roberts;	"";	"";	bartholomew roberts
Symphysodon discus;	symphysodon;	discus;	""
Kip Thorne;	"";	"";	kip thorne
London Company;	"";	"";	virginia company of london
Arsine;	"";	"";	arsine
The Universe in a Nutshell;	"";	"";	the universe in a nutshell
Lonesome Dove;	"";	"";	lonesome dove
Stefan Dragutin;	"";	"";	stefan dragutin<br>{{small
Stefan Radoslav;	"";	"";	stefan radoslav<br><small>стефан радослав</small>
Sadyattes;	"";	"";	}}
Metropolitan State University;	"";	"";	metropolitan state university
Ilya Prigogine;	"";	"";	ilya prigogine
Mobile Suit Gundam 0083: Stardust Memory;	"";	"";	mobile suit gundam 0083:<br>stardust memory
Prince Henry, Duke of Cumberland and Strathearn;	"";	"";	prince henry
A/UX;	"";	"";	a/ux
Common raccoon dog;	nyctereutes;	procyonoides;	common raccoon dog
Mount Whitney;	"";	"";	mount whitney
Bullhead (album);	"";	"";	bullhead
Every Good Boy Deserves Fudge;	"";	"";	every good boy deserves fudge
Freddie Frinton;	"";	"";	freddie frinton
Dinner for One;	"";	"";	''dinner for one''
Foodtown;	"";	"";	foodtown
Arch Enemy;	"";	"";	arch enemy
Mentors (band);	"";	"";	mentors
Conflict (band);	"";	"";	conflict
Sona (constructed language);	"";	"";	sona
Ozone Park, Queens;	"";	"";	ozone park
Fibrinogen;	"";	"";	fibrinogen alpha/beta chain family
List of presidents of Chile;	"";	"";	vice
Lake Itasca;	"";	"";	lake itasca
Lake of the Woods;	"";	"";	lake of the woods
Dinosaur Jr.;	"";	"";	dinosaur jr.
Operation: Mindcrime;	"";	"";	operation: mindcrime
IQ (band);	"";	"";	iq
Vivid (Living Colour album);	"";	"";	vivid
Violator (album);	"";	"";	violator
Sputum;	"";	"";	abnormal sputum
Loebner Prize;	"";	"";	new official web site
Machine Head (album);	"";	"";	machine head
Silvertone (album);	"";	"";	silvertone
Lita Ford;	"";	no;	lita ford
Eosinophil;	"";	"";	eosinophil
Lita (album);	"";	"";	lita
Goo Goo Dolls;	"";	no;	goo goo dolls
The Lemonheads;	"";	"";	the lemonheads
Collective Soul;	"";	no}};	collective soul
Lhasa;	"";	"";	lhasa
Visakhapatnam;	"";	"";	visakhapatnam
Nannayya;	"";	"";	nannayya
Tikkana;	"";	"";	tikkana somayji
Yerrapragada;	"";	"";	yerrapragada <br> yerrana
Anton LaVey;	"";	"";	anton szandor lavey
Michael Praed;	"";	"";	michael praed
ThinkPad;	"";	"";	thinkpad
Judy Davis;	"";	"";	judy davis}}
Gigantism;	"";	"";	gigantism
Barbara of Portugal;	"";	"";	barbara of portugal
Anna Anderson;	"";	"";	anna anderson
Air Force One (film);	"";	"";	air force one
Monocytosis;	"";	"";	monocytosis
Amélie Mauresmo;	"";	"";	amélie mauresmo
Shimer Great Books School;	"";	no;	shimer great books school
Trifid Nebula;	"";	"";	trifid nebula
Billy Conn;	"";	"";	billy conn
D.O.A. (1950 film);	"";	"";	d.o.a.
Lymphocytosis;	"";	"";	lymphocytosis
Rocket Power;	"";	"";	{{plainlist
Göppingen (district);	"";	"";	göppingen
Desmidiales;	"";	"";	desmids
Glasgow University Scottish Nationalist Association;	"";	"";	glasgow university <br /> scottish nationalist association
Lake Saint Francis (Canada);	"";	"";	lake saint francis
Semmering railway;	"";	"";	semmeringbahn
Blues Brothers 2000;	"";	"";	blues brothers 2000
SNP Students;	"";	"";	snp students
Salem, Tamil Nadu;	"";	"";	salem
Carl Graebe;	"";	"";	carl graebe
Sailing the Seas of Cheese;	"";	"";	sailing the seas of cheese
The Joshua Tree;	"";	"";	the joshua tree
Skip Humphrey;	"";	"";	skip humphrey
Indigo Girls (album);	"";	"";	indigo girls
Pyromania (album);	"";	"";	pyromania
Honey locust;	gleditsia;	triacanthos;	""
The Real Thing (Faith No More album);	"";	"";	the real thing
Love Park;	"";	"";	john f. kennedy plaza
BMW in Formula One;	"";	"";	bmw
Ray Fosse;	"";	"";	ray fosse
The Practice Effect;	"";	"";	the practice effect
To Catch a Thief;	"";	"";	to catch a thief
Apolo Ohno;	"";	no}};	apolo anton ohno
I Do Not Want What I Haven't Got;	"";	"";	i do not want what i haven't got
Ich Troje;	"";	"";	ich troje
Superstar Car Wash;	"";	"";	superstar car wash
Cat Scratch Fever;	"";	"";	cat scratch fever
Nose piercing;	"";	"";	nose piercing
Dweezil Zappa;	"";	"";	dweezil zappa
Confessions (Usher album);	"";	"";	confessions
Construction;	"";	"";	ceng
FUBU;	"";	"";	fubu
Havin' a Bad Day;	"";	"";	havin' a bad day
Stanford–Binet Intelligence Scales;	"";	"";	stanford–binet intelligence scales
Automatic (Dweezil Zappa album);	"";	"";	automatic
Shampoohorn;	"";	"";	shampoohorn
Junior Eurovision Song Contest 2003;	"";	"";	junior eurovision song contest
Mojave Desert;	"";	"";	mojave desert<br />{{small
Geoffrey de Havilland;	"";	"";	geoffrey de havilland
Airwaves (Badfinger album);	"";	"";	airwaves
Bergamo;	"";	"";	bergamo
Plumber;	"";	"";	plumber
Welder;	"";	"";	welder
Amarcord;	"";	"";	amarcord
Abrus;	"";	"";	''abrus''
Abrus precatorius;	abrus;	precatorius;	""
Privet;	"";	"";	privet
William Jones (mathematician);	"";	"";	william jones
Poldark;	"";	"";	poldark
Isaac Watts;	"";	"";	isaac watts
Maria Antonietta Beluzzi;	"";	"";	maria antonietta beluzzi
Gaius Memmius (praetor 58 BC);	"";	"";	c. memmius (8)}}
Humphrey Gilbert;	"";	"";	humphrey gilbert
The British Museum is Falling Down;	"";	"";	the british museum is falling down
Tommy Bolin;	"";	"";	tommy bolin
Lefkada;	"";	"";	lefkada
Provinces of Cuba;	"";	"";	administrative divisions of cuba
Manor, Georgia;	"";	"";	manor, georgia
Tribhuvan of Nepal;	"";	"";	tribhuvan bir bikram shah
University of Waikato;	"";	"";	university of waikato
Madge Oberholtzer;	"";	"";	madge oberholtzer
William Boog Leishman;	"";	"";	william boog leishman
University of Nevada, Las Vegas;	"";	"";	university of nevada, las vegas
David Bisbal;	"";	"";	david bisbal
Lester R. Ford;	"";	"";	lester randolph ford sr.
D. R. Fulkerson;	"";	"";	delbert ray fulkerson
D. C. Stephenson;	"";	"";	d. c. stephenson
Miss Saigon;	"";	"";	miss saigon
Fernie Alpine Resort;	"";	"";	fernie alpine resort
The History of The Lord of the Rings;	"";	"";	the history of the lord of the rings
Devonport, Tasmania;	"";	no;	devonport
University of Nevada, Reno;	"";	"";	university of nevada, reno
Killer Instinct (1994 video game);	"";	"";	killer instinct}}
John Wallis;	"";	"";	john wallis
Social Democratic Party of Switzerland;	"";	"";	social democratic party of switzerland
Luisito Vigoreaux;	"";	"";	luisito vigoreaux
Florida State University;	"";	"";	florida state university
Bajirao I;	"";	"";	""
Ignatius L. Donnelly;	"";	"";	donnelly, ignatius
Wake Forest University;	"";	"";	wake forest university
European Patent Office;	"";	"";	european patent office
Extensor carpi radialis longus muscle;	"";	"";	extensor carpi radialis longus
Extensor carpi radialis brevis muscle;	"";	"";	extensor carpi radialis brevis
Extensor carpi ulnaris muscle;	"";	"";	extensor carpi ulnaris
Sorbon;	"";	"";	sorbon
David Chaum;	"";	"";	david chaum
Marcel Camus;	"";	"";	marcel camus
Flexor carpi radialis muscle;	"";	"";	flexor carpi. radialis muscle
Joseph Stannard;	"";	"";	joseph stannard
Bodenseekreis;	"";	"";	bodensee
Karl Ritter von Ghega;	"";	"";	carl ritter von ghega
Otto Bütschli;	"";	"";	otto bütschli
BibTeX;	"";	"";	bibtex
V6 PRV engine;	"";	"";	prv engine
Arctic tern;	sterna;	paradisaea;	""
Tony Woodley, Baron Woodley;	"";	"";	the lord woodley
Vladimir K. Zworykin;	"";	"";	vladimir k. zworykin
Robinson College, Cambridge;	"";	"";	robinson college
Suzi Quatro;	"";	"";	chapman's dreamland records}}</ref>
The History Man;	"";	"";	the history man
Keith Sweat;	"";	"";	keith sweat
George Reid;	"";	"";	antisoc
Wels;	"";	"";	wels
Alfred Hugenberg;	"";	"";	alfred hugenberg
Micheline Calmy-Rey;	"";	"";	micheline calmy-rey
Old Firm;	"";	"";	old firm
Siege of Yorktown (1862);	"";	"";	dam no. one battlefield site
Morocco in the Eurovision Song Contest;	"";	"";	morocco
Minnesota Muskies;	"";	"";	minnesota muskies
Albert Meyer (politician);	"";	"";	albert meyer
Lindau;	"";	"";	lindau
American Anthropological Association;	"";	"";	american anthropological&nbsp;association
Blackrock, Dublin;	"";	"";	blackrock
MP 40;	"";	"";	maschinenpistole 40
MG 34;	"";	"";	maschinengewehr 34
Mollerussa;	"";	"";	mollerussa
Independent Labour Party;	"";	"";	independent labour party
Topaz (1969 film);	"";	"";	topaz
Convair F-102 Delta Dagger;	"";	"";	f-102 delta dagger
Alex English;	"";	"";	alex english
Andrew Toney;	"";	"";	andrew toney
MG 42;	"";	"";	mg 42
Communist International;	"";	"";	communist international
The Order (white supremacist group);	"";	"";	the order
Chaiyaphum province;	"";	"";	chaiyaphum
List of defunct National Football League franchises;	"";	"";	a}}
Cyril Lucaris;	"";	"";	cyril i lucaris
Dallas Texans (NFL);	"";	"";	dallas texans
Shaolin kung fu;	"";	"";	shaolin kung fu
Finding Nemo;	"";	"";	finding nemo
The Birdcage;	"";	"";	the birdcage
Paul Gilbert;	"";	"";	paul gilbert
The Raelettes;	"";	"";	ray charles & the raelettes
Guy Carleton, 1st Baron Dorchester;	"";	"";	the lord dorchester
Clair Cameron Patterson;	"";	"";	clair cameron patterson
List of patriarchs of Antioch;	"";	"";	maximus ii
Roding Valley tube station;	"";	"";	roding valley
Fort Western;	"";	"";	fort western
Iago;	"";	"";	iago
Flavian II of Antioch;	"";	"";	st. flavian ii
Germanus I of Constantinople;	"";	"";	germanus i of constantinople
Diane Ladd;	"";	"";	diane ladd
Anatolius of Constantinople;	"";	"";	anatolius
Sulla;	"";	"";	sulla
Femoral artery;	"";	"";	femoral artery
Femoral triangle;	"";	"";	femoral triangle
London City Airport;	"";	"";	london city airport
Deep femoral artery;	"";	"";	deep femoral artery
Pat Kenny;	"";	"";	pat kenny
Great saphenous vein;	"";	"";	great saphenous vein
Kirby (character);	"";	"";	kirby
Boston Yanks;	"";	"";	boston yanks
Buffalo team (NFL);	"";	"";	buffalo
Jean O'Hara;	"";	"";	<!-- use common name/article title -->
Minneapolis Marines/Red Jackets;	"";	"";	minneapolis marines / red jackets
Detroit (1920s NFL teams);	"";	"";	detroit (1920s nfl teams era)
Washington Senators (NFL);	"";	"";	washington senators
Acacius of Constantinople;	"";	"";	st acacius
Pottsville Maroons;	"";	"";	pottsville maroons<br />boston bulldogs
Orange/Newark Tornadoes;	"";	"";	orange-newark tornadoes
Duluth Eskimos;	"";	"";	duluth eskimos
Menas of Constantinople;	"";	"";	menas of constantinople
Chicago Tigers;	"";	"";	chicago tigers
Cincinnati Celts;	"";	"";	cincinnati celts
Cincinnati Reds (NFL);	"";	"";	cincinnati reds
St. Louis Gunners;	"";	"";	st. louis gunners
Cleveland Tigers (NFL);	"";	"";	cleveland tigers/indians
Cleveland Indians (NFL 1931);	"";	"";	cleveland indians (1931)
Karel Doorman;	"";	"";	karel doorman
Columbus Panhandles;	"";	"";	columbus panhandles
Dayton Triangles;	"";	"";	dayton triangles
John Scholasticus;	"";	"";	""
Evansville Crimson Giants;	"";	"";	evansville crimson giants
Los Angeles Buccaneers;	"";	"";	los angeles buccaneers
Muncie Flyers;	"";	"";	muncie flyers
Louisville (NFL);	"";	"";	louisville breckenridges / colonels
New York Yankees (NFL);	"";	"";	new york yankees
Berenstain Bears;	"";	"";	berenstain bears
Hartford Blues;	"";	"";	hartford blues
Oorang Indians;	"";	"";	oorang indians
Hammond Pros;	"";	"";	hammond pros
Kenosha Maroons;	"";	"";	kenosha maroons
Milwaukee Badgers;	"";	"";	milwaukee badgers
Racine Legion;	"";	"";	racine legion/tornadoes
Rochester Jeffersons;	"";	"";	rochester jeffersons
Tonawanda Kardex Lumbermen;	"";	"";	tonawanda lumbermen <br> (tonawanda kardex)
Rock Island Independents;	"";	"";	rock island independents
Staten Island Stapletons;	"";	"";	staten island stapletons
St. Louis All-Stars;	"";	"";	st. louis all-stars
Toledo Maroons;	"";	"";	toledo maroons
Marc Warren;	"";	"";	marc warren
The Forme of Cury;	"";	"";	''the forme of cury''
Leo Carrillo;	"";	"";	leo carrillo
Count von Count;	"";	muppet vampire;	the count
World English Bible;	"";	"";	world english bible
Pope John XIX;	"";	"";	john xix
Boston College;	"";	"";	boston college
Tervel of Bulgaria;	"";	"";	tervel
Common tern;	sterna;	hirundo;	""
University of Connecticut;	"";	"";	university of connecticut
Macaque;	[[macaca]];	"";	macaques<ref name=msw3>{{msw3 groves
University of Pittsburgh;	"";	"";	university of pittsburgh
Anthimus I of Constantinople;	"";	"";	""
Cleft lip and cleft palate;	"";	"";	cleft lip and palate
Virginia Tech;	"";	"";	virginia polytechnic institute<br>and state university
Jacques Toubon;	"";	"";	jacques toubon
Viļāni;	"";	"";	viļāni
Amelia Vega;	"";	"";	amelia vega
Providence College;	"";	"";	providence college
Coconut oil;	"";	"";	coconut oil
Birthe Wilke;	"";	"";	birthe wilke
Franco Nero;	"";	"";	franco nero
Volvo 66;	"";	"";	volvo 66
Volvo Amazon;	"";	"";	volvo amazon
Temple University;	"";	"";	temple university
Volvo Duett;	"";	"";	volvo duett
Böblingen (district);	"";	"";	böblingen
Ludovico Sforza;	"";	"";	ludovico sforza
Samuel Schmid;	"";	"";	samuel schmid
Ex Cathedra;	"";	"";	ex cathedra
F Sharp (programming language);	"";	"";	f#
Maximilian Sforza;	"";	"";	massimiliano sforza
WASTE;	"";	"";	waste
Battle of Fornovo;	"";	"";	france}}
Progestogen (medication);	"";	"";	17a
Grace Chisholm Young;	"";	"";	grace chisholm young
Peter Gustav Lejeune Dirichlet;	"";	"";	peter gustav lejeune dirichlet
Kangaroo rat;	"";	"";	kangaroo rats
Montreal Maroons;	"";	"";	coach
Lonicera morrowii;	lonicera;	morrowii;	morrow's honeysuckle
Tampere University of Technology;	"";	"";	tampere university of technology
Stephen Covey;	"";	no}};	stephen covey
Peter Drucker;	"";	no}};	peter drucker
Joseph Deiss;	"";	"";	joseph deiss
Adidas;	"";	"";	adidas ag
Gustave Ador;	"";	"";	gustave ador
Darlinghurst;	"";	"";	darlinghurst
Wharton School;	"";	"";	wharton school of the university of pennsylvania
Master Roshi;	"";	"";	master roshi
Tongmenghui;	"";	"";	tongmenghui of china
Charles Carroll of Carrollton;	"";	"";	charles carroll
Spencer Abraham;	"";	"";	spencer abraham
Gay Byrne;	"";	"";	gay byrne
Piacenza;	"";	"";	piacenza
Lawrence Klein;	"";	"";	lawrence klein
Photokeratitis;	"";	"";	photokeratitis
Wharton Econometric Forecasting Associates;	"";	"";	wharton econometric forecasting associates
Oi Polloi;	"";	"";	oi polloi
Henry Dearborn;	"";	"";	henry dearborn
Shar;	"";	"";	shar
Chrysalis Records;	"";	"";	chrysalis records
Sten;	"";	"";	sten submachine gun
.hack//Sign;	"";	"";	.hack//sign
StG 44;	"";	"";	sturmgewehr 44
Lakeside School (Seattle);	"";	"";	lakeside school
Mongol Empire;	"";	"";	emperor
The 7 Habits of Highly Effective People;	"";	"";	the 7 habits of highly effective people.
Valley Forge, Pennsylvania;	"";	"";	valley forge, pennsylvania
List of political parties in Israel;	"";	"";	nationalcamp
Phetchabun province;	"";	"";	phetchabun
Ride with the Devil (film);	"";	"";	ride with the devil
Ronald Ross;	"";	"";	ronald ross
Charles Louis Alphonse Laveran;	"";	"";	charles louis alphonse laveran
Karabiner 98k;	"";	"";	karabiner 98k
Allvar Gullstrand;	"";	"";	allvar gullstrand
Charlotte Sting;	"";	"";	charlotte sting
Washington Mystics;	"";	"";	washington mystics
San Antonio Stars;	"";	"";	san antonio stars
Seattle Storm;	"";	"";	seattle storm
Indiana Fever;	"";	"";	indiana fever
Robert Bárány;	"";	"";	robert bárány
Unilever;	"";	"";	unilever plc
Miami Sol;	"";	"";	miami sol
Portland Fire;	"";	"";	portland fire
MG 30;	"";	"";	mg 30
Data Resources;	"";	"";	data resources
Hubert Ashton Holden;	"";	"";	holden, hubert ashton}}</ref> he was ll.d. in 1863.{{sfn
Global Insight;	"";	"";	global insight
Arthur Goldberger;	"";	"";	arthur s. goldberger
Anthony Michael Hall;	"";	"";	anthony michael hall
Amboise;	"";	"";	amboise
Baltimore Stallions;	"";	"";	baltimore stallions
Birmingham Barracudas;	"";	"";	birmingham barracudas
Las Vegas Posse;	"";	"";	las vegas posse
Ottawa Renegades;	"";	"";	ottawa renegades
Memphis Mad Dogs;	"";	"";	memphis mad dogs
Mobile Suit Gundam ZZ;	"";	"";	mobile suit gundam ζζ
San Antonio Texans;	"";	"";	san antonio texans
Sacramento Gold Miners;	"";	"";	sacramento gold miners
Shreveport Pirates;	"";	"";	shreveport pirates
Ottawa Rough Riders;	"";	"";	ottawa rough riders
BC Lions;	"";	"";	bc lions
The Turn of the Screw;	"";	"";	the turn of the screw
Common warthog;	"";	"";	common warthog
John Hannah (actor);	"";	"";	john hannah
Lucía Méndez;	"";	"";	lucía méndez
Illinois Jacquet;	"";	"";	illinois jacquet
Roy Romanow;	"";	"";	roy romanow
Interiors;	"";	"";	interiors
Sally Field;	"";	"";	sally field
Starting Over (1979 film);	"";	"";	starting over
Chapter Two (play);	"";	"";	chapter two
The Rose (film);	"";	"";	the rose
Resurrection (1980 film);	"";	"";	resurrection
Private Benjamin (1980 film);	"";	"";	private benjamin
Gloria (1980 film);	"";	"";	gloria
Devonport, New Zealand;	"";	"";	devonport
Only When I Laugh (film);	"";	"";	only when i laugh
Renault in Formula One;	"";	"";	renault
The French Lieutenant's Woman;	"";	"";	the french lieutenant's woman
Pacific Coast Ranges;	"";	"";	pacific coast ranges
Fernando Alonso;	"";	"";	fernando alonso
Palawan;	"";	"";	palawan
Romblon;	"";	"";	romblon
Emil Frey;	"";	"";	emil frey
Myllokunmingia;	myllokunmingia;	fengjiaoa;	""
Savannah River;	"";	"";	savannah river
Eugène Borel;	"";	"";	eugène borel
Stefano Franscini;	"";	"";	stefano franscini
Invasion of the Waikato;	"";	"";	united kingdom}}: [[colony of new zealand]]
Provinces of Argentina;	"";	"";	provinces and an autonomous city of argentina
Alaska Highway;	"";	"";	alaska highway
Klaus Nomi;	"";	"";	klaus nomi
1964 Alaska earthquake;	"";	"";	time
Snow bunting;	plectrophenax;	nivalis;	""
Spinal nerve;	"";	"";	spinal nerve
Marinduque;	"";	"";	marinduque
Mindoro;	"";	"";	mindoro
Battle of Britain (film);	"";	"";	battle of britain
Gekiganger III;	"";	"";	gekiganger iii
Cauda equina;	"";	"";	cauda equina
Fibularis longus;	"";	"";	fibularis longus
Duiker;	"";	"";	duikers
Hans-Peter Tschudi;	"";	"";	hans-peter tschudi
Carl Spitzweg;	"";	"";	carl spitzweg
Albert Szent-Györgyi;	"";	"";	albert szent-györgyi
Robert Blake (admiral);	"";	"";	robert blake
Robert Blake (actor);	"";	"";	robert blake
Delusional parasitosis;	"";	"";	delusional parasitosis
United Pentecostal Church International;	"";	"";	united pentecostal church international
James Maxton;	"";	"";	james maxton
List of political parties in the United Kingdom;	"";	"";	absent
Allaire (surname);	"";	"";	allaire
Strays (Jane's Addiction album);	"";	"";	strays
James Inglis Hamilton;	"";	"";	james inglis hamilton
James Hamilton (British Army officer, born 1777);	"";	"";	james inglis hamilton
Play (Swedish group);	"";	"";	play
Taunton;	"";	"";	james purefoy}}</ref>
Jürgen Möllemann;	"";	"";	jürgen möllemann
Willi Ritschard;	"";	"";	willi ritschard
Jason Newsted;	"";	"";	jason newsted
Grazing antelope;	"";	"";	grazing antelopes
Ruth Metzler;	"";	"";	ruth metzler
Old Oswestry;	"";	"";	old oswestry hill fort
Guan Yu;	"";	"";	guan yu
Xiahou Dun;	"";	"";	xiahou dun
Violent (song);	"";	"";	violent
William Ware Theiss;	"";	"";	william ware theiss
Nato.0+55+3d;	"";	"";	nato.0+55+3d
Tangerine;	citrus;	tangerina;	tangerine
Cham (district);	"";	"";	cham
Ciprian Porumbescu;	"";	"";	ciprian porumbescu
Lita (wrestler);	"";	"";	lita
Tic Tac;	"";	"";	tic tac
Riddick Bowe;	"";	"";	riddick bowe
R. Daneel Olivaw;	"";	robot;	r. daneel olivaw
Pilosella aurantiaca;	pilosella;	aurantiaca;	""
Coruscant;	"";	"";	coruscant
Ralph Wiggum;	"";	"";	ralph wiggum
Indicator function;	"";	"";	χαρακτήρ
Konstanz (district);	"";	"";	konstanz
Eastern copperhead;	agkistrodon;	contortrix;	""
Justine Henin;	"";	"";	justine henin
Harburg, Hamburg;	"";	"";	harburg
Christiaan Eijkman;	"";	"";	christiaan eijkman
Restless legs syndrome;	"";	"";	restless legs syndrome
Kylin (operating system);	"";	"";	kylin
Otto Heinrich Warburg;	"";	"";	otto heinrich warburg
Nicholas Ferrar;	"";	"";	nicholas ferrar
Bobbejaanland;	"";	"";	bobbejaanland
South China Sea Islands;	"";	"";	south china sea islands<br><small>south china sea oceanic islands</small>
Henry Hallett Dale;	"";	"";	henry dale
Hermann Joseph Muller;	"";	"";	hermann joseph muller
Bren light machine gun;	"";	"";	bren
Transvaal (province);	"";	"";	province of the transvaal
Lewis gun;	"";	"";	lewis gun
Hans Scholl;	"";	"";	hans scholl
Sophie Scholl;	"";	"";	sophie scholl
Kurt Huber;	"";	"";	kurt huber
Big Sur;	"";	"";	big sur, california
Axillary nerve;	"";	"";	axillary nerve
World War II casualties;	"";	"";	bulgaria}}'''{{ref
Austrelaps;	austrelaps}};	"";	""
Daddy Day Care;	"";	"";	daddy day care
Mongkut;	"";	"";	mongkut<br />{{small
Neuschwanstein Castle;	"";	"";	neuschwanstein castle
Ulnar nerve;	"";	"";	ulnar nerve
Blue shark;	prionace;	glauca;	blue shark, prionace glauca}}
Chicken Ranch (Nevada);	"";	"";	""
.hack (video game series);	"";	"";	.hack//game music perfect collection
J. L. Mackie;	"";	"";	j.&nbsp;l. mackie
LeBron James;	"";	"";	goat debate}} james is the [[list of national basketball association career scoring leaders
Jerry Stiller;	"";	"";	jerry stiller
Anne Meara;	"";	"";	anne meara
Bernadette Soubirous;	"";	"";	bernadette
Henrik Larsson;	"";	"";	henrik larsson
John Rebus;	"";	"";	john rebus
Winterthur Museum, Garden and Library;	"";	"";	winterthur museum, garden and library
Hagley Museum and Library;	"";	"";	hagley museum and library
Auguste Kerckhoffs;	"";	"";	auguste kerckhoffs
Tetrahydrofuran;	"";	"";	tetrahydrofuran
Yao Ming;	"";	"";	yao ming
Korn Ferry;	"";	"";	korn ferry
Blancmange (band);	"";	"";	blancmange
CAST-128;	"";	"";	cast-128
D. Boon;	"";	"";	d. boon
Carcharhiniformes;	"";	"";	ground sharks
Fuzhou;	"";	"";	fuzhou
Heliomonadida;	"";	"";	heliomonadida
Catshark;	"";	"";	catsharks
Adrenergic receptor;	"";	"";	d}}
Eurasian chaffinch;	fringilla;	coelebs;	common chaffinch
Shadow of the Hegemon;	"";	"";	shadow of the hegemon
Up quark;	"";	"";	up quark
Down quark;	"";	"";	down quark
Charm quark;	"";	"";	charm quark
Top quark;	"";	"";	top quark
Muon neutrino;	"";	"";	muon neutrino
Electron neutrino;	"";	"";	electron neutrino
Medb;	"";	<!-- for non-humans only -->;	medb
International Boxing Federation;	"";	"";	international boxing federation
Tenerife blue chaffinch;	fringilla;	teydea;	tenerife blue chaffinch
Josef Martin Knüsel;	"";	"";	josef martin knüsel
River Boyne;	"";	"";	river boyne
The Man Who Wasn't There (2001 film);	"";	"";	the man who wasn't there
St. John's University (New York City);	"";	"";	st. john's university
Society of Saint Vincent de Paul;	"";	"";	society of saint vincent de paul
1,4-Dichlorobenzene;	"";	"";	1,4-dichlorobenzene
Elisabeth Kopp;	"";	"";	elisabeth kopp
Rudolf Friedrich;	"";	"";	rudolf friedrich
Seton Hall University;	"";	"";	seton hall university
Internet Speculative Fiction Database;	"";	"";	isfdb: the internet speculative fiction database
Black Hawk (British comics);	"";	human;	""
Louis Ruchonnet;	"";	"";	louis ruchonnet
Basename;	"";	"";	basename
Villanova University;	"";	"";	villanova university
Notting Hill Carnival;	"";	"";	notting hill carnival
PAVE PAWS;	"";	"";	pave phased array warning system
Stonařov;	"";	"";	stonařov
Grenadines;	"";	"";	grenadine islands
Dikembe Mutombo;	"";	"";	dikembe mutombo
Quantock Hills;	"";	"";	quantock hills
University of Iowa;	"";	"";	university of iowa
Linus Roache;	"";	"";	linus roache
Valerie Amos, Baroness Amos;	"";	"";	the baroness amos
Michigan State University;	"";	"";	michigan state university
Hill of Tara;	"";	"";	hill of tara
Jihlava;	"";	"";	jihlava
Flood (producer);	"";	"";	"mark \"flood\" ellis"
Bristol Rovers F.C.;	"";	"";	[[lewis gordon (footballer)
Martin Marietta X-24;	"";	"";	x-24
Kukës;	"";	"";	kukës
Emmendingen (district);	"";	"";	emmendingen
Wilhelm Hoegner;	"";	"";	'''wilhelm hoegner'''
Weird Science (film);	"";	"";	weird science
Karl Carstens;	"";	"";	karl carstens
Bavarian Forest;	"";	"";	bavarian forest
Bavarian Forest National Park;	"";	"";	bavarian forest national park <br />(''nationalpark bayerischer wald'')
Regen (river);	"";	"";	regen
International Chamber of Commerce;	"";	"";	international chamber of commerce
Jimmy Rushing;	"";	"";	jimmy rushing
Requiem shark;	"";	"";	requiem sharks
Shrewsbury Abbey;	"";	"";	shrewsbury abbey
Focke-Wulf Fw 190;	"";	"";	fw 190
Panzer III;	"";	"";	''panzerkampfwagen'' iii<br />sd.kfz. 141
Taang! Records;	"";	"";	taang! records
Harry Benjamin;	"";	"";	harry benjamin
World Professional Association for Transgender Health;	"";	"";	world professional association for transgender health
Eric Trist;	"";	"";	eric lansdown trist
Ian Wright;	"";	"";	ian wright<br />{{nobold
Focke-Wulf Fw 61;	"";	"";	fw 61
Focke-Wulf;	"";	"";	focke-wulf flugzeugbau
Orrick Glenday Johns;	"";	"";	orrick johns}}
Focke-Wulf Fw 44 Stieglitz;	"";	"";	fw 44 stieglitz
Asia Pacific Institute of Information Technology;	"";	"";	asia pacific institute of information technology
The Shaggs;	"";	"";	the shaggs
Panzer IV;	"";	"";	''panzerkampfwagen'' iv<br />sd.kfz. 161
Pinotage;	"";	''[[vitis vinifera]]'';	pinotage
Placebo (band);	"";	"";	placebo
12-hour clock;	"";	"";	noonmidnight
Córdoba, Argentina;	"";	"";	córdoba
Health On the Net Foundation;	"";	"";	health on the net foundation
Avie Tevanian;	"";	"";	avadis tevanian
Frilled shark;	chlamydoselachus;	anguineus;	frilled shark
Eddie Cantor;	"";	"";	eddie cantor
Im Kwon-taek;	"";	"";	im kwon-taek
Chemnitzer Land;	"";	"";	chemnitzer land
Rat snake;	various;	"";	rat snake
Great Australian Bight;	"";	"";	great australian bight
Corn snake;	pantherophis;	guttatus;	corn snake
Walter Hallstein;	"";	"";	walter hallstein
Johann de Kalb;	"";	"";	johann de kalb
Rising Force;	"";	"";	rising force
Either/Or;	"";	"";	either – or. a life fragment edited by victor eremita
24-hour clock;	"";	"";	cldr
Sohn Kee-chung;	"";	"";	sohn kee-chung
LaSalle, Ontario;	"";	"";	lasalle
Livonian language;	"";	"";	livonian
Don Adams;	"";	"";	don adams
Pavement (band);	"";	"";	pavement
State of Palestine;	"";	"";	naming}}
OmniWeb;	"";	"";	omniweb
Kurt Tank;	"";	"";	kurt waldemar tank
Pyromania;	"";	"";	pyromania
Avalokiteśvara;	"";	"";	avalokiteśvara
Charles Taylor (Liberian politician);	"";	"";	charles taylor
Pandemonium (1982 film);	"";	"";	pandemonium
American Pie 2;	"";	"";	american pie 2
Pandaemonium (film);	"";	"";	pandaemonium
Máirín Uí Dhálaigh;	"";	"";	máirín uí dhálaigh
American Wedding;	"";	"";	american wedding
Buddy Cianci;	"";	"";	buddy cianci
Albatros Flugzeugwerke;	"";	"";	albatros flugzeugwerke
Terry-Thomas;	"";	no;	terry-thomas}}
Frindle;	"";	"";	frindle
Worzel Gummidge;	"";	scarecrow;	worzel gummidge
Gulf City, Florida;	"";	"";	gulf city, florida
Jacob Bronowski;	"";	"";	jacob bronowski
Southern Television;	"";	"";	southern television
Milk snake;	lampropeltis;	triangulum;	milk snake
Lee Morgan;	"";	"";	lee morgan
Modula-3;	"";	"";	modula-3
Stephen Harper;	"";	"";	stephen harper
Milkshake;	"";	"";	milkshake
Oreo;	"";	"";	oreo
Complete blood count;	"";	"";	complete blood count
Oxford Circus tube station;	"";	"";	oxford circus
Nam Sung-yong;	"";	"";	nam sung-yong
Andrew Pickens;	"";	"";	pickens, andrew}}
Nabisco;	"";	"";	nabisco
Countdown (supermarket);	"";	"";	countdown
Andrew Pickens (governor);	"";	"";	andrew pickens
Clinton National Airport;	"";	"";	{{nowrap
Vereinigte Flugtechnische Werke;	"";	"";	vfw
Hamburger Flugzeugbau;	"";	"";	hamburger flugzeugbau
Hindustan Aeronautics Limited;	"";	"";	hindustan aeronautics limited
Blister;	"";	"";	blister
Austin Powers: The Spy Who Shagged Me;	"";	"";	austin powers: the spy who shagged me
Andrew Pickens (congressman);	"";	"";	andrew pickens
Bandicoot;	"";	"";	bandicoots
Cao Cao;	"";	"";	cao cao<br>曹操
William Washington;	"";	"";	william washington
Curt Schilling;	"";	"";	curt schilling
LaTeX Project Public License;	"";	"";	latex project public license
Maitland, New South Wales;	"";	"";	maitland
Emerson Fittipaldi;	"";	"";	emerson fittipaldi
Melbourne Museum;	"";	"";	melbourne museum
Terence McKenna;	"";	"";	terence mckenna
Kingsnake;	lampropeltis}}</ref>;	"";	kingsnakes
Crossrail;	"";	"";	crossrail
Read, Lancashire;	"";	"";	sabden
California kingsnake;	lampropeltis;	californiae;	california kingsnake
Youth International Party;	"";	"";	youth international party
City of London School for Girls;	"";	"";	city of london school for girls
City of Lake Macquarie;	"";	"";	lake macquarie city
Curonian language;	"";	"";	old curonian
Tony Miles;	"";	"";	tony miles
Vicky Leandros;	"";	"";	vicky leandros
Annie Lennox;	"";	"";	annie lennox
Edmund Pendleton;	"";	"";	edmund pendleton
Esslingen (district);	"";	"";	esslingen
Ferdinand Walsin Esterhazy;	"";	"";	ferdinand walsin esterhazy
King Snake;	"";	[[human]];	""
Tetrachloroethylene;	"";	"";	tetrachloroethylene
Delirious?;	"";	"";	delirious?
Lepidosauria;	"";	"";	lepidosaurs
Narathiwat province;	"";	"";	narathiwat
Chlordane;	"";	"";	chlordane (technical mixture)
Carbon disulfide;	"";	"";	carbon disulfide
Methanethiol;	"";	"";	methanethiol
Weser Flugzeugbau;	"";	"";	weser flugzeugbau gmbh
Scandinavian Simvastatin Survival Study;	"";	"";	scandinavian simvastatin survival study
How the West Was Won (Led Zeppelin album);	"";	"";	how the west was won
Mamai;	"";	"";	mamai
Erkki Tuomioja;	"";	"";	erkki tuomioja
Heidenheim (district);	"";	"";	heidenheim
Chloë Annett;	"";	"";	chloë annett
Andrew Clements;	"";	"";	andrew clements
Emma Bunton;	"";	"";	emma bunton
Thermoception;	"";	"";	trpchannels
George Grossmith;	"";	"";	george grossmith}}
Speedo;	"";	"";	speedo international limited
Fantastic Beasts and Where to Find Them;	"";	"";	fantastic beasts and where to find them
John Byrom;	"";	"";	john byrom
Wesleyan University;	"";	"";	wesleyan university
Centre Party (Finland);	"";	"";	centre party
San Jose Earthquakes;	"";	"";	[[jt marcinkowski]]}}
LA Galaxy;	"";	"";	{{sortname
Franklin Edson;	"";	"";	franklin edson
Bernard Freyberg, 1st Baron Freyberg;	"";	"";	the lord freyberg
Oleg Makarov (cosmonaut);	"";	"";	""
Sylvester McCoy;	"";	"";	sylvester mccoy
Bonjour (software);	"";	"";	bonjour
Peng Dehuai;	"";	"";	peng dehuai
Government in exile;	"";	"";	people's republic of china}}
Gohan;	"";	[[saiyan (dragon ball);	son gohan
City Lights Bookstore;	"";	"";	city lights bookstore
Grant Green;	"";	"";	grant green
Limehouse station;	"";	"";	limehouse
Westferry DLR station;	"";	"";	westferry
Clyde Best;	"";	"";	clyde best<br />{{post-nominals
Frederick Jackson Turner;	"";	"";	frederick jackson turner
Scientist (musician);	"";	"";	scientist
Jewish Agency for Israel;	"";	"";	jewish agency for israel
My Family and Other Animals;	"";	"";	my family and other animals
Jefferson (proposed Pacific state);	"";	"";	jefferson
Tactical (album);	"";	"";	tactical
Videl;	"";	"";	videl
Aberdeen Angus;	"";	"";	aberdeen angus
Chauchat;	"";	"";	''chauchat''
Reaction rate;	"";	"";	reaction rate
The Simple Things;	"";	"";	the simple things
Humphrey the Bear;	"";	[[brown bear]];	humphrey the bear
Hardee's;	"";	"";	hardee's restaurants llc
Milton Obote;	"";	"";	milton obote
George Plimpton;	"";	"";	george plimpton
Pioneer Chicken;	"";	"";	pioneer take out
NZ Post;	"";	"";	nz post
Lili Marleen;	"";	"";	lili marlene
Antônio Carlos Gomes;	"";	"";	antônio carlos gomes
Australian Antarctic Territory;	"";	"";	australian antarctic territory
Junkers;	"";	"";	junkers flugzeug- und motorenwerke ag (jfm)
Hikaru Utada;	"";	"";	hikaru utada
House of Burgesses;	"";	"";	house of burgesses
University of Alberta;	"";	"";	university of alberta
All-Star Baseball 2003;	"";	"";	''all-star baseball 2003'' (game boy advance)}}
Nathaniel P. Langford;	"";	"";	nathaniel p. langford
Bulldog;	"";	"";	bulldog
Philetus Norris;	"";	"";	philetus w. norris
Harry Yount;	"";	"";	harry yount
Kmart;	"";	"";	kmart corporation
Ashuapmushuan River;	"";	"";	ashuapmushuan river
Normandin, Quebec;	"";	"";	normandin
Sierra Club;	"";	"";	sierra club
John Williams (actor);	"";	"";	john williams
John Williams (missionary);	"";	"";	john williams
Local Hero (film);	"";	"";	local hero
John Henry (folklore);	"";	"";	john henry
John Henry (horse);	"";	"";	"john henry (usa), brown gelding, 1975<ref name=\"equineline1975\"/>"
John Henry (Maryland politician);	"";	"";	john henry
Prince Caspian;	"";	"";	prince caspian
The Lion, the Witch and the Wardrobe;	"";	"";	the lion, the witch and the wardrobe
Brachiocephalic vein;	"";	"";	brachiocephalic vein
Superior vena cava;	"";	"";	superior vena cava
Inferior vena cava;	"";	"";	inferior vena cava
Ubon Ratchathani province;	"";	"";	ubon ratchathani
Jon Lord;	"";	"";	jon lord
Mervyn King, Baron King of Lothbury;	"";	"";	the lord king of lothbury
Taja Kramberger;	"";	"";	taja kramberger
Tony Hart;	"";	"";	tony hart
Joseph Kessel;	"";	"";	joseph kessel
Adolf von Harnack;	"";	"";	adolf von harnack
Pergamon Museum;	"";	"";	pergamon museum
Toronto, New South Wales;	"";	"";	toronto
Josh Taylor (actor);	"";	"";	josh taylor
Hugo Junkers;	"";	"";	hugo junkers
Pervasive developmental disorder;	"";	"";	pervasive developmental disorder
George Romney;	"";	"";	romney, george}}
Ludwigsburg (district);	"";	"";	ludwigsburg
Emma, Lady Hamilton;	"";	"";	lady hamilton
Publius Quinctilius Varus;	"";	"";	publius quinctilius varus
Anthem for Doomed Youth;	"";	"";	anthem for doomed youth
Napoleonic era;	"";	"";	napoleonic era
River Medway;	"";	"";	river medway
The Language Instinct;	"";	"";	the language instinct: how the mind creates language
Junkers Ju 52;	"";	"";	ju 52
Carl Wieman;	"";	"";	carl edwin wieman
Morisset, New South Wales;	"";	"";	morisset
Ginza;	"";	"";	ginza
Petting, Bavaria;	"";	"";	petting
Buriram province;	"";	"";	buriram
Galactic Republic;	"";	"";	galactic republic
Tetralogy of Fallot;	"";	"";	tetralogy of fallot
Symphony No. 3 (Beethoven);	"";	"";	symphony no. 3 in e{{music
Air traffic controller;	"";	"";	air traffic controller
Levator labii superioris alaeque nasi muscle;	"";	"";	levator labii superioris alaeque nasi muscle
Maxilla;	"";	"";	maxilla
Deadly Weapons;	"";	"";	deadly weapons
Watto;	"";	toydarian;	watto
Manzoor Wattoo;	"";	"";	manzoor ahmed wattoo
Kogarkoite;	"";	"";	kogarkoite
Thomas Klestil;	"";	"";	thomas klestil
Rebecca Romijn;	"";	"";	rebecca romijn
John Dolben;	"";	"";	john dolben
Friedrich Ebert;	"";	"";	friedrich ebert
Glory (Buffy the Vampire Slayer);	"";	"";	glory
Robert Silverberg;	"";	"";	robert silverberg
Kayseri;	"";	"";	}}
MLDonkey;	"";	"";	mldonkey
Guardian Council;	"";	"";	guardian council
A Jackknife to a Swan;	"";	"";	a jackknife to a swan
John Nichols (printer);	"";	"";	john nichols
Siad Barre;	"";	no}};	mohammed siad barre
Mojave National Preserve;	"";	"";	mojave national preserve}}
Lake Saint Pierre;	"";	"";	lake saint pierre
Vizier;	"";	"";	fn1}}
Leo von Caprivi;	"";	"";	leo von caprivi
Jafar (Aladdin);	"";	"";	jafar
Mikhail Botvinnik;	"";	"";	mikhail botvinnik
Earl of Lucan;	"";	"";	earldom of lucan
David Watkins (rugby);	"";	"";	david watkins<br /><small>{{nobold
Arthur Gould (rugby union);	"";	"";	arthur gould
Albert Pierrepoint;	"";	"";	albert pierrepoint
Opava;	"";	"";	opava
Luke McShane;	"";	"";	luke mcshane
Nigel Planer;	"";	"";	nigel planer
Jack Straw;	"";	"";	jack straw
SABCA;	"";	"";	société anonyme belge de constructions aéronautiques
Ramon Berenguer III, Count of Barcelona;	"";	"";	ramon berenguer iii
Boys' Brigade;	"";	"";	boys' brigade
Berenguer Ramon II, Count of Barcelona;	"";	"";	berenguer ramon ii
Ramon Berenguer II, Count of Barcelona;	"";	"";	ramon berenguer ii
Ramon Berenguer I, Count of Barcelona;	"";	"";	ramon berenguer i the old
Victor/Victoria;	"";	"";	victor/victoria
Frances (film);	"";	"";	frances
Pantherophis obsoletus;	pantherophis;	obsoletus;	""
Debra Winger;	"";	"";	debra winger
An Officer and a Gentleman;	"";	"";	an officer and a gentleman
Testament (1983 film);	"";	"";	testament
Silkwood;	"";	"";	silkwood
The Trip to Bountiful;	"";	"";	the trip to bountiful
Agnes of God;	"";	"";	agnes of god
Primary Colors (novel);	"";	"";	primary colors: a novel of politics
Open theism;	"";	"";	rice1980
File:Dredgelcielo.jpg;	"";	"";	''el cielo''
Justin Chancellor;	"";	"";	justin chancellor
Griddle;	"";	"";	griddle
File:Dredgleitmotifold.jpg;	"";	"";	''leitmotif''
File:Dredgleitmotifnew.jpg;	"";	"";	''leitmotif''
Ruth Westheimer;	"";	"";	ruth westheimer
Mingus Mountain;	"";	"";	mingus mountain
Skellig Michael;	"";	"";	skellig michael
Verde Valley;	"";	"";	verde valley
Mutt and Jeff;	"";	"";	slick sleuths}}
Anting;	"";	"";	anting
Zinfandel;	"";	''[[vitis vinifera]]'';	zinfandel/primitivo
Paul Celan;	"";	"";	paul celan
Fisherman;	"";	"";	fisherman
Grant Wood;	"";	"";	grant wood
Eddie Arcaro;	"";	"";	eddie arcaro
Khufu;	"";	"";	khufu
Olsen Brothers;	"";	"";	olsen brothers
Łomża;	"";	"";	łomża
Scottish Republican Socialist Movement;	"";	"";	scottish republican socialist movement
Grethe and Jørgen Ingmann;	"";	"";	grethe and jørgen ingmann
Trapezoid bone;	"";	"";	trapezoid bone
Cuboid bone;	"";	"";	cuboid bone
Léopold Sédar Senghor International Airport;	"";	"";	léopold sédar senghor international airport
Suez;	"";	"";	suez
J. Clifford Baxter;	"";	"";	cliff baxter
Junior Eurovision Song Contest 2004;	"";	"";	junior eurovision song contest
Calcium carbide;	"";	"";	calcium carbide
Shimano;	"";	"";	shimano, inc.
Split Enz;	"";	"";	split enz
Campagnolo;	"";	"";	campagnolo, corp.
Roshan Seth;	"";	"";	roshan seth
Amrish Puri;	"";	"";	amrish puri
Akhisar;	"";	"";	akhisar
Weddell Sea;	"";	"";	weddell sea
Strumble Head Lighthouse;	"";	"";	strumble head lighthouse<br>''pen strwmb''l<br> ''ynys meicel''
York, Upper Canada;	"";	"";	york, upper canada
Ozarks;	"";	"";	ozarks
Earl Spencer (title);	"";	"";	earldom of spencer<!--please do not change; see talk page-->
Mole salamander;	"";	"";	mole salamanders
Tiger salamander;	ambystoma;	tigrinum;	tiger salamander
Kingdom of Prussia;	"";	"";	status}}
Mpox;	"";	"";	mpox
Edmonton Elks;	"";	"";	edmonton elks
Wikipedia:Manual of Style/Accessibility/Alternative text for images;	"";	"";	"\"linkblankalt\"}}"
Duke of Westminster;	"";	"";	dukedom of westminster
Medicine Hat;	"";	"";	medicine hat
Siol nan Gaidheal;	"";	"";	siol nan gaidheal
Gerald Grosvenor, 6th Duke of Westminster;	"";	"";	the duke of westminster
University of Texas System;	"";	"";	the university of texas system
Permian Basin (North America);	"";	"";	permian basin
Philolaus;	"";	"";	philolaus
BVD;	"";	"";	bvd
Jim Backus;	"";	"";	jim backus
Iain Macleod;	"";	"";	iain macleod
Theda Bara;	"";	"";	theda bara
The Diary of Anne Frank (1959 film);	"";	"";	the diary of anne frank
Haileybury and Imperial Service College;	"";	"";	haileybury
Muscarine;	"";	"";	muscarine
Ray Walston;	"";	"";	ray walston
Geranium × magnificum;	geranium;	× magnificum;	""
Lampang province;	"";	"";	lampang
John Coyne (politician);	"";	"";	john coyne
Kai Winding;	"";	"";	kai winding
Angelo Buono Jr.;	"";	"";	angelo buono jr.
Antoine Watteau;	"";	"";	antoine watteau
Kenneth Bianchi;	"";	"";	kenneth alessio bianchi
William Pulteney, 1st Earl of Bath;	"";	"";	the earl of bath
Hana Mandlíková;	"";	"";	hana mandlíková
William Coxe (historian);	"";	"";	william coxe
Schizoaffective disorder;	"";	"";	schizoaffective disorder
East India Company College;	"";	"";	east india company college
Jack Nicklaus;	"";	no}};	jack nicklaus
George Cross;	"";	"";	george cross
Skywalker family;	"";	"";	amelia}}}}
Richard Watson Dixon;	"";	"";	richard watson dixon
Space Needle;	"";	"";	space needle
My Old Kentucky Home (1926 film);	"";	"";	my old kentucky home
Radcliffe College;	"";	"";	radcliffe college
John R. Vines;	"";	"";	john randolph vines
Louis A. Johnson;	"";	"";	louis johnson
London Palladium;	"";	"";	london palladium
A Moveable Feast;	"";	"";	a moveable feast
Gerry Hannah;	"";	"";	gerry hannah
Jody Scheckter;	"";	"";	jody scheckter
Moshe Katsav;	"";	"";	moshe katsav
Nivkh languages;	"";	"";	nivkh languages
American Association for the Advancement of Science;	"";	"";	american association for the advancement of science
Halloween III: Season of the Witch;	"";	"";	halloween iii:<br />season of the witch
John Fitzwilliam Stairs;	"";	"";	john f. stairs
Sanctuary (band);	"";	"";	sanctuary
The Murder of Roger Ackroyd;	"";	"";	the murder of roger ackroyd
Gerald Merrithew;	"";	"";	gerald merrithew
Malic acid;	"";	"";	malic acid
The A.B.C. Murders;	"";	"";	the a.b.c. murders
Johann Georg Hamann;	"";	"";	johann georg hamann
Samuel Roxy Rothafel;	"";	"";	"samuel \"roxy\" rothafel"
Caligula (film);	"";	"";	caligula
Lucius Valerius Poplicola Potitus;	"";	"";	lucius valerius poplicola potitus
KTM;	"";	"";	ktm ag
Oculomotor nerve;	"";	"";	oculomotor nerve
Trochlear nerve;	"";	"";	trochlear nerve
Trigeminal nerve;	"";	"";	trigeminal nerve
Vestibulocochlear nerve;	"";	"";	vestibulocochlear nerve
Glossopharyngeal nerve;	"";	"";	glossopharyngeal nerve
Accessory nerve;	"";	"";	accessory nerve
Hypoglossal nerve;	"";	"";	hypoglossal nerve
Green's theorem;	"";	"";	lemma 1 (decomposition lemma)
George Green (mathematician);	"";	"";	george green
Beinecke Rare Book & Manuscript Library;	"";	"";	beinecke rare book & manuscript library
Benjamin Chew;	"";	"";	benjamin chew
Samuel Chew;	"";	"";	chew, samuel}}
Germantown, Philadelphia;	"";	"";	germantown, philadelphia
Emmanuel College, Cambridge;	"";	"";	emmanuel college
Trapezium (bone);	"";	"";	trapezium
Lara Flynn Boyle;	"";	"";	lara flynn boyle
Archytas;	"";	"";	archytas
Dale Winton;	"";	"";	dale winton
Charlotte Hornets;	"";	"";	charlotte hornets
Infosys;	"";	"";	infosys limited
Main-Tauber-Kreis;	"";	"";	main-tauber
River Ness;	"";	"";	river ness
Caledonian Canal;	"";	"";	caledonian canal
Uname;	"";	"";	uname
Nan province;	"";	"";	nan
Memphis Slim;	"";	"";	memphis slim
Avalanche diode;	"";	"";	avalanche diode
Earl of Longford;	"";	"";	earl of longford<br />''2nd creation''
Trevor Goddard;	"";	"";	trevor goddard
Iran hostage crisis;	"";	"";	hostage report (1981)}}
Uraniborg;	"";	"";	uraniborg
P. F. Strawson;	"";	"";	peter strawson
Group of Ten (IMF);	"";	"";	g10<br>group of ten
Duke of Abercorn;	"";	"";	dukedom of abercorn
Marsh tit;	poecile;	palustris;	""
Beardmore Glacier;	"";	"";	beardmore glacier
The Dreaming (song);	"";	"";	the dreaming
Coal tit;	periparus;	ater;	""
Nefertiti Bust;	"";	"";	nefertiti bust
Central Tano languages;	"";	"";	central tano
Sevilla FC;	"";	"";	[[marko dmitrović]]}}
Community-supported agriculture;	"";	"";	community-supported agriculture (csa)
Kwa languages;	"";	"";	kwa
Esophageal cancer;	"";	"";	esophageal cancer
List of -gate scandals and controversies;	"";	no;	""
Bob Woodward;	"";	"";	bob woodward
Pope John IV;	"";	"";	john iv
State Anthem of Turkmenistan;	"";	"";	ipa
Xoloitzcuintle;	"";	"";	xoloitzcuintle
Pope John V;	"";	"";	john v
Max Goof;	"";	[[anthropomorphic]] dog;	max goof
Richard Woodville, 1st Earl Rivers;	"";	"";	richard woodville
Socialist Party of America;	"";	"";	socialist party of america
Albert Ellis;	"";	"";	albert ellis
Für Elise;	"";	"";	für elise
Network interface controller;	"";	"";	network interface controller
Martin Archer Shee;	"";	"";	martin archer shee
Midwestcon;	"";	"";	midwestcon
Jewish Community Center;	"";	"";	jewish community centers association of north america
Gene Ammons;	"";	"";	gene ammons
Gaelic Athletic Association;	"";	"";	gaelic athletic association
Quiznos;	"";	"";	quiz holdings, llc
Art Blakey;	"";	"";	art blakey
Rail Baron;	"";	"";	rail baron
A Theory of Justice;	"";	"";	a theory of justice
André Bazin;	"";	"";	andré bazin
List of mayors of Denver;	"";	"";	denver
Julianne Moore;	"";	"";	julianne moore
Ubol Ratana;	"";	"";	ubol ratana
List of mayors of Littleton, Colorado;	"";	"";	littleton
Hugo Theorell;	"";	"";	hugo theorell
Mission of Burma;	"";	"";	mission of burma
Paul Kariya;	"";	"";	paul kariya
Dion DiMucci;	"";	"";	dion dimucci
Arthur Pink;	"";	"";	arthur w. pink
Brocchinia reducta;	brocchinia;	reducta;	""
Neil Bush;	"";	"";	neil bush
Basic copper carbonate;	"";	"";	""
John Henry (album);	"";	"";	john henry
Tibetic languages;	"";	"";	tibetic
Franz von Papen;	"";	"";	franz von papen
Studio Ironcat;	"";	"";	studio ironcat
Fred Gallagher (cartoonist);	"";	"";	fred gallagher
Dorothy Dunnett;	"";	"";	dorothy, lady dunnett
Crossing the Chasm;	"";	"";	crossing the chasm: marketing and selling high-tech products to mainstream customers
Mojave River;	"";	"";	mojave river
Anthony Woodville, 2nd Earl Rivers;	"";	"";	anthony woodville
R. M. Hare;	"";	"";	r.&nbsp;m. hare
Woodcock;	"";	"";	"\"woodcock woodlands\"}}"
Yip Kai-foon;	"";	"";	yip kai-foon
Curlew;	"";	"";	curlew
Paleo-Siberian languages;	"";	"";	paleo-siberian
Alvin York;	"";	"";	alvin york
William Prescott;	"";	"";	william prescott
Tibetan script;	"";	"";	tibetan
Edward Hyde, 3rd Earl of Clarendon;	"";	"";	the earl of clarendon
D (programming language);	"";	"";	d programming language
Paris Peace Treaties, 1947;	"";	"";	paris peace treaties, 1947
Royal New Zealand Returned and Services' Association;	"";	"";	royal new zealand<br />returned and services association
Menkaure;	"";	"";	menkaure
Albrecht Kossel;	"";	"";	albrecht kossel
Head louse;	pediculus;	humanus;	head louse
Mary Whitehouse;	"";	"";	mary whitehouse
Ustaše;	"";	"";	ustaša – {{nowrap
Allegra Coleman;	"";	"";	allegra coleman
Ortenaukreis;	"";	"";	ortenaukreis
RWTH Aachen University;	"";	"";	rwth aachen university
Gtk-gnutella;	"";	"";	gtk-gnutella
Singular (software);	"";	"";	singular
Cambridge United F.C.;	"";	"";	"cambridge united}}</ref> three years later, cambridge united reached the premier division of the southern league.<ref name=\"fchd\"/>"
Democratic Left (Ireland);	"";	"";	democratic left
Ottó Bláthy;	"";	"";	ottó bláthy
Károly Zipernowsky;	"";	"";	károly zipernowsky
Lapageria;	lapageria;	rosea;	""
Coburg (district);	"";	"";	coburg
Donát Bánki;	"";	"";	donát bánki
Mississippi Fred McDowell;	"";	"";	fred mcdowell
Phytohaemagglutinin;	"";	"";	legume lectin domain
File:Poehaunted.jpg;	"";	"";	""
Shogi variant;	"";	"";	greatwhale
Glenard P. Lipscomb;	"";	"";	glenard p. lipscomb
Conn Smythe Trophy;	"";	"";	conn smythe trophy
British ensign;	"";	"";	british ensigns
Derrick Green;	"";	"";	derrick green
Arthur Laffer;	"";	"";	art laffer
SPK (band);	"";	"";	spk
Bill Peet;	"";	"";	bill peet
Aldershot Town F.C.;	"";	"";	[[jordi van stappershoef]]}}
BET;	"";	"";	black entertainment television
"Maurice \"Rocket\" Richard Trophy";	"";	"";	"maurice \"rocket\" richard trophy"
Tendinopathy;	"";	"";	tendinopathy
Robert L. Johnson;	"";	"";	robert l. johnson
Euclid's Elements;	"";	"";	elements
Lyme disease;	"";	"";	lyme disease
Bossa nova;	"";	"";	bossa nova
Johann Pucher;	"";	"";	johann pucher
Yusef Komunyakaa;	"";	"";	yusef komunyakaa
Happy Birthday, Cookie Monster;	"";	"";	happy birthday, cookie monster
The Futurological Congress;	"";	"";	the futurological congress
Stripper;	"";	"";	stripper
Sakon Nakhon province;	"";	"";	sakon nakhon
Duke of Leinster;	"";	"";	dukedom of leinster
Daniel Lanois;	"";	"";	daniel lanois
Vezina Trophy;	"";	"";	vezina trophy
George Germain, 1st Viscount Sackville;	"";	"";	the viscount sackville
Jean-Baptiste Jourdan;	"";	"";	jean-baptiste jourdan
Jacques-Nicolas Billaud-Varenne;	"";	"";	jacques-nicolas billaud-varenne
Read's Island;	"";	"";	read's island
English compound;	"";	"";	"\"pluralnouns\""
Trinity Church (Manhattan);	"";	"";	trinity church
Richard Basehart;	"";	"";	richard basehart
Colin Chapman;	"";	"";	colin chapman
Jay Berwanger;	"";	"";	jay berwanger
T-1000;	"";	[[android (robot);	t-1000
Margaret Court;	"";	"";	<small>[[the reverend]]</small><br />margaret court<br /><small>[[order of australia
Circle of Willis;	"";	"";	circle of willis
John O'Connor (cardinal);	"";	"";	john o'connor
Korematsu v. United States;	"";	"";	ex parte endo
Terence Cooke;	"";	"";	terence james cooke
American Gold Star Mothers;	"";	"";	american gold star mothers, inc.
Bohol;	"";	"";	bohol
Robert Parker (wine critic);	"";	"";	robert parker
Hamiltonian path;	"";	"";	bondy–chvátal theorem (1976)
Ruddy turnstone;	arenaria (bird);	interpres;	arenaria interpres}}
Black turnstone;	arenaria (bird);	melanocephala;	""
Publius Sulpicius Rufus;	"";	"";	publius sulpicius rufus
Kaifeng;	"";	"";	kaifeng
Angela's Ashes;	"";	"";	angela's ashes
Hutt River (New Zealand);	"";	"";	te awa kairangi / hutt river
Oscar and Lucinda;	"";	"";	oscar and lucinda
Bizarro;	"";	"[[kryptonian]] clone (\"bizarro\")";	""
Janet Napolitano;	"";	"";	janet napolitano
Barn owl;	"";	"";	barn owl
Material implication (rule of inference);	"";	"";	material implication
Tibia;	"";	"";	tibiae
Hodge conjecture;	"";	no;	""
Byron De La Beckwith;	"";	"";	byron de la beckwith
Siquijor;	"";	"";	{{ph wikidata
Juan Trippe;	"";	"";	juan trippe
Budugu;	"";	"";	budugu
Mullapudi Venkata Ramana;	"";	"";	mullapudi venkata ramana
John William Waterhouse;	"";	"";	john william waterhouse
Frieza;	"";	frieza's race (unnamed);	frieza
Matsunaga Hisahide;	"";	"";	matsunaga hisahide
Coq au vin;	"";	"";	coq au vin
Water integrator;	"";	"";	water integrator
Open Content License;	"";	"";	open content license
Alan Milburn;	"";	"";	alan milburn
Třešť;	"";	"";	třešť
Heliocentrism;	"";	"";	internet archive}}{{limited access}}.
Zodiac (novel);	"";	"";	zodiac
Gulf of Ob;	"";	"";	gulf of ob
Ancient Tombs at Longtou Mountain;	"";	"";	ancient tombs at longtou mountain
Pietro Badoglio;	"";	"";	the 1st [[duke of addis abeba]]
Wild Wild West;	"";	"";	wild wild west
László Bíró;	"";	"";	lászló bíró
Clark;	"";	"";	clark
Maureen Connolly;	"";	"";	maureen connolly
Jay's Journal;	"";	"";	jay's journal
Yanbian Korean Autonomous Prefecture;	"";	"";	yanbian korean autonomous prefecture
Emanuel Lasker;	"";	"";	emanuel lasker
Bob Crow;	"";	"";	bob crow
Willy Russell;	"";	"";	willy russell
Their Eyes Were Watching God;	"";	"";	their eyes were watching god
Tiger beetle;	"";	"";	tiger beetle
Frits Zernike;	"";	"";	frits zernike
David Brinkley;	"";	"";	david brinkley
Weil conjectures;	"";	no;	""
Anaheim Amigos;	"";	"";	anaheim amigos<br />los angeles stars <br />utah stars
Utah Stars;	"";	"";	utah stars
French Fifth Republic;	"";	"";	one
San Diego Conquistadors;	"";	"";	san diego conquistadors
Bobby Bonds;	"";	"";	bobby bonds
Waking Life;	"";	"";	waking life
Kim Criswell;	"";	"";	kim criswell
Phil Williams (Welsh politician);	"";	"";	phil williams
Harry Harrison (DJ);	"";	"";	harry harrison
Cornbread;	"";	"";	cornbread
Wes Scantlin;	"";	"";	wes scantlin
Yukio Tsuda (professor);	"";	"";	yukio tsuda
No Jacket Required;	"";	"";	no jacket required
Don Budge;	"";	"";	don budge
Sydney Greenstreet;	"";	"";	sydney greenstreet
Joan Blondell;	"";	"";	joan blondell
Sun Ce;	"";	"";	sun ce
Geraint Wyn Davies;	"";	"";	geraint wyn davies
Zev Bellringer;	"";	"";	zev
John Montagu, 4th Earl of Sandwich;	"";	"";	the earl of sandwich
Songkhla province;	"";	"";	songkhla
Fire blight;	erwinia;	amylovora;	""
Lewis & Clark College;	"";	"";	lewis & clark college
Charlie Falconer, Baron Falconer of Thoroton;	"";	"";	the lord falconer of thoroton
FIFA Women's World Cup;	"";	"";	fifa women's world cup
Mrs Patrick Campbell;	"";	"";	mrs patrick campbell
SQLite;	"";	"";	sqlite database file format
Andrea;	"";	"";	andrea
Pat McDonald (actress);	"";	"";	pat mcdonald
Fanboys (film);	"";	"";	fanboys
Billy Bishop;	"";	"";	william bishop
Josh Hartnett;	"";	"";	josh hartnett
Paul Walker;	"";	no}};	paul walker
Morgan Webb;	"";	"";	morgan webb
David Ahenakew;	"";	"";	david ahenakew
Pericardium;	"";	"";	pericardium
Simutronics;	"";	"";	simutronics corp.
GEnie;	"";	"";	genie
Oomycete;	"";	"";	oomycetes
Dick Francis;	"";	"";	dick francis
Proxomitron;	"";	"";	proxomitron
Mars, Incorporated;	"";	"";	mars, incorporated
Casio;	"";	"";	casio computer co., ltd.
Bettina Welch;	"";	"";	bettina welch}}
Zoilus;	"";	"";	zoilus
Cao Pi;	"";	"";	emperor wen of wei<br/>魏文帝
Edmund Beaufort (died 1471);	"";	"";	edmund beaufort
Huang Gai;	"";	"";	huang gai
Froot Loops;	"";	"";	froot loops
Ma Chao;	"";	"";	ma chao
Gaius Gracchus;	"";	"";	gaius sempronius gracchus
Chicago Sun-Times;	"";	"";	chicago sun-times
Wolf herring;	"";	"";	wolf herrings
Thomas Grey, 1st Marquess of Dorset;	"";	"";	thomas grey
From the Earth to the Moon;	"";	"";	from the earth to the moon
Castor (star);	"";	"";	castor
Khafre;	"";	"";	khafre
Ereshkigal;	"";	"";	ereshkigal
Humphrey Stafford, 1st Duke of Buckingham;	"";	"";	humphrey stafford
Great Sphinx of Giza;	"";	"";	great sphinx of giza
Geothermal areas of Yellowstone;	"";	"";	"norris geyser basin}}</small> is the hottest geyser basin in the park<ref name=\"norris geyser basin tour\">norris geyser basin tour</ref> and is located near the northwest edge of [[yellowstone caldera]] near norris junction and on the intersection of three major [[geologic fault"
Mammoth Hot Springs;	"";	"";	mammoth hot springs
Menes;	"";	"";	menes
Plus and minus signs;	"";	"";	plus and minus signs
Roman Catholic Archdiocese of New York;	"";	"";	new york
St. Patrick's Cathedral (Midtown Manhattan);	"";	"";	st. patrick's cathedral
Edward Egan;	"";	"";	edward michael egan
Francis Spellman;	"";	"";	francis joseph spellman
Patrick Joseph Hayes;	"";	"";	[[cardinal (catholic church)
John Murphy Farley;	"";	"";	john murphy farley
Michael Corrigan;	"";	"";	michael augustine corrigan
John McCloskey;	"";	"";	john mccloskey
John Hughes (archbishop);	"";	"";	john hughes
R. Luke Concanen;	"";	"";	richard luke concanen
Erin;	"";	"";	erin
Earl of Sandwich;	"";	"";	earldom of sandwich
Kutná Hora;	"";	"";	kutná hora
Leyte (province);	"";	"";	leyte
Treeswift;	"";	"";	treeswifts
Carrie-Anne Moss;	"";	"";	""
Jean-Marie Collot d'Herbois;	"";	"";	jean-marie collot d'herbois
Ostalbkreis;	"";	"";	ostalbkreis
Emil Artin;	"";	"";	emil artin
Norman Painting;	"";	"";	norman painting
Blackpool F.C.;	"";	"";	[[richard o'donnell]]}}
Liberec;	"";	"";	liberec
Tábor;	"";	"";	tábor
Esch-sur-Alzette;	"";	"";	esch-sur-alzette
Teplice;	"";	"";	teplice
André Chénier;	"";	"";	andré chénier
Dachau (district);	"";	"";	dachau
Steve Ferrone;	"";	"";	steve ferrone
Franz Bücheler;	"";	"";	franz bücheler
Menin Gate;	"";	"";	menin gate memorial to the missing
Jellynose fish;	"";	"";	jellynose fishes
Commodore CDTV;	"";	"";	no
Underworld (novel);	"";	"";	underworld
Hradec Králové;	"";	"";	hradec králové
José-Maria de Heredia;	"";	"";	josé-maria de heredia
Marion Popcorn Festival;	"";	"";	<!--uses page name if omitted-->
CD32;	"";	"";	[[fcgr2a
UNITA;	"";	"";	national union for the total independence of angola
Jane Barbe;	"";	"";	jane barbe
Jean Leray;	"";	"";	jean leray
Saint Christopher;	"";	"";	christopher
Thomas Reilly (Massachusetts politician);	"";	"";	tom reilly
Cinema of Luxembourg;	"";	"";	cinema of luxembourg
Blackbear Bosin;	"";	"";	francis blackbear bosin
Chomutov;	"";	"";	chomutov
Oneida Limited;	"";	"";	oneida limited
Sanremo;	"";	"";	sanremo
Twin Peaks: Fire Walk with Me;	"";	"";	twin peaks: fire walk with me
Peacemakers (book);	"";	"";	peacemakers: the paris peace conference of 1919 and its attempt to end war
Seven Pillars of Wisdom;	"";	"";	seven pillars of wisdom
James Maxwell (actor);	"";	"";	james maxwell
Lopburi province;	"";	"";	lopburi
Nitromethane;	"";	"";	nitromethane
Harry Allen (executioner);	"";	"";	harry allen
ARX (operating system);	"";	"";	arx
Vasily Smyslov;	"";	"";	vasily smyslov
Cao Zhi;	"";	"";	cao zhi<br>曹植
Canton of Zürich;	"";	"";	canton of zürich
Birmingham Thunderbolts;	"";	"";	birmingham thunderbolts
Memphis Maniax;	"";	"";	memphis maniax
Orlando Rage;	"";	"";	orlando rage
San Francisco Demons;	"";	"";	san francisco demons
Jasper Maskelyne;	"";	"";	jasper maskelyne
The Oath (Wiesel novel);	"";	"";	the oath
Władysław Gomułka;	"";	"";	władysław gomułka
Edward Gierek;	"";	"";	edward gierek
Ritz Crackers;	"";	"";	ritz
Chicago Fire FC;	"";	"";	[[arnaud souquet]]
Jan Žižka;	"";	"";	jan žižka
Colorado Rapids;	"";	"";	[[marko ilić (footballer, born 1998)
New England Revolution;	"";	"";	[[tomáš vaclík]]}}
Yala province;	"";	"";	yala
The Jayhawks;	"";	no;	the jayhawks
Wilberforce University;	"";	"";	wilberforce university
Agua Prieta;	"";	"";	agua prieta, sonora
Mrs. Miller;	"";	"";	mrs. miller
Heroica Nogales;	"";	"";	nogales
Usa, Ōita;	"";	"";	usa
Don Marquis;	"";	"";	don marquis}}
Carroll O'Connor;	"";	"";	carroll o'connor
Cheyney University of Pennsylvania;	"";	"";	cheyney university of pennsylvania
Golden Legend;	"";	"";	golden legend
Chesapeake Bayhawks;	"";	"";	chesapeake bayhawks
New York Lizards;	"";	"";	new york lizards
Dallas Rattlers;	"";	"";	dallas rattlers
Cannons Lacrosse Club;	"";	"";	cannons lacrosse club
New Jersey Pride;	"";	"";	new jersey pride
Fume hood;	"";	"";	fume hood
Here Today, Tomorrow Next Week!;	"";	"";	here today, tomorrow next week!
Cypermethrin;	"";	"";	""
Ray Henderson;	"";	"";	ray henderson
Lew Brown;	"";	"";	lew brown
The Difference Engine;	"";	"";	the difference engine
USS Intrepid (CV-11);	"";	"";	uss ''intrepid''
Salter Street Films;	"";	"";	salter street films llc
Saraswati;	"";	"";	saraswati
Namtar;	"";	"";	namtar
John Tate (mathematician);	"";	"";	john tate
Cattaraugus Reservation;	"";	"";	cattaraugus reservation
Tonawanda Reservation;	"";	"";	tonawanda reservation
Oil Springs Reservation;	"";	"";	oil springs reservation
Ulcer (dermatology);	"";	"";	skin ulcer
Led Zeppelin Boxed Set;	"";	"";	led zeppelin
Mouth ulcer;	"";	"";	mouth ulcer
Hampstead Heath;	"";	"";	hampstead heath
File:Led Zeppelin - How the West Was Won.jpg;	"";	"";	how the west was won
Commutative algebra;	"";	"";	lasker-noether theorem
Otso;	"";	"";	otso
Klaus Wowereit;	"";	"";	klaus wowereit
Tim Healy (actor);	"";	"";	tim healy
Tulare Lake;	"";	"";	tulare lake
TriMet;	"";	"";	trimet
Sigmoid colon;	"";	"";	sigmoid colon
Kaizers Orchestra;	"";	"";	kaizers orchestra
Death Valley pupfish;	cyprinodon;	salinus;	death valley pupfish
International Astronautical Federation;	"";	"";	international astronautical federation
File:Led Zeppelin - Latter Days.jpg;	"";	"";	early days & latter days
Dorimène Roy Desjardins;	"";	"";	dorimène roy desjardins
Alphonse Desjardins;	"";	"";	desjardins, alphonse}}
Led Zeppelin Boxed Set 2;	"";	"";	boxed set 2
File:Led Zeppelin - Boxed Set 2.jpg;	"";	"";	boxed set 2
Sheikh Mujibur Rahman;	"";	"";	sheikh mujibur rahman
NonStop SQL;	"";	"";	nonstop sql
The Complete Studio Recordings (Led Zeppelin album);	"";	"";	the complete studio recordings
Žatec;	"";	"";	žatec
Hawke Bay;	"";	"";	hawke bay
Alberto Ascari;	"";	"";	alberto ascari
True thrush;	"";	"";	true thrushes
Dave Eggers;	"";	no}};	dave eggers
Asian thrush;	"";	"";	asian thrushes
Kazakhstani tenge;	"";	"";	tenge
J. R. Hartley;	"";	"";	j.r. hartley
Rock thrush;	"";	"";	rock thrushes
File:Brianenoapollo.jpg;	"";	"";	apollo: atmospheres and soundtracks
Robert Cade;	"";	"";	robert cade
Walter Donaldson;	"";	"";	walter donaldson
Kobe Bryant;	"";	"";	kobe bryant
Graham Hill;	"";	"";	graham hill<br><small>{{postnom
Psittacosis;	"";	"";	psittacosis
Oliver Mowat;	"";	"";	oliver mowat
Carolina Courage;	"";	"";	[[erin baxter]]}}
New York Power;	"";	"";	[[christie welsh]]}}
Washington Freedom;	"";	"";	[[meagan mccray]]*}}
Homestead strike;	"";	"";	homestead: a complete history of the struggle of july, 1892}}. contemporary book by pittsburgh journalist arthur gordon burgoyne.
Philadelphia Charge;	"";	"";	[[melissa moore (soccer)
San Diego Spirit;	"";	"";	[[amy sauer]]}}
San Jose CyberRays;	"";	"";	[[dianne alagich]]}}
Edward Hawke, 1st Baron Hawke;	"";	"";	the lord hawke
Magnesium sulfate;	"";	"";	magnesium sulfate
Earwig;	"";	"";	earwig
Polly Bergen;	"";	"";	polly bergen
Clara Peller;	"";	"";	clara peller
Dorsey Burnette;	"";	"";	dorsey burnette
Ed Koch;	"";	"";	ed koch
Walter H. Schottky;	"";	"";	walter h. schottky
Livorno;	"";	"";	livorno
Vincent Cassel;	"";	"";	vincent cassel
Philippine Sea;	"";	"";	philippine sea
Johnny Burnette;	"";	"";	johnny burnette
Mayfly;	"";	"";	mayfly
Kinkaku-ji;	"";	"";	rokuon-ji
Southern Leyte;	"";	"";	southern leyte
Cities of the Philippines;	"";	"";	cities of the philippines
Jacques Martin (ice hockey);	"";	"";	jacques martin
Star Fox;	"";	"";	starfox2
Manos: The Hands of Fate;	"";	"";	""
Julian Alps;	"";	"";	julian alps
Ottokar I of Bohemia;	"";	"";	ottokar i
Clipper (programming language);	"";	"";	clipper
Colorado Mammoth;	"";	"";	colorado mammoth
Anaheim Storm;	"";	"";	anaheim storm
Philadelphia Wings (1987–2014);	"";	"";	philadelphia wings
Arizona Sting;	"";	"";	arizona sting
Toronto Rock;	"";	"";	toronto rock
Hip Young Guitar Slinger;	"";	"";	hip young guitar slinger
File:JimmyPageHipYoungGuitarSlingercover.jpg;	"";	"";	hip young guitar slinger
Montreal Express;	"";	"";	montreal express
The Bugaloos;	"";	"";	bugaloos
San Jose Stealth;	"";	"";	san jose stealth
Calgary Roughnecks;	"";	"";	calgary roughnecks
Ottawa Rebel;	"";	"";	ottawa rebel
Vancouver Ravens;	"";	"";	vancouver ravens
New York Saints;	"";	"";	new york saints
Rochester Knighthawks (1995–2019);	"";	"";	rochester knighthawks
Buffalo Bandits;	"";	"";	buffalo bandits
Panay;	"";	"";	panay
Canigao Channel;	"";	"";	canigao channel
Powell's Books;	"";	"";	powell's books
Cebu Strait;	"";	"";	'''cebu strait'''
Ottokar II of Bohemia;	"";	"";	ottokar ii
Golden rice;	"";	[[oryza sativa]];	golden rice
Maxwell (unit);	"";	"";	maxwell
Crab-eating macaque;	macaca;	fascicularis;	""
Iron & Wine;	"";	"";	iron & wine
Stan (song);	"";	"";	stan
Trapt;	"";	"";	trapt
1992 Oregon Ballot Measure 9;	"";	"";	measure 9
Adele Goldberg (linguist);	"";	"";	adele eva goldberg
Adele Goldberg (computer scientist);	"";	"";	dr. adele goldberg
UCI Road World Championships – Men's road race;	"";	"";	uci road world championships – men's road race
Kathleen Winsor;	"";	"";	kathleen winsor
John McCrae;	"";	"";	john mccrae
Forever Amber (novel);	"";	"";	""
The Morning After (1986 film);	"";	"";	the morning after
Crimes of the Heart;	"";	"";	crimes of the heart
Peggy Sue Got Married;	"";	"";	peggy sue got married
Fan Chung;	"";	"";	fan-rong king chung graham
Eugenius;	"";	"";	eugenius
Algorithmics Inc.;	"";	"";	algorithmics inc
BBC Northern Ireland;	"";	"";	bbc northern ireland
Sally Kirkland;	"";	"";	sally kirkland
Cajun music;	"";	"";	cajun music
Pierre Le Moyne d'Iberville;	"";	"";	pierre le moyne d'iberville
Outrider (album);	"";	"";	outrider
File:Jimmy Page - Outrider.jpg;	"";	"";	outrider
José Cuevas (boxer);	"";	"";	pipino cuevas
Alethe (genus);	"";	"";	''alethe''
Whistling thrush;	"";	"";	whistling thrush
Bwana Devil;	"";	"";	bwana devil
Bluebird;	"";	sialia;	bluebirds
Solitaire (bird);	"";	"";	solitaires
Casey Jones;	"";	"";	casey jones
Ga language;	"";	"";	ga
American Airlines Flight 191;	"";	"";	american airlines flight 191
Ian Smith (actor);	"";	"";	ian smith
Maxwell Motor Company;	"";	"";	maxwell motor company
Death Wish II (album);	"";	"";	death wish ii: the original soundtrack - music by jimmy page
File:JimmyPageDeathWishIIcover.jpg;	"";	"";	death wish ii
Gramophone Company;	"";	"";	gramophone company
Mamitu;	"";	"";	mamitu
Ekeko;	"";	"";	ekeko
Yellow Dog Linux;	"";	"";	yellow dog linux
Panavia Tornado ADV;	"";	"";	tornado adv
Live at the Greek;	"";	"";	live at the greek: excess all areas
File:JimmyPageLiveAtTheGreekcover.jpg;	"";	"";	live at the greek: excess all areas
Symposium (Plato);	"";	"";	symposium
M2 Browning;	"";	"";	browning machine gun, cal. .50, m2, hb
.50 BMG;	"";	"";	.50 bmg
VIA C3;	"";	"";	c3
Giant salamander;	"";	"";	giant salamanders
Henry Ossian Flipper;	"";	"";	henry ossian flipper
Free Standards Group;	"";	"";	free standards group
Biliran;	"";	"";	biliran
Josiah Henson;	"";	"";	josiah henson
Mondino de Luzzi;	"";	"";	mondino de luzzi
The Super Dimension Fortress Macross: Flash Back 2012;	"";	"";	the super dimension fortress macross: flash back 2012
Giro d'Italia;	"";	"";	giro d'italia
Fourteen Holy Helpers;	"";	"";	fourteen holy helpers
Upsilon Andromedae;	"";	"";	υ andromedae / titawin
Ruminant;	"";	"";	ruminants
Deftones (album);	"";	"";	deftones
Saint Sebastian;	"";	"";	sebastian
Denis of Paris;	"";	"";	denis of paris
Nasdaq Helsinki;	"";	"";	nasdaq helsinki
Artabasdos;	"";	"";	artabasdos
Ruhr University Bochum;	"";	"";	ruhr university bochum
Y chromosome;	"";	"";	human y chromosome
Care International;	"";	"";	care international
Lexden;	"";	"";	lexden (colchester) ward infobox
Visa Inc.;	"";	"";	visa inc.
Levi;	"";	"";	levi
Deggendorf (district);	"";	"";	deggendorf
Black+Decker;	"";	"";	black+decker
Head-Smashed-In Buffalo Jump;	"";	"";	head-smashed-in buffalo jump
Tom Clancy's Splinter Cell (video game);	"";	"";	''tom clancy's splinter cell''}}
Wild at Heart (film);	"";	"";	wild at heart
Canterbury scene;	"";	"";	canterbury scene
Saskatchewan River;	"";	"";	saskatchewan river
Faithless;	"";	"";	faithless
Callirhoe (plant);	"";	"";	''callirhoe''
Angel food cake;	"";	"";	angel food cake
Caroline Records;	"";	"";	caroline records
Flag of the Philippines;	"";	"";	national flag of the philippines
Business jet;	"";	"";	4pax
Paul Manship;	"";	"";	paul manship
Welland;	"";	"";	welland
Koko the Clown;	"";	"";	koko the clown
Jules Léger;	"";	"";	jules léger
Trois-Rivières;	"";	"";	trois-rivières
Swinburne University of Technology;	"";	"";	swinburne university of technology
New River Gorge Bridge;	"";	"";	new river gorge bridge
Mars bar;	"";	"";	mars
The Comic Strip;	"";	"";	the comic strip
Einar Örn Benediktsson;	"";	"";	einar örn benediktsson
Sabotage (1936 film);	"";	"";	sabotage
Wisse Dekker;	"";	"";	wisse dekker
Music of Ethiopia;	"";	"";	ethiopian music
Regional Municipality of York;	"";	"";	york region
Frank Carlucci;	"";	"";	frank carlucci
Humbaba;	"";	"";	humbaba
Akalat;	"";	"";	akalats
Rufous thrush;	"";	"";	rufous thrushes
Rockjumper;	"";	"";	rockjumpers
Caryophyllaceae;	"";	"";	carnation family
Shawm;	"";	"";	shawm
Scrub robin;	"";	"";	scrub robins
Carlos Palomino;	"";	"";	carlos palomino
Cochoa;	"";	"";	cochoas
Palm thrush;	"";	"";	palm thrushes
Anthrax (British band);	"";	"";	anthrax
Magpie-robin;	"";	"";	magpie-robins
Riemann–Roch theorem;	"";	"";	riemann–roch theorem
Autobianchi;	"";	"";	autobianchi
Las Vegas Aviators;	"";	"";	las vegas aviators
Partial fraction decomposition;	"";	"";	theorem
Marcel Petiot;	"";	"";	marcel petiot
Stirling Moss;	"";	"";	{{br entries
Ravensburg (district);	"";	"";	ravensburg
Pierre Levegh;	"";	"";	pierre levegh
Treaty of Roskilde;	"";	"";	treaty of roskilde
Auchinleck Talbot F.C.;	"";	"";	aidan glavin
Cumnock Juniors F.C.;	"";	"";	[[jamie barclay]]}}
Glenafton Athletic F.C.;	"";	"";	david markey}}
Irvine Meadow XI F.C.;	"";	"";	ally mcinnes}}
Johnstone Burgh F.C.;	"";	"";	graham black
Kilbirnie Ladeside F.C.;	"";	"";	scott mclellan}}
Kilwinning Rangers F.C.;	"";	"";	craig gordon
Serinus;	"";	"";	''serinus''
Bible Belt;	"";	"";	bible belt
Carduelis;	"";	"";	''carduelis''
HKS (company);	"";	"";	hks co. ltd.
Albrecht von Wallenstein;	"";	"";	albrecht von wallenstein
Car Button Cloth;	"";	"";	car button cloth
Uniform boundedness principle;	"";	"";	uniform boundedness principle
Milano Centrale railway station;	"";	"";	milano centrale
Rosefinch;	"";	"";	rosefinches
Little Games;	"";	"";	little games
Crossbill;	"";	"";	crossbill
Cynodont;	"";	"";	cynodonts
Eucynodontia;	"";	"";	eucynodonts
Jičín;	"";	"";	jičín
Hypertensive retinopathy;	"";	"";	hypertensive retinopathy
Vera Brittain;	"";	"";	vera brittain
Testament of Youth;	"";	"";	testament of youth
Welsh Corgi;	"";	"";	welsh corgi
Yoko Kanno;	"";	"";	yoko kanno
Ryan Phillippe;	"";	"";	ryan phillippe
Truro, Nova Scotia;	"";	"";	truro
Rey Mysterio;	"";	"";	rey mysterio
Elvis Stojko;	"";	"";	elvis stojko
New Glasgow, Nova Scotia;	"";	"";	new glasgow, nova scotia
Picture This (Huey Lewis and the News album);	"";	"";	picture this
Vegeta;	"";	[[saiyan (dragon ball);	vegeta
Persicaria;	"";	"";	note1
Charlotte Cobras;	"";	"";	charlotte cobras
Detroit Turbos;	"";	"";	detroit turbos
Matador Records;	"";	"";	matador records
Boston Blazers (1992–1997);	"";	"";	boston blazers
Pittsburgh Bulls;	"";	"";	pittsburgh bulls
Delitzsch (district);	"";	"";	delitzsch
Hume Cronyn;	"";	"";	hume cronyn
Isar;	"";	"";	isar
Willi Unsoeld;	"";	"";	willi unsoeld
Wikipedia:WikiProject Protected areas/Infobox;	"";	"";	splendor in the grass national park
Tresticklan National Park;	"";	"";	tresticklan national park
Satun province;	"";	"";	satun
Jean de Brébeuf;	"";	"";	jean de brébeuf
Canadian Grand Prix;	"";	"";	canadian grand prix
Willie Keeler;	"";	"";	willie keeler
Amherst, Nova Scotia;	"";	"";	amherst}}</ref>
Canadian Martyrs;	"";	"";	canadian martyrs
Mario Mendoza;	"";	"";	mario mendoza
Kentville;	"";	"";	kentville
Bulldog bat;	"";	"";	bulldog bats
Springhill, Nova Scotia;	"";	"";	springhill}}</ref>
Bridgewater, Nova Scotia;	"";	"";	bridgewater}}</ref>
Schaefer Beer;	"";	"";	schaefer beer
Schaeffer;	"";	"";	schaeffer
Wikipedia:WikiProject Philippine LGUs/Province template;	"";	"";	province of _____
Principal Snyder;	"";	"";	principal snyder
Jacob Astley, 1st Baron Astley of Reading;	"";	"";	the lord astley of reading
Dreams (1990 film);	"";	"";	dreams
Lamoral, Count of Egmont;	"";	"";	lamoral, count of egmont
Augustus II the Strong;	"";	"";	augustus ii
Augustus III of Poland;	"";	"";	augustus iii
Eugene Merle Shoemaker;	"";	"";	eugene merle shoemaker
Greater bulldog bat;	noctilio;	leporinus;	greater bulldog bat
Lesser bulldog bat;	noctilio;	albiventris;	lesser bulldog bat
Klaus Teuber;	"";	"";	klaus teuber
Barisal Division;	"";	"";	barisal division <!-- do not change to barishal, see wp:commonname. -->
Athabasca River;	"";	"";	athabasca river
Sedgemoor;	"";	"";	sedgemoor
Brandenburg Concertos;	"";	"";	''brandenburg concertos''
Fort McHenry;	"";	"";	fort mchenry national monument <br/> and historic shrine
Augusta, Georgia;	"";	"";	augusta
Thomas Rotherham;	"";	"";	thomas rotherham
CSI: Crime Scene Investigation;	"";	"";	"\"csitrilogy\""
Semionotiformes;	"";	"";	semionotiformes
Schnapps;	"";	"";	schnapps
Maiden England;	"";	"";	maiden england
Monomania;	"";	"";	monomania
Celcom;	"";	"";	celcom axiata berhad
Keretapi Tanah Melayu;	"";	"";	keretapi tanah melayu berhad
Staffordshire Bull Terrier;	"";	"";	staffordshire bull terrier
Forktail;	"";	"";	forktails
American Record Company;	"";	"";	american record company
Ernakulam district;	"";	"";	ernakulam district
Changanassery;	"";	"";	changanassery
Terra nullius;	"";	"";	news-heaton's-2014-birtawil-claim
Corona del Mar, Newport Beach;	"";	"";	corona del mar
Otosclerosis;	"";	"";	otosclerosis
Johanna Sinisalo;	"";	"";	aila johanna sinisalo
Gene Amdahl;	"";	"";	gene amdahl
Irvin McDowell;	"";	"";	irvin mcdowell
Longdendale Trail;	"";	"";	longdendale trail
Alain-René Lesage;	"";	"";	alain-rené lesage
University of Seville;	"";	"";	university of seville
Border control;	"";	"";	baseline
Louis Daguerre;	"";	"";	""
Rems-Murr-Kreis;	"";	"";	rems-murr-kreis
Larry Levan;	"";	"";	larry levan
Jim Furyk;	"";	"";	jim furyk
Willow tit;	poecile;	montanus;	""
Mikoyan-Gurevich MiG-25;	"";	"";	mig-25
George Boleyn, Viscount Rochford;	"";	"";	george boleyn
Ethan of Athos;	"";	"";	ethan of athos
Eurasian blue tit;	cyanistes;	caeruleus;	""
PhpBB;	"";	"";	phpbb
Crested tit;	lophophanes;	cristatus;	""
Lactobacillus delbrueckii subsp. bulgaricus;	lactobacillus;	delbrueckii;	""
Schleswig-Holstein Wadden Sea National Park;	"";	"";	schleswig-holstein wadden sea national park
Hamburg Wadden Sea National Park;	"";	"";	hamburg wadden sea national park
Kos;	"";	"";	kos
Web Ontology Language;	"";	"";	owl rdf/xml serialization
Armagh rail disaster;	"";	"";	armagh rail disaster
The United States of America (band);	"";	"";	the united states of america
IBM i;	"";	"";	ibm i
Fédération Internationale de l'Automobile;	"";	"";	''fédération internationale de l'automobile''
West Chester Township, Butler County, Ohio;	"";	"";	west chester township, ohio
Canadian War Museum;	"";	"";	canadian war museum
Pete Trewavas;	"";	"";	pete trewavas
Ray Wilson (musician);	"";	"";	ray wilson
Stingray (1964 TV series);	"";	"";	aqua marina }}</ref> about his feelings for marina, performed by [[gary miller (singer)
Norwich City F.C.;	"";	"";	[[jack stacey]]}}
Dash Mihok;	"";	"";	dash mihok
Uniklinikum Aachen;	"";	"";	university hospital aachen
Dominic Monaghan;	"";	"";	dominic monaghan
Richard Neville, 5th Earl of Salisbury;	"";	"";	richard neville
John Keel;	"";	"";	john a. keel
Speak of the Devil (Ozzy Osbourne album);	"";	"";	speak of the devil
Lorenzo Music;	"";	"";	lorenzo music
Tommy Lee Jones;	"";	"";	tommy lee jones
John Neville, 1st Marquess of Montagu;	"";	"";	john neville
Gloria Jones;	"";	"";	gloria jones
Credo Reference;	"";	"";	credo
Petronius;	"";	"";	petronius
CBC Radio One;	"";	"";	cbc radio one
Clarence Clemons;	"";	"";	clarence clemons
Skipton;	"";	"";	arms of skipton town council
The Fast and the Furious (2001 film);	"";	"";	the fast and the furious
Duke of Clarence;	"";	"";	dukedom of clarence
Duke of Kent;	"";	"";	dukedom of kent
Torness nuclear power station;	"";	"";	torness nuclear power station
Under a Pale Grey Sky;	"";	"";	under a pale grey sky
Duke of Cambridge;	"";	"";	dukedom of cambridge
Evangelical Lutheran Church in America;	"";	"";	evangelical lutheran church in america
Kazuo Miyagawa;	"";	"";	kazuo miyagawa
Paramount Records;	"";	"";	paramount records
Frankfurt Airport;	"";	"";	frankfurt airport
Nando's;	"";	"";	nando's ltd
Patricia Routledge;	"";	"";	patricia routledge
Velvet Tone Records;	"";	"";	velvet tone records
TechTV;	"";	"";	techtv
Ralph Hopton, 1st Baron Hopton;	"";	"";	the lord hopton
Clifford Brown;	"";	"";	clifford brown
Aztalan State Park;	"";	"";	aztalan
Mikhail Sholokhov;	"";	"";	mikhail sholokhov}}
Yarmouth, Nova Scotia;	"";	"";	yarmouth
Brandon, Manitoba;	"";	"";	brandon
Tiny Bradshaw;	"";	"";	tiny bradshaw
Kingsburg, Nova Scotia;	"";	"";	kingsburg}}</ref>
Wouter Bos;	"";	"";	wouter bos
Elk Island National Park;	"";	"";	elk island national park
HSTN;	"";	"";	hstn
The Blind Assassin;	"";	"";	the blind assassin
Desdemona;	"";	"";	desdemona
Zhang Liao;	"";	"";	zhang liao
Bachelor of Commerce;	"";	"";	bachelor of commerce
Huntsville, Ontario;	"";	"";	huntsville
Li Yu (Southern Tang);	"";	"";	li yu<br/>李煜
Bracebridge, Ontario;	"";	"";	bracebridge
Sonny Rollins;	"";	"";	sonny rollins
Gravenhurst, Ontario;	"";	"";	gravenhurst
Ministro Pistarini International Airport;	"";	"";	ministro pistarini <br />international airport
Túrin Turambar;	"";	"";	túrin
Kenny Drew;	"";	"";	kenny drew
Paris, Ontario;	"";	"";	paris
Smiths Falls;	"";	"";	smiths falls
Leonardo da Vinci–Fiumicino Airport;	"";	"";	"rome–fiumicino international airport \"leonardo da vinci\""
Kapuskasing;	"";	"";	kapuskasing
Education in Canada;	"";	"";	seven
University of Massachusetts Amherst;	"";	"";	university of massachusetts amherst
University of Massachusetts;	"";	"";	university of massachusetts
Hartsfield–Jackson Atlanta International Airport;	"";	"";	hartsfield–jackson atlanta international airport
O'Hare International Airport;	"";	"";	chicago o'hare international airport
Raytheon;	"";	"";	raytheon company
Hong Kong International Airport;	"";	"";	hong kong international airport
Amherstburg;	"";	"";	amherstburg
Tecumseh, Ontario;	"";	"";	tecumseh
Milton, Ontario;	"";	"";	milton
Pathé Records;	"";	"";	pathé records
William P. Hobby Airport;	"";	"";	william p. hobby airport
Greater Napanee;	"";	"";	greater napanee
James MacArthur;	"";	"";	james macarthur
Dallas Fort Worth International Airport;	"";	"";	dallas/fort worth international airport
Robert Stillington;	"";	"";	robert stillington
Newark Liberty International Airport;	"";	"";	newark liberty international airport
4th Annual Grammy Awards;	"";	"";	4th annual grammy awards
Laughing kookaburra;	dacelo;	novaeguineae;	""
Blue-winged kookaburra;	dacelo;	leachii;	""
LaGuardia Airport;	"";	"";	laguardia airport
Megumi Hayashibara;	"";	"";	megumi hayashibara
Yui Horie;	"";	"";	yui horie
Corey Haim;	"";	"";	corey haim
Campsis radicans;	campsis;	radicans;	trumpet vine
Rosemary Kennedy;	"";	"";	rosemary kennedy
Donald Curry;	"";	"";	donald curry
Socialist Party USA;	"";	"";	socialist party of the united states of america
Luteinizing hormone;	"";	"";	[[chorionic gonadotropin alpha]]
Social Democrats, USA;	"";	"";	social democrats, usa
A Hard Day's Night (film);	"";	"";	a hard day's night
West Somerset Railway;	"";	"";	west somerset railway
Rie Tanaka;	"";	"";	rie tanaka
Raytheon Missiles & Defense;	"";	"";	raytheon missiles & defense
Bobbejaan Schoepen;	"";	"";	bobbejaan schoepen
The Land Girls;	"";	"";	the land girls
Leisele;	"";	"";	leisele
Peace and Freedom Party;	"";	"";	peace and freedom party
Bellingham railway station;	"";	"";	bellingham
Tapir;	"";	"";	tapir
George Beurling;	"";	"";	george frederick beurling
Schlern;	"";	"";	schlern
Morning Star (British newspaper);	"";	"";	morning star
Reutlingen (district);	"";	"";	reutlingen
Román Baldorioty de Castro;	"";	"";	román baldorioty de castro
Municipalities of the Philippines;	"";	"";	municipalities of the philippines
Elijah Blue Allman;	"";	"";	elijah blue allman
Znojmo;	"";	"";	znojmo
Red Skelton;	"";	"";	red skelton
Laguna de Bay;	"";	"";	{{nowrap
Fred Allen;	"";	"";	fred allen
Tagawa Matsu;	"";	"";	lady tagawa
John French, 1st Earl of Ypres;	"";	"";	the earl of ypres
Ústí nad Labem;	"";	"";	ústí nad labem
Paars;	"";	"";	paars
Great tit;	parus;	major;	great tit
Hibonite;	"";	"";	hibonite
Bambi Meets Godzilla;	"";	"";	bambi meets godzilla
Carcassonne (board game);	"";	"";	''carcassonne''
Highland Football League;	"";	"";	highland football league
Feodosia;	"";	"";	""
Fort Erie, Ontario;	"";	"";	fort erie
Fraxinus excelsior;	fraxinus;	excelsior;	european ash
Grimsby, Ontario;	"";	"";	grimsby
Niagara-on-the-Lake;	"";	"";	niagara-on-the-lake
Monte Cook;	"";	"";	monte cook
Herbert Spencer;	"";	"";	herbert spencer
Crazy Eddie;	"";	"";	crazy eddie
United States Grand Prix;	"";	"";	united states grand prix
Our Lady of Fátima;	"";	no;	our lady of fátima
Edison Records;	"";	"";	edison records
Per mille;	"";	"";	per mille
Š;	"";	"";	eš
Duane Chapman;	"";	"";	duane chapman
Craigellachie, British Columbia;	"";	"";	craigellachie
Andrew Luster;	"";	"";	andrew luster
Yen and yuan sign;	"";	"";	yen and yuan sign
Rio Grande Games;	"";	"";	rio grande games
Port Colborne;	"";	"";	port colborne
Dunadd;	"";	"";	dunadd hillfort
Bristol, Rhode Island;	"";	"";	}}
Thorold;	"";	"";	thorold
Sharman Douglas;	"";	"";	sharman douglas
Mozdev.org;	"";	"";	mozdev.org
Cobourg;	"";	"";	cobourg
