title;	genus;	species;	name
Alabama;	"";	"";	alabama
Achilles;	"";	"";	achilles
Abraham Lincoln;	"";	no;	"\"ranks\""
Aristotle;	"";	"";	aristotle
An American in Paris;	"";	"";	''an american in paris''
Academy Award for Best Production Design;	"";	"";	academy award for best production design
Academy Awards;	"";	"";	academy awards
Actrius;	"";	"";	actresses
Animalia (book);	"";	"";	'''animalia'''
Ayn Rand;	"";	"";	ayn rand
Alain Connes;	"";	"";	alain connes
Allan Dwan;	"";	"";	allan dwan
Algeria;	"";	"";	{{ubl
ASCII;	"";	"";	ascii
Apollo;	"";	"";	apollo
Andre Agassi;	"";	"";	andre agassi
Austroasiatic languages;	"";	"";	austroasiatic
Afroasiatic languages;	"";	"";	afroasiatic
Animal Farm;	"";	no;	animal farm
Amphibian;	"";	"";	amphibians
Alaska;	"";	"";	alaska
Aldous Huxley;	"";	"";	aldous huxley
Apollo 11;	"";	"";	apollo 11
Apollo 8;	"";	"";	apollo 8
A Modest Proposal;	"";	"";	a modest proposal
Alkali metal;	"";	"";	group-numbering
Anatomy;	"";	no;	""
Andrei Tarkovsky;	"";	"";	hoffmanniana
Aardvark;	orycteropus;	afer;	""
Asia;	"";	"";	artsakh
Aruba;	"";	"";	aruba
Atlantic Ocean;	"";	"";	atlantic ocean
Arthur Schopenhauer;	"";	"";	arthur schopenhauer
Angolan Armed Forces;	"";	"";	angolan armed forces
Albert Sidney Johnston;	"";	"";	albert sidney johnston
Alberta;	"";	"";	alberta
Actinopterygii;	"";	"";	ray-finned fish
Albert Einstein;	"";	"";	albert einstein
Afghanistan;	"";	"";	islamic-republic-of-afghanistan}} islamic republic of afghanistan] in [{{geonamesabout}} geonames.org (cc by)]</ref>
Azerbaijan;	"";	"";	"\"control\"}}"
Aikido;	"";	no;	aikido
Abortion;	"";	"";	induced abortion
Ampere;	"";	"";	ampere
Algorithm;	"";	"";	largestnumber}}
Alexander the Great;	"";	"";	alexander the great
Alfred Korzybski;	"";	"";	alfred korzybski
Asteroids (video game);	"";	"";	asteroids}}
Aries (constellation);	"";	"";	aries
Aquarius (constellation);	"";	"";	aquarius
Ankara;	"";	"";	ankara
Arabic;	"";	"";	arabic
Alfred Hitchcock;	"";	"";	alfred hitchcock
Altaic languages;	"";	"";	altaic
Austrian German;	"";	"";	austrian german<br>(austrian)
Axiom of choice;	"";	"";	axiom
Attila;	"";	"";	attila
Aegean Sea;	"";	"";	aegean sea
A Clockwork Orange (novel);	"";	"";	a clockwork orange
Amsterdam;	"";	no}};	amsterdam
Audi;	"";	"";	audi ag
Alfred Nobel;	"";	"";	alfred nobel
Alexander Graham Bell;	"";	"";	alexander graham bell
Anatolia;	"";	"";	anatolia
Apple Inc.;	"";	"";	apple inc.
Aberdeenshire;	"";	"";	aberdeenshire<br />''{{lang
Aztlan Underground;	"";	"";	aztlan underground
American Civil War;	"";	"";	unionpop
Alp Arslan;	"";	"";	alp arslan
American Film Institute;	"";	"";	american film institute
Akira Kurosawa;	"";	"";	akira kurosawa
Analog Brothers;	"";	"";	analog brothers
Motor neuron diseases;	"";	"";	motor neuron disease
Abugida;	"";	"";	ivni}}
ABBA;	"";	"";	abba
MessagePad;	"";	"";	messagepad
A. E. van Vogt;	"";	"";	"movies}} a revised version of \"vault of the beast\" was published in 1940."
Anna Kournikova;	"";	"";	anna kournikova
Alfons Maria Jakob;	"";	"";	alfons maria jakob
Antimony;	"";	"";	priesner
Aluminium;	"";	"";	aluminum}}
Advanced Chemistry;	"";	"";	advanced chemistry
Anglican Communion;	"";	"";	anglican communion
Arne Kaijser;	"";	"";	arne kaijser
Andrey Markov;	"";	"";	andrey andreyevich markov
Anxiety;	"";	no;	""
A. A. Milne;	"";	no;	milne, alan alexander}}</ref> where he studied on a mathematics scholarship, graduating with a [[bachelor of arts
Azincourt;	"";	"";	azincourt
Axon;	"";	"";	axon
Aramaic alphabet;	"";	"";	aramaic alphabet
Ataxia;	"";	"";	ataxia
Ada Lovelace;	"";	"";	the countess of lovelace
August Derleth;	"";	"";	august derleth
Alps;	"";	"";	alps
Albert Camus;	"";	"";	albert camus
Agatha Christie;	"";	"";	agatha christie
The Plague (novel);	"";	"";	the plague
Hercule Poirot;	"";	"";	hercule poirot
Miss Marple;	"";	"";	miss jane marple
Aaron;	"";	"";	aaron
Achill Island;	"";	"";	achill
Allen Ginsberg;	"";	"";	allen ginsberg
Anatoly Karpov;	"";	"";	anatoly karpov
Aristophanes;	"";	"";	aristophanes
Albert Schweitzer;	"";	"";	albert schweitzer
Abscess;	"";	"";	abscess
Aalborg Municipality;	"";	"";	aalborg municipality
Aarhus;	"";	"";	aarhus
Northern cavefish;	amblyopsis;	spelaea;	""
Alexis Carrel;	"";	"";	alexis carrel}} including the nobel lecture on 11 december 1912 ''suture of blood-vessels and transplantation of organs''
Anatole France;	"";	"";	{{lang
André Gide;	"";	"";	andré gide
Almond;	prunus;	amygdalus;	almonds
Antigua and Barbuda Defence Force;	"";	"";	antigua and barbuda defence force
Geography of Azerbaijan;	"";	"";	azerbaijan
Azerbaijani Armed Forces;	"";	"";	azerbaijani armed forces
Politics of Armenia;	"";	"";	political system of armenia
Economy of Armenia;	"";	"";	georgia}} 4.13%
Armed Forces of Armenia;	"";	"";	armed forces of armenia
Avicenna;	"";	"";	avicenna<br />{{transliteration
The Ashes;	"";	"";	the ashes
Abner Doubleday;	"";	"";	abner doubleday
Augustin-Jean Fresnel;	"";	"";	augustin-jean fresnel
Adelaide;	"";	"";	adelaide
Alan Garner;	"";	"";	alan garner
Accordion;	"";	"";	accordion
Artificial intelligence;	"";	no;	"\"problems of ai\"}} [[artificial general intelligence"
Afro Celt Sound System;	"";	"";	afro celt sound system
Anaximander;	"";	"";	anaximander
Aphrodite;	"";	"";	aphrodite
Aleister Crowley;	"";	"";	aleister crowley
Afterlife;	"";	"";	the destiny of the soul: a critical history of the doctrine of a future life}} (extensive 1878 text by [[william rounseville alger]])
Athena;	"";	"";	athena
American Sign Language;	"";	no}};	american sign language
Alan Turing;	"";	"";	alan turing
Area;	"";	no;	area
Astronomical unit;	"";	"";	astronomical unit
Athens;	"";	"";	athens
Anguilla;	"";	"";	anguilla
Ashmore and Cartier Islands;	"";	"";	territory of ashmore and cartier islands
Alexander Mackenzie (politician);	"";	"";	alexander mackenzie
American (word);	"";	"";	ja-american
Ada (programming language);	"";	"";	ada
Alfonso Cuarón;	"";	"";	alfonso cuarón
Advanced Encryption Standard;	"";	"";	advanced encryption standard{{break}}(rijndael)
Geography of Antarctica;	"";	"";	antarctica
List of governors of Alabama;	"";	"";	date-1837-07}}<br />{{small
Antarctic Treaty System;	"";	"";	antarctic treaty
Alfred Lawson;	"";	"";	al lawson
Ames, Iowa;	"";	"";	""
Abalone;	"";	"";	abalone
The Alan Parsons Project;	"";	"";	the alan parsons project
Casa Batlló;	"";	"";	casa batlló
Park Güell;	"";	"";	parc güell
Casa Milà;	"";	"";	casa milà
Arabian Prince;	"";	"";	arabian prince
Associative property;	"";	"";	associative property
The Apache Software Foundation;	"";	"";	the apache software foundation
Americans with Disabilities Act of 1990;	"";	"";	board of trustees of the university of alabama v. garrett
Apple I;	"";	"";	apple computer 1
AK-47;	"";	"";	ak-47
Atanasoff–Berry computer;	"";	"";	atanasoff–berry computer (abc)
Andes;	"";	"";	andes mountains
Anazarbus;	"";	"";	anazarbus
Anadyr (river);	"";	"";	anadyr
André-Marie Ampère;	"";	"";	andré-marie ampère
Ammonia;	"";	"";	ammonia
Amethyst;	"";	"";	amethyst
Albertosaurus;	albertosaurus;	sarcophagus;	""
Assembly language;	"";	"";	assembly language
Ambrose;	"";	"";	ambrose of milan
Ambracia;	"";	"";	ambracia
Amalaric;	"";	"";	amalaric
Alphorn;	"";	"";	alphorn
Alder;	"";	"";	alder
Amos Bronson Alcott;	"";	no;	amos bronson alcott
Arachnophobia;	"";	"";	arachnophobia
Ahab;	"";	"";	ahab
Algol;	"";	"";	algol
Amazing Grace;	"";	"";	"\"amazing grace\""
AOL;	"";	"";	aol
Anno Domini;	"";	"";	capsnote
Alcuin;	"";	"";	alcuin of york
Angilbert;	"";	"";	angilbert of ponthieu
April 29;	"";	"";	mitchell, parren james
Animism;	"";	no;	""
Adrian;	"";	"";	adrian
Aare;	"";	"";	aare
Abbotsford, Scottish Borders;	"";	"";	abbotsford
Abraham;	"";	"";	abraham
Absalom;	"";	"";	absalom
Abydos, Egypt;	"";	"";	abydos
Abydos (Hellespont);	"";	"";	abydos
Acacia sensu lato;	"";	"";	''acacia s.l.''
Acapulco;	"";	"";	acapulco
Alan Kay;	"";	"";	alan kay
APL (programming language);	"";	"";	apl
ALGOL;	"";	"";	algol
AWK;	"";	"";	awk
Apollo program;	"";	"";	apollo program
Alabama River;	"";	"";	alabama river
Alain de Lille;	"";	"";	alain de lille
NYSE American;	"";	"";	nyse american
Alfred Russel Wallace;	"";	"";	alfred russel wallace
Australian Labor Party;	"";	"";	australian labor party
Dodo (Alice's Adventures in Wonderland);	"";	[[dodo]];	dodo
Albert Alcibiades, Margrave of Brandenburg-Kulmbach;	"";	"";	albert alcibiades
Albert the Bear;	"";	"";	albert (german: albrecht) of ballenstedt }}
Albert of Brandenburg;	"";	"";	albert of brandenburg
Albert, Duke of Prussia;	"";	"";	albert
Aachen;	"";	"";	aachen
Agate;	"";	"";	agate
Ahmed I;	"";	"";	ahmed i
Ahmed II;	"";	"";	ahmed ii
Ahmed III;	"";	"";	ahmed iii
Acupuncture;	"";	"";	acupuncture
Aeneas;	"";	"";	aeneas
Amaranth;	"";	"";	""
Agapanthus africanus;	"";	"";	african lily
Aga Khan I;	"";	"";	aga khan i
Aga Khan III;	"";	"";	aga khan iii mohammad shah
Alexander Agassiz;	"";	"";	alexander agassiz
Agesilaus II;	"";	"";	agesilaus ii
Antonio Agliardi;	"";	"";	antonio agliardi
Ahmad Shah Durrani;	"";	"";	ahmad shah durrani<br/>{{lang
Arthur Aikin;	"";	"";	arthur aikin
Ailanthus;	"";	"";	ailanthus desf.
Ajax the Great;	"";	"";	ajax the great
Alaric I;	"";	"";	"flavius alaricus<span class=\"plainlinks\"></span>"
Alaric II;	"";	"";	alaric ii
Albertus Magnus;	"";	"";	albertus magnus
Alboin;	"";	"";	alboin
Afonso de Albuquerque;	"";	"";	afonso de albuquerque
Alcaeus of Mytilene;	"";	no;	""
Alcmene;	"";	"";	alcmene
Alexander I of Epirus;	"";	"";	alexander i
Alexander Balas;	"";	"";	alexander i balas
Alexander II of Epirus;	"";	"";	alexander ii
Alexander III of Russia;	"";	"";	alexander iii
Alexander I of Scotland;	"";	"";	alexander i
Alexander II of Scotland;	"";	"";	alexander ii
Alexander I of Serbia;	"";	"";	alexander i
Alexander III of Scotland;	"";	"";	alexander iii
Severus Alexander;	"";	"";	severus alexander
Alexander;	"";	"";	alexander
Alexander Jannaeus;	"";	"";	alexander jannaeus
Alexios I Komnenos;	"";	"";	alexios i komnenos
Alexios II Komnenos;	"";	"";	alexios ii komnenos
Alexios III Angelos;	"";	"";	alexios iii angelos
Alexios V Doukas;	"";	"";	alexios v doukas
Alexei Petrovich, Tsarevich of Russia;	"";	"";	alexei petrovich
Andrew Jackson;	"";	"";	andrew jackson
Andrew Johnson;	"";	"";	andrew johnson
Aleksandr Solzhenitsyn;	"";	"";	aleksandr solzhenitsyn
Aberdeen;	"";	"";	"\"new 2011 category\""
Alfred the Great;	"";	"";	wantage1
Alessandro Algardi;	"";	"";	alessandro algardi
Algiers;	"";	"";	algiers
Ibn al-Haytham;	"";	"";	alhazen<br />{{transliteration
Alessandro Allori;	"";	"";	alessandro allori
Alyattes;	"";	"";	{{transl
Amalric of Bena;	"";	"";	amalric of bena
Afonso I of Portugal;	"";	"";	afonso i of portugal
Afonso II of Portugal;	"";	"";	afonso ii
Afonso III of Portugal;	"";	"";	afonso iii
Afonso IV of Portugal;	"";	"";	afonso iv
Afonso V of Portugal;	"";	"";	afonso v
Afonso VI of Portugal;	"";	"";	afonso vi
Alfonso XIII;	"";	"";	alfonso xiii
Alfonso the Battler;	"";	"";	alfonso i
Amaryllis;	"";	"";	''amaryllis belladonna'' l.
Alfonso III of Aragon;	"";	"";	alfonso iii
Alfonso IV of Aragon;	"";	"";	alfonso iv
Amasis II;	"";	"";	amasis ii
Alfonso V of Aragon;	"";	"";	alfonso v
Amathus;	"";	"";	amathus, amathous
Alphons;	"";	"";	alphons
Ambiorix;	"";	"";	ambiorix
Amazon River;	"";	no;	amazon river
Autpert Ambrose;	"";	"";	autpert ambrose
Abu Bakr;	"";	"";	abu bakr <br> أَبُو بَكْرٍ
Ambrose Traversari;	"";	"";	ambrose traversari
Ambrosiaster;	"";	"";	pseudo-ambrose
Ammonius Hermiae;	"";	"";	ammonius hermiae
Ammonius Saccas;	"";	"";	ammonius saccas
Amphipolis;	"";	"";	amfipoli
Amyntas I of Macedon;	"";	"";	amyntas i
Amyntas III of Macedon;	"";	"";	amyntas iii
Anacharsis;	"";	"";	anacharsis
Ānanda;	"";	"";	ānanda
Anaxagoras;	"";	"";	anaxagoras
Anastasius;	"";	"";	anastasius
Anaximenes of Miletus;	"";	"";	anaximenes of miletus
Ancus Marcius;	"";	"";	ancus marcius
Andaman Islands;	"";	"";	andaman islands
Andrew II of Hungary;	"";	"";	andrew ii
An Enquiry Concerning Human Understanding;	"";	"";	an enquiry concerning human understanding
Andriscus;	"";	"";	andriscus (philip vi)
Andronikos III Palaiologos;	"";	"";	andronikos iii palaiologos
Andronikos II Palaiologos;	"";	"";	andronikos ii palaiologos
Andronikos I Komnenos;	"";	"";	andronikos i komnenos
Ammianus Marcellinus;	"";	"";	ammianus marcellinus
Apollo 13;	"";	"";	apollo 13
Apollo 7;	"";	"";	apollo 7
Apollo 9;	"";	"";	apollo 9
Arthritis;	"";	"";	arthritis
Acetylene;	"";	"";	acetylene
Apuleius;	"";	"";	apuleius
Alexander Selkirk;	"";	"";	alexander selkirk
Acre;	"";	"";	acre
Adenosine triphosphate;	"";	"";	adenosine-5'-triphosphate
Antibiotic;	"";	"";	<!-- omit to use page name -->
Arnold Schwarzenegger;	"";	"";	arnold schwarzenegger
Amway;	"";	"";	amway corp
Adam Smith;	"";	"";	adam smith
Antoine Lavoisier;	"";	"";	antoine-laurent de lavoisier
Hermann Kolbe;	"";	"";	hermann kolbe
Amitabh Bachchan;	"";	"";	amitabh bachchan
Agathocles of Syracuse;	"";	"";	agathocles
Augustin-Louis Cauchy;	"";	"";	augustin-louis cauchy
Archimedes;	"";	"";	archimedes of syracuse
Alternative medicine;	"";	no;	harrisonquote
Antiprism;	"";	"";	set of uniform {{nowrap
Arizona State University;	"";	"";	arizona state university
Astoria, Oregon;	"";	"";	astoria
Alfred Jarry;	"";	"";	alfred jarry
Amalric;	"";	"";	amalric
Amalric of Jerusalem;	"";	"";	amalric
Aimery of Cyprus;	"";	"";	aimery
Absalon;	"";	"";	absalon
Adhemar of Le Puy;	"";	"";	adhemar of le puy
Alfonso Jordan;	"";	"";	alfonso jordan
Art Deco;	"";	"";	art deco
ASCII art;	"";	"";	ascii art
Alexius;	"";	"";	alexius
American English;	"";	"";	american english
Albert Spalding;	"";	"";	albert goodwill spalding
Africa Alphabet;	"";	"";	african alphabet
Australian English;	"";	"";	australian english
American Airlines Flight 77;	"";	"";	american airlines flight 77
Al-Qaeda;	"";	"";	al-qaeda
Alessandro Volta;	"";	"";	alessandro volta
Andromeda (mythology);	"";	"";	andromeda
Antlia;	"";	"";	antlia
Ara (constellation);	"";	"";	ara
Arkansas;	"";	"";	state of arkansas
Apus;	"";	"";	apus
Abadan, Iran;	"";	"";	abadan
Alexander Fleming;	"";	"";	alexander fleming
Andrew Carnegie;	"";	"";	andrew carnegie
Australian Democrats;	"";	"";	australian democrats
Australian Capital Territory;	"";	"";	australian capital territory
American Civil Liberties Union;	"";	"";	american civil liberties union
Adobe Inc.;	"";	"";	adobe, inc.
Andrea Alciato;	"";	"";	""
Apollo 1;	"";	"";	apollo 1
Apollo 10;	"";	"";	apollo 10
Apollo 12;	"";	"";	apollo 12
Apollo 14;	"";	"";	apollo 14
Apollo 15;	"";	"";	apollo 15
Apollo 16;	"";	"";	apollo 16
Apollo 17;	"";	"";	apollo 17
American Revolution;	"";	"";	american revolution
Alan Ayckbourn;	"";	"";	alan ayckbourn
Alpha Centauri;	"";	"";	alpha centauri ab<ref group=note>[[proxima centauri]] is gravitationally bound to the α centauri system, but for practical and historical reasons it is described in detail in its own article.</ref>
Amiga;	"";	"";	amiga
Abel Tasman;	"";	"";	abel tasman
Austin, Texas;	"";	"";	austin
Auschwitz concentration camp;	"";	"";	auschwitz<br />{{small
Alvar Aalto;	"";	"";	alvar aalto
Arbor Day;	"";	"";	arbor day leaves – a complete programme for arbor day observance, including readings, recitations, music, and general information}}
A. J. Ayer;	"";	"";	a. j. ayer
André Weil;	"";	"";	andré weil
Atle Selberg;	"";	"";	atle selberg
Aeschylus;	"";	"";	aeschylus
Crandall University;	"";	"";	crandall university
Andrew Wiles;	"";	no}};	andrew wiles
Anne Brontë;	"";	"";	anne brontë
Augustine of Hippo;	"";	"";	augustine of hippo
August Horch;	"";	"";	august horch
Ares;	"";	"";	ares
Alexander Grothendieck;	"";	"";	alexander grothendieck
Alcoholics Anonymous;	"";	"";	alcoholics anonymous
Amerigo Vespucci;	"";	"";	amerigo vespucci
Aristide Maillol;	"";	"";	aristide maillol
Antonio Canova;	"";	"";	antonio canova
Auguste Rodin;	"";	"";	auguste rodin
Ann Arbor, Michigan;	"";	"";	ann arbor
Acorn Electron;	"";	"";	acorn electron
A Fire Upon the Deep;	"";	"";	a fire upon the deep
Auguste and Louis Lumière;	"";	"";	auguste and louis lumière
Assyria;	"";	"";	gen}} throughout the 20th century, many unsuccessful [[proposals for assyrian autonomy in iraq
Aphasia;	"";	"";	aphasia
Aorta;	"";	"";	aorta
Andrew Tridgell;	"";	"";	andrew tridgell
Applesoft BASIC;	"";	"";	applesoft basic
Asterix;	"";	"";	asterix
Arizona Cardinals;	"";	"";	arizona cardinals
Atlanta Falcons;	"";	"";	atlanta falcons
Adalbert of Prague;	"";	"";	adalbert of prague
Ælfheah of Canterbury;	"";	"";	ælfheah
IBM AIX;	"";	"";	aix
Apple III;	"";	"";	apple iii
AVL tree;	"";	"";	avl tree
Ani DiFranco;	"";	"";	ani difranco
Arizona Diamondbacks;	"";	"";	arizona diamondbacks
Arthur Wellesley;	"";	"";	wellesley, arthur}}
Atlanta Braves;	"";	"";	atlanta braves
Atari ST;	"";	"";	atari st
Aaliyah;	"";	"";	aaliyah
Anton Drexler;	"";	"";	anton drexler
All Quiet on the Western Front;	"";	"";	all quiet on the western front
African Americans;	"";	no}};	""
Artistic License;	"";	"";	artistic license
Afrikaans;	"";	"";	afrikaans
Arsenal F.C.;	"";	"";	[[aaron ramsdale]]}}
Ahmad Shah Massoud;	"";	"";	ahmad shah massoud<br />{{nq
Arcadius;	"";	"";	arcadius
Arabs;	"";	"";	"}} mainly inhabiting the [[arab world]] in [[western asia]] and [[northern africa]], which formally denotes the \"arab homeland\".<ref>{{cite web"
Armadillo;	"";	"";	armadillos
April 20;	"";	"";	john carney
Amstrad CPC;	"";	"";	amstrad cpc
Abdulaziz al-Omari;	"";	"";	abdulaziz al-omari<br> عبد العزيز العُمري
Aage Bohr;	"";	"";	aage bohr
Arabic alphabet;	"";	"";	arabic alphabet
Arctic fox;	"";	"";	arctic fox
Abu Sayyaf;	"";	"";	abu sayyaf
Armenian language;	"";	"";	armenian
Ælle of Sussex;	"";	"";	ælle
Atari;	"";	"";	atari
Acadia University;	"";	"";	acadia university
Steel-string acoustic guitar;	"";	"";	steel-string acoustic guitar
Antipope John XXIII;	"";	"";	john xxiii
Antonio Salieri;	"";	"";	antonio salieri
Cobble Hill Tunnel;	"";	"";	cobble hill historic district
Chemistry of ascorbic acid;	"";	"";	{{sm
AFC Ajax;	"";	"";	[[gerónimo rulli]]}}
Arthur Eddington;	"";	"";	arthur eddington
Alexis Korner;	"";	"";	alexis korner
AZ Alkmaar;	"";	"";	[[mathew ryan]]}}
Adrenal gland;	"";	"";	adrenal gland
A360media;	"";	"";	a360 media, llc
Aramaic;	"";	"";	aramaic
Saint Titus;	"";	"";	titus
Arthur Miller;	"";	no}};	arthur miller
Anton Diabelli;	"";	"";	anton diabelli}}
Anita Hill;	"";	"";	anita hill
Area 51;	"";	"";	homey airport
Rise and Fall of the City of Mahagonny;	"";	"";	{{lang
Avery Hopwood;	"";	"";	avery hopwood
Antipope Felix II;	"";	"";	felix
AS Roma;	"";	"";	[[rui patrício]]}}
Abu Nidal Organization;	"";	"";	fatah – the revolutionary council
Alessandro Scarlatti;	"";	"";	""
Aston Martin;	"";	"";	aston martin lagonda<br>global holdings plc
Albert Pike;	"";	"";	albert pike
Abdul Rashid Dostum;	"";	"";	abdul rashid dostum
Andhra Pradesh;	"";	"";	andhra pradesh
Accelerated Graphics Port;	"";	"";	agp
Aalen;	"";	"";	aalen
Alois Alzheimer;	"";	"";	alois alzheimer
American Airlines;	"";	"";	group}}
Akio Morita;	"";	"";	akio morita
Anthony Hopkins;	"";	"";	anthony hopkins
Ardal O'Hanlon;	"";	"";	ardal o'hanlon}}
AMD;	"";	"";	advanced micro devices, inc.
Albrecht Dürer;	"";	"";	albrecht dürer
Australian rules football;	"";	"";	australian rules football
Aon (company);	"";	"";	aon plc
Alban Berg;	"";	"";	alban berg
A cappella;	"";	"";	a cappella
Alicante;	"";	"";	alicante
Ann Widdecombe;	"";	"";	ann widdecombe
Aurangzeb;	"";	"";	aurangzeb <br />alamgir i
Minute and second of arc;	"";	"";	arcminute
Alberto Giacometti;	"";	"";	alberto giacometti
Albrecht Altdorfer;	"";	no;	albrecht altdorfer
Acceleration;	"";	"";	acceleration
Anton Chekhov;	"";	no}};	anton chekhov
Action Against Hunger;	"";	"";	action against hunger
Apoptosis;	"";	"";	apoptosis
Aargau;	"";	"";	canton of aargau
Ababda people;	"";	"";	ababda
American Quarter Horse;	"";	"";	american quarter horse
Abacá;	musa;	textilis;	abacá<br/>''musa textilis''
Abadeh;	"";	"";	}}
Abae;	"";	"";	""
Arc de Triomphe;	"";	no;	arc de triomphe
Amazonite;	"";	"";	amazonite
Ambrosius Bosschaert;	"";	"";	ambrosius bosschaert
Aurochs;	bos;	primigenius;	""
Anus;	"";	"";	anus
African National Congress;	"";	"";	african national congress
Amphetamine;	"";	"";	adderalldiff
Arnulf of Carinthia;	"";	"";	arnulf of carinthia
Asian Development Bank;	"";	"";	asian development bank
Aswan;	"";	"";	aswan
Adelaide of Italy;	"";	"";	adelaide of italy
Airbus A300;	"";	"";	airbus a300
Adenylyl cyclase;	"";	"";	adenylate cyclase
Alexandra;	"";	"";	alexandra
Articolo 31;	"";	"";	articolo 31
Alexander Kerensky;	"";	"";	alexander kerensky
Ansgar;	"";	"";	ansgar
Arapaoa Island;	"";	"";	arapaoa island
Arthur Phillip;	"";	"";	arthur phillip
Angus, Scotland;	"";	"";	angus
André the Giant;	"";	"";	andré the giant
Adrastea (moon);	"";	"";	adrastea
Apache HTTP Server;	"";	"";	apache http server
Ant;	"";	"";	ants
Abano Terme;	"";	"";	abano terme
Antoine Thomson d'Abbadie;	"";	"";	antoine thomson d'abbadie
Abba Mari;	"";	"";	abba mari ben moses ben joseph <br/>{{script/hebrew
Abbas II of Egypt;	"";	"";	abbas ii helmy
Abbas Mirza;	"";	"";	prince abbas mirza<br>شاهزاده عباس ميرزا
George Abbot (bishop);	"";	"";	george abbot
Aeacus;	"";	"";	aeacus
Aeclanum;	"";	"";	aeclanum
Aegeus;	"";	"";	aegeus
Aegina;	"";	"";	aegina
Aelia Capitolina;	"";	"";	aelia capitolina
Arthur St. Clair;	"";	"";	arthur st. clair
Ajaccio;	"";	"";	ajaccio
Ajmer;	"";	"";	ajmer
Afyonkarahisar;	"";	"";	afyonkarahisar
Abba Arikha;	"";	"";	abba arikha
Abd al-Latif al-Baghdadi;	"";	"";	abd al-latif al-baghdadi <br />{{lang
Abd al-Rahman I;	"";	"";	abd al-rahman i
Abd ar-Rahman II;	"";	"";	abd ar-rahman al-awsat <br />عبد الرحمن الأوسط
Abd al-Rahman III;	"";	"";	abd al-rahman iii<br />(عبد&nbsp;الرحمن&nbsp;الناصر&nbsp;لدين&nbsp;الله)
Abd al-Rahman IV;	"";	"";	abd ar-rahman iv mortada <br> عبد الرحمن المرتضى‎
Abd al-Rahman V;	"";	"";	abd ar-rahman v<br>عبدالرحمٰن الخامس
Abdulaziz;	"";	"";	abdulaziz
Abdera, Spain;	"";	"";	abdera
Abdera, Thrace;	"";	"";	abdera
Apollos;	"";	"";	apollos
Abdul Hamid I;	"";	"";	abdul hamid i
Abdur Rahman Khan;	"";	"";	abdur rahman khan
Aberavon (UK Parliament constituency);	"";	"";	aberavon
Amy Grant;	"";	"";	amy grant
Arthur William à Beckett;	"";	"";	à beckett, arthur william
Aberdeen, South Dakota;	"";	"";	aberdeen, south dakota
Anders Celsius;	"";	"";	anders celsius
Adam Carolla;	"";	"";	adam carolla
Atlas Autocode;	"";	"";	atlas autocode
Au file format;	"";	"";	au
Andalusia;	"";	"";	andalusia
Abigail;	"";	"";	abigail
Azad Kashmir;	"";	"";	azad jammu and kashmir
Arabian Sea;	"";	"";	arabian sea
Aspartame;	"";	"";	aspartame
AutoCAD;	"";	"";	autocad
AutoCAD DXF;	"";	"";	drawing interchange format
ACE inhibitor;	"";	"";	angiotensin-converting-enzyme inhibitor
Parallel ATA;	"";	"";	parallel ata
Atari 2600;	"";	"";	pacman}}
Andrei Sakharov;	"";	"";	andrei sakharov
Astrobiology;	"";	no;	""
Australian Army;	"";	"";	"koalas}} and \"chocos\"{{efn"
American Registry for Internet Numbers;	"";	"";	american registry for internet numbers ltd.
Akihabara;	"";	"";	akihabara
Aldona of Lithuania;	"";	"";	aldona of lithuania
Aron Nimzowitsch;	"";	"";	aron nimzowitsch
Aragonese language;	"";	"";	aragonese
A Vindication of the Rights of Woman;	"";	"";	''a vindication of the rights of woman: with strictures on political and moral subjects''
Afghan Hound;	"";	"";	afghan hound
Azawakh;	"";	"";	azawakh
Angular momentum;	"";	no;	angular momentum
Aung San Suu Kyi;	"";	no;	aung san suu kyi
Abraham Joshua Heschel;	"";	no;	abraham joshua heschel
Aberdeen Bestiary;	"";	"";	aberdeen bestiary
Andrzej Sapkowski;	"";	"";	andrzej sapkowski
Amanda Hesser;	"";	"";	""
Archduke Charles, Duke of Teschen;	"";	"";	archduke charles
Augustine of Canterbury;	"";	"";	augustine
Alexander of Hales;	"";	"";	alexander of hales
Active Server Pages;	"";	"";	active server pages (asp)
A Wizard of Earthsea;	"";	"";	a wizard of earthsea
Alex Lifeson;	"";	"";	alex lifeson
ArgoUML;	"";	"";	argouml
Artemis;	"";	"";	artemis
Axayacatl;	"";	"";	axayacatl
Ahuitzotl;	"";	"";	ahuizotl
Albinism in humans;	"";	"";	albinism
Amr Diab;	"";	"";	amr diab
Anaïs Nin;	"";	"";	anaïs nin
AIM (software);	"";	"";	aim
Association for Computing Machinery;	"";	"";	association for computing machinery
Anabaptism;	"";	no;	""
And did those feet in ancient time;	"";	"";	and did those feet in ancient time
A Little Night Music;	"";	"";	a little night music
Agner Krarup Erlang;	"";	"";	agner krarup erlang
Anyone Can Whistle;	"";	"";	anyone can whistle
Ain't I a Woman? (book);	"";	"";	ain't i a woman?
AMOS (programming language);	"";	"";	amos
Arcadia 2001;	"";	"";	arcadia 2001
Alcoholism;	"";	no;	alcoholism
Anti-Ballistic Missile Treaty;	"";	"";	anti-ballistic missile treaty
Amputation;	"";	"";	amputation
Arthur Laurents;	"";	"";	arthur laurents
Adrian Lamo;	"";	"";	adrián lamo
Associate Justice of the Supreme Court of the United States;	"";	"";	"\"startend\"}}"
Alan Jay Lerner;	"";	"";	alan jay lerner
Al Capp;	"";	"";	al capp
Ann Druyan;	"";	"";	ann druyan
Analcime;	"";	"";	analcime
Alexey Pajitnov;	"";	"";	alexey pajitnov
ʻAbdu'l-Bahá;	"";	"";	ʻabdu'l-bahá
Ambrose of Alexandria;	"";	"";	ambrose
Anubis;	"";	"";	anubis
Arthur Jensen;	"";	"";	arthur jensen
A Funny Thing Happened on the Way to the Forum;	"";	"";	a funny thing happened<br> on the way to the forum
Adoptionism;	"";	"";	"\"loke2017\""
Abu al-Faraj al-Isfahani;	"";	"";	abu al-faraj al-isfahani
Autumn;	"";	no}};	""
Alameda, California;	"";	"";	alameda
Athlon;	"";	"";	 athlon
Amnon;	"";	"";	amnon
Amu Darya;	"";	"";	amu darya
Arcturus;	"";	"";	alramech
Albert Brooks;	"";	"";	albert brooks
Antares;	"";	"";	cor scorpii
Aldebaran;	"";	"";	<!--name of star (only use if article title differs from planet host star name)-->
Altair;	"";	"";	atair
Australian Broadcasting Corporation;	"";	"";	australian broadcasting corporation
Alexandria, Indiana;	"";	"";	alexandria, indiana
Alexandria, Louisiana;	"";	"";	alexandria
Alexandria Troas;	"";	"";	alexandria troas
Angela Vincent;	"";	"";	angela vincent
Akira Toriyama;	"";	"";	akira toriyama
Epsilon Ursae Majoris;	"";	"";	alioth, allioth, aliath
Amiga 500;	"";	"";	amiga 500
Andrew S. Tanenbaum;	"";	"";	andy tanenbaum
Ariane 5;	"";	"";	ariane 5
Arianespace;	"";	"";	arianespace
Abu Zubaydah;	"";	"";	abu zubaydah
Agra Canal;	"";	"";	agra canal
Adolphe Sax;	"";	"";	adolphe sax
Arteriovenous malformation;	"";	"";	arteriovenous malformation
Atlanta;	"";	"";	atlanta
A Doll's House;	"";	"";	a doll's house
AIM-7 Sparrow;	"";	"";	aim-7 sparrow
AIM-120 AMRAAM;	"";	"";	aim-120 amraam
AGM-88 HARM;	"";	"";	agm-88 harm
AGM-65 Maverick;	"";	"";	agm-65 maverick
AIM-54 Phoenix;	"";	"";	aim-54 phoenix
Lockheed AC-130;	"";	"";	ac-130
ACF Fiorentina;	"";	"";	[[pietro terracciano]]}}
Afrobeat;	"";	"";	afrobeat
Adin Steinsaltz;	"";	"";	adin even-israel steinsaltz
A. E. Housman;	"";	"";	a. e. housman
Mexican tetra;	astyanax;	mexicanus;	mexican tetra
Al Capone;	"";	"";	al capone
Army of Darkness;	"";	"";	army of darkness
RUR-5 ASROC;	"";	"";	rur-5 asroc
Ahmed al-Nami;	"";	"";	ahmed al-nami
Ahmed al-Haznawi;	"";	"";	ahmed al-haznawi
Athanasius of Alexandria;	"";	"";	athanasius of alexandria
Azores;	"";	"";	azores
Outback;	"";	"";	outback
Absolute Infinite;	"";	"";	gesammelteabhandlungen}}
Albert Frederick, Duke of Prussia;	"";	"";	albert frederick
National Alliance (Italy);	"";	"";	national alliance
Arno;	"";	"";	arno
Anthony the Great;	"";	"";	anthony the great
Amblygonite;	"";	"";	amblygonite
Amygdalin;	"";	"";	laetrile
Anthony, King of Saxony;	"";	"";	anthony
Albert III, Duke of Saxony;	"";	"";	albert iii
Arlo Guthrie;	"";	no}};	arlo guthrie
Bonn;	"";	"";	bonn
The Birth of a Nation;	"";	"";	the birth of a nation
Baltic Sea;	"";	"";	baltic sea region
The Bronx;	"";	"";	the bronx
BearShare;	"";	"";	bearshare
Belgium;	"";	"";	"atlantic mixed forests}}</ref> belgium had a 2018 [[forest landscape integrity index]] mean score of 1.36/10, ranking it 163rd globally out of 172 countries.<ref name=\"flii-supplementary\">{{cite journal"
Blues;	"";	"";	blues
Berlin;	"";	"";	berlin
Beer;	"";	"";	beer
Byte;	"";	"";	byte
Blood on the Tracks;	"";	"";	blood on the tracks
Love and Theft (Bob Dylan album);	"";	"";	love and theft
Britney Spears;	"";	"";	britney spears
Black Forest;	"";	"";	black forest
Black Sea;	"";	"";	black sea
Bible;	"";	"";	"\"ndq\"}} probably commissioned by [[ptolemy ii philadelphus]], king of egypt, it addressed the need of the primarily greek-speaking jews of the graeco-roman diaspora.{{sfn"
British Columbia;	"";	"";	british columbia
The Buddha;	"";	"";	"\"buddha-statue\"}}"
Branchiopoda;	"";	"";	branchiopoda
Baruch Spinoza;	"";	"";	baruch spinoza
Bird;	"";	aves}};	birds
...Baby One More Time (album);	"";	"";	...baby one more time
Bulgaria;	"";	"";	one
Bulletin board system;	"";	no;	""
String Quartet No. 16 (Beethoven);	"";	"";	string quartet
Symphony No. 9 (Beethoven);	"";	"";	symphony no. 9
Piano Trios, Op. 1 (Beethoven);	"";	"";	piano trios
Piano Trio, Op. 97 (Beethoven);	"";	"";	piano trio
Cue sports;	"";	"";	cue sports
Bursa;	"";	"";	bursa
Baker Island;	"";	"";	baker island
Bassas da India;	"";	"";	""
Bermuda;	"";	"";	bermuda
Bolivia;	"";	"";	{{collapsible list
Bosnia and Herzegovina;	"";	"";	languages
British Virgin Islands;	"";	"";	virgin islands
Armed Forces of Belarus;	"";	"";	armed forces of the republic of belarus
Geography of Bosnia and Herzegovina;	"";	"";	bosnia and herzegovina
Armed Forces of Bosnia and Herzegovina;	"";	"";	armed forces of bosnia and herzegovina
Geography of Botswana;	"";	"";	botswana
Geography of Brazil;	"";	"";	brazil
Politics of Brazil;	"";	"";	politics of brazil
Brazilian Armed Forces;	"";	"";	brazilian armed forces
Geography of the British Virgin Islands;	"";	"";	british virgin islands
Geography of Brunei;	"";	"";	brunei
Geography of Bulgaria;	"";	"";	bulgaria
Bulgarian Armed Forces;	"";	"";	bulgarian army
Politics of Burkina Faso;	"";	"";	status
Burkina Faso Armed Forces;	"";	"";	burkina faso armed forces
Geography of Burundi;	"";	"";	burundi
Demographics of Burundi;	"";	"";	h}}
National Defence Force (Burundi);	"";	"";	national defence force
Bosporus;	"";	"";	bosporus strait
Brussels;	"";	"";	brussels
Bell Labs;	"";	"";	nokia bell labs
Bjarne Stroustrup;	"";	"";	bjarne stroustrup
Brain;	"";	"";	brain
Byzantium;	"";	"";	byzantium
Berlin Wall;	"";	"";	the berlin wall
UK bass;	"";	"";	uk bass
Bhangra (music);	"";	"";	bhangra
Beastie Boys;	"";	no;	beastie boys
Basque language;	"";	"";	basque
Björn Ulvaeus;	"";	"";	björn ulvaeus
Benny Andersson;	"";	"";	benny andersson
Bluetooth;	"";	"";	bluetooth
Bluetooth Special Interest Group;	"";	"";	bluetooth special interest group
Boney M.;	"";	"";	boney m.
Blade Runner;	"";	"";	blade runner
Bill Gates;	"";	"";	bill gates
Belgian Blue;	"";	"";	belgian blue
Boron;	"";	"";	rio tinto borax mine
Bundestag;	"";	"";	german bundestag
BMW;	"";	"";	bayerische motoren werke ag
Bornholm;	"";	"";	bornholm
Bal Thackeray;	"";	"";	balasaheb thackeray
Bille August;	"";	"";	bille august
Bitola;	"";	"";	bitola
Boogie Down Productions;	"";	"";	boogie down productions
Binary-coded decimal;	"";	"";	gottschalk v. benson
Bumin Qaghan;	"";	"";	bumin qaghan
Bilge Qaghan;	"";	"";	bilge qaghan
Beowulf;	"";	"";	''beowulf''
Blazing Saddles;	"";	"";	blazing saddles
Bruce Sterling;	"";	no}};	bruce sterling
Brain abscess;	"";	"";	brain abscess
Brigitte Bardot;	"";	no}};	brigitte bardot
Banjo;	"";	"";	banjo
Baseball;	"";	"";	baseball
Major League Baseball Most Valuable Player Award;	"";	"";	major league baseball most valuable player award (mvp)
Major League Baseball Rookie of the Year Award;	"";	"";	rookie of the year award
National League Championship Series;	"";	"";	hou
American League Championship Series;	"";	"";	mil
American League Division Series;	"";	"";	mil
National League Division Series;	"";	"";	hou
Bluetongue disease;	"";	bluetongue virus;	""
Bruce Perens;	"";	"";	bruce perens
Bernard Montgomery;	"";	"";	the viscount montgomery of alamein
Herman Boerhaave;	"";	"";	herman boerhaave
Benjamin Disraeli;	"";	"";	the earl of beaconsfield
Binomial distribution;	"";	"";	binomial distribution
Bass guitar;	"";	"";	bass guitar
Basketball;	"";	"";	basketball
Braille;	"";	"";	''' braille'''
Blowfish (cipher);	"";	"";	blowfish
Blue Velvet (film);	"";	"";	blue velvet
Bagpipes;	"";	"";	bagpipe
Badminton;	"";	no;	badminton
Baroque;	"";	"";	baroque
Bodhisattva;	"";	"";	bodhisattva}}
Bicycle;	"";	"";	bicycle
Buffalo, New York;	"";	"";	buffalo
Benjamin Franklin;	"";	"";	benjamin franklin
Banach space;	"";	"";	hahn–banach theorem
Bram Stoker;	"";	no;	bram stoker
Blood;	"";	"";	blood
Benoit Mandelbrot;	"";	"";	"benoit<span style=\"font-size:80%;font-weight:normal\"><!-- the following syntax required to permit nested refs: -->{{#tag:ref"
Benedict of Nursia;	"";	"";	benedict of nursia
Battle of Pharsalus;	"";	"";	pompeynumbers
Bigfoot;	"";	"";	bigfoot
Bing Crosby;	"";	"";	bing crosby
Basel Convention;	"";	"";	basel convention
Bar Kokhba (album);	"";	"";	bar kokhba
Borland;	"";	"";	borland software corporation
Buckminster Fuller;	"";	"";	buckminster fuller
Bill Watterson;	"";	"";	bill watterson
Bletchley Park;	"";	"";	bletchley park
Bede;	"";	"";	bede the venerable
Bubble tea;	"";	"";	bubble tea
Brian Kernighan;	"";	"";	brian kernighan
BCPL;	"";	"";	bcpl
Blaise Pascal;	"";	"";	blaise pascal
Brittonic languages;	"";	"";	brittonic
Bronski Beat;	"";	"";	bronski beat
National Baseball Hall of Fame and Museum;	"";	"";	national baseball hall of fame and museum
BQP;	"";	"";	claim
Blade Runner 3: Replicant Night;	"";	"";	blade runner 3: replicant night
Blade Runner 2: The Edge of Human;	"";	"";	blade runner 2: the edge of human
Brainfuck;	"";	"";	brainfuck
Bordeaux;	"";	"";	bordeaux
Bone;	"";	"";	bone
Benzoic acid;	"";	"";	benzoic acid
Big Bang;	"";	"";	"ferris quote}} but hoyle explicitly denied this and said it was just a striking image meant to highlight the difference between the two models.<ref name=\"croswell1995_chpt9\">{{harvnb"
Bock;	"";	"";	bock
Bantu languages;	"";	"";	bantu
CIM-10 Bomarc;	"";	"";	cim-10 bomarc
Branco River;	"";	"";	branco river
Bali;	"";	"";	bali
Bulgarian language;	"";	"";	bulgarian
Brown University;	"";	"";	brown university
Bill Atkinson;	"";	"";	bill atkinson
Bertrand Russell;	"";	no }};	the earl russell
Boeing 767;	"";	"";	boeing 767
Bill Walsh (American football coach);	"";	"";	bill walsh
Bronze;	"";	no;	""
Boston Herald;	"";	"";	boston herald
Babe Ruth;	"";	no;	babe ruth
Bill Schelter;	"";	"";	bill schelter
British English;	"";	"";	british english
Berry Berenson;	"";	"";	berry berenson
Brion Gysin;	"";	"";	brion gysin
Common buzzard;	"";	"";	buteo buteo}}
Barbara Olson;	"";	"";	barbara olson
Barnard's Star;	"";	"";	barnard's star
Boötes;	"";	"";	boötes
Bassoon;	"";	"";	bassoon
Baltic languages;	"";	"";	baltic
Brian De Palma;	"";	"";	brian de palma
North American B-25 Mitchell;	"";	"";	b-25 mitchell
Bobby Charlton;	"";	"";	{{br entries
Barry Lyndon;	"";	"";	barry lyndon
Cell (biology);	"";	"";	cell
Buffy the Vampire Slayer (film);	"";	"";	buffy the vampire slayer
Berthe Morisot;	"";	"";	berthe morisot
Barnard College;	"";	"";	barnard college
Benedictines;	"";	"";	order of saint benedict
Bayezid I;	"";	"";	bayezid i
Bayezid II;	"";	"";	bayezid ii
Boxing;	"";	"";	boxing
Hindi cinema;	"";	"";	hindi cinema
Barcelonnette;	"";	"";	barcelonnette
Baháʼí Faith;	"";	no;	baháʼí faith
Burgundians;	"";	"";	burgundian
Big Brother (Nineteen Eighty-Four);	"";	"";	big brother
Belle and Sebastian;	"";	"";	belle & sebastian
Beechcraft;	"";	"";	beechcraft corporation
Battle of Stalingrad;	"";	"";	germany}}'''
Bodhidharma;	"";	"";	bodhidharma
Biconditional introduction;	"";	"";	biconditional introduction
Biconditional elimination;	"";	"";	biconditional elimination
Baltimore Ravens;	"";	"";	baltimore ravens
British National Party;	"";	"";	british national party
Bethlehem;	"";	"";	bethlehem
Benjamin;	"";	"";	benjamin
Black Sabbath;	"";	"";	black sabbath
Buffalo Bills;	"";	"";	buffalo bills
Big Dig;	"";	"";	the central artery/tunnel project
Binary search tree;	"";	"";	binary search tree
Boston Red Sox;	"";	"";	boston red sox
Baltimore Orioles;	"";	"";	baltimore orioles
Bastarnae;	"";	"";	cnoteb
Bohemia;	"";	"";	bohemia
BBC Radio 1;	"";	"";	bbc radio 1
BBC Red Button;	"";	"";	bbc red button
Boomerang;	"";	"";	boomerang
Bodybuilding;	"";	"";	bodybuilding
Book of Jeremiah;	"";	no}};	""
Blind Blake;	"";	"";	blind blake
Brian Lara;	"";	"";	brian lara
Beagle;	"";	"";	beagle
Barry Bonds;	"";	"";	barry bonds
Rail transport in Great Britain;	"";	"";	rail transport in great britain
British Rail;	"";	"";	british railways<br />british rail
Bristol City F.C.;	"";	"";	[[max o'leary]]}}
Northrop Grumman B-2 Spirit;	"";	"";	b-2 spirit
Beaver;	"";	"";	beaver
Bear;	"";	"";	bears
Bald eagle;	haliaeetus;	leucocephalus;	bald eagle
Brown bear;	ursus;	arctos;	""
Biathlon;	"";	"";	biathlon
Bubble and squeak;	"";	"";	bubble and squeak
Brooklyn Historic Railway Association;	"";	"";	brooklyn historic railway association
Bandy;	"";	"";	bandy
Bob Frankston;	"";	"";	bob frankston
Booker Prize;	"";	"";	the booker prize
Galjoen;	dichistius;	capensis;	galjoen
Blue crane;	grus;	paradisea;	""
Babrak Karmal;	"";	"";	babrak karmal<br/>{{nq
Billy Bob Thornton;	"";	no;	billy bob thornton
B (programming language);	"";	"";	b
The Beach Boys;	"";	"";	the beach boys
Beatrix Potter;	"";	"";	beatrix potter
Liberal Party (UK);	"";	"";	liberal party
Bank of England;	"";	"";	governor and company of the<br>bank of england
Bean;	"";	"";	green beans, raw
Breast;	"";	"";	breast
Baghdad;	"";	"";	baghdad
Bugatti;	"";	"";	automobiles ettore bugatti
Black Death;	"";	"";	black death
Bongo (antelope);	"";	"";	bongo
Bunyip;	"";	"";	"\"mcneil\"}} sometimes \"particular waterholes in the riverbeds\".{{sfn"
Boone, North Carolina;	"";	"";	boone
Borneo;	"";	"";	borneo <br/> {{lang
Burroughs Corporation;	"";	"";	burroughs corporation
Brick;	"";	"";	brick
Bill Haley;	"";	"";	bill haley
Northern bobwhite;	colinus;	virginianus;	""
Bipolar disorder;	"";	no;	bipolar disorder
Burt Lancaster;	"";	"";	burt lancaster
Blind Willie McTell;	"";	"";	blind willie mctell
Bash (Unix shell);	"";	"";	bash
Blizzard;	"";	"";	blizzard
Babur;	"";	"";	babur
Bernard of Clairvaux;	"";	"";	bernard of clairvaux
Bishkek;	"";	"";	bishkek
Braveheart;	"";	"";	braveheart
Brian Aldiss;	"";	"";	brian w. aldiss}}
Bambara language;	"";	"";	bambara
Baku;	"";	"";	""
Balalaika;	"";	"";	balalaika
Bank of China Tower (Hong Kong);	"";	"";	bank of china tower
Blind Lemon Jefferson;	"";	"";	blind lemon jefferson
Bugzilla;	"";	"";	""
Blue Öyster Cult;	"";	"";	blue öyster cult
Battery Park City;	"";	"";	battery park city
Bacterial vaginosis;	"";	"";	bacterial vaginosis
Bud Selig;	"";	"";	bud selig
Bison;	"";	"";	bison, ground, grass-fed, cooked
Björn Borg;	"";	"";	björn borg
Barnabas;	"";	"";	barnabas
Birka;	"";	"";	birka
Beta-lactamase;	"";	"";	serine beta-lactamase
Burhanuddin Rabbani;	"";	"";	burhanuddin rabbani
Boeing 747;	"";	"";	boeing 747
BBC News (TV channel);	"";	"";	bbc news
Bill Oddie;	"";	"";	bill oddie
Broadway (Manhattan);	"";	"";	""
Bombardier Inc.;	"";	"";	bombardier inc.
British Steel (1967–1999);	"";	"";	british steel plc
BT Group;	"";	"";	bt group plc
Balmoral Castle;	"";	"";	balmoral castle
Breton language;	"";	"";	breton
Billy Crystal;	"";	"";	billy crystal
Blitzkrieg;	"";	"";	misconception of blitzkrieg}}
The Beano;	"";	"";	beano studios
Bee;	"";	"";	bees
Boris Pasternak;	"";	"";	boris pasternak
Bruce Campbell;	"";	"";	bruce campbell
Baron Aberdare;	"";	"";	barony aberdare
B-tree;	"";	"";	b-tree
British Museum;	"";	"";	british museum
Balochistan, Pakistan;	"";	"";	balochistan
William M. Tweed;	"";	"";	"william m. tweed<!--middle name is not \"marcy\"-->"
Boston Corbett;	"";	"";	boston corbett
Berber languages;	"";	"";	berber
Blissymbols;	"";	"";	blissymbols
Brahui language;	"";	"";	brahui
Berkeley DB;	"";	"";	berkeley db
Bob Jones University;	"";	"";	bob jones university
British Empire;	"";	"";	'''british empire'''
Batman (1989 film);	"";	"";	batman
Batman (1966 film);	"";	"";	batman
Batman Returns;	"";	"";	batman returns
Batman & Robin (film);	"";	"";	batman & robin
Benjamin Franklin-class submarine;	"";	"";	''benjamin franklin'' class
Brownie McGhee;	"";	"";	brownie mcghee
International Bureau of Weights and Measures;	"";	"";	international bureau of weights and measures
Bayonne;	"";	"";	bayonne
Bubblegum Crisis;	"";	"";	bubblegum crisis
Plague (disease);	"";	"";	plague
Baudot code;	"";	"";	baudot code (ita1)
Brasília;	"";	"";	brasília
Blue Streak (missile);	"";	"";	blue streak
Bakassi;	"";	"";	bakassi
The Ballad of the Green Berets;	"";	"";	the ballad of the green berets
Borzoi;	"";	"";	borzoi
Basenji;	"";	"";	basenji
Building society;	"";	"";	group
Blue Steel (missile);	"";	"";	blue steel
Burwash Hall;	"";	"";	burwash hall
Benzodiazepine;	"";	"";	benzodiazepines
Body mass index;	"";	"";	body mass index (bmi)
Barry Goldwater;	"";	no;	""
Bob Young (businessman);	"";	"";	bob young
Babylon 5;	"";	"";	william forward}}</ref> as [[antono refa
BeOS;	"";	"";	beos
Balfour Declaration;	"";	"";	gelvin2014
Black Hand (Serbia);	"";	"";	unification or death
BeBox;	"";	"";	bebox
Bombay Sapphire;	"";	"";	bombay sapphire
Bob Wills;	"";	"";	bob wills
Barış Manço;	"";	"";	barış manço
Blitz BASIC;	"";	"";	blitzbasic <!--space in name needed to match other template names-->
Blood alcohol content;	"";	"";	blood alcohol content
Barrister;	"";	"";	barrister
Battle of Gettysburg;	"";	"";	""
Budweiser;	"";	"";	budweiser
Bermuda Triangle;	"";	"";	bermuda triangle
Berkeley, California;	"";	"";	berkeley
Bill Macy;	"";	"";	bill macy
Bob Knight;	"";	"";	bob knight
Black metal;	"";	"";	black metal
Blizzard Entertainment;	"";	"";	blizzard entertainment, inc.
Robert Bellarmine;	"";	"";	robert bellarmine
Banquo;	"";	"";	banquo<br />[[thane (scotland)
Bert Bell;	"";	"";	bert bell
Bob Costas;	"";	"";	bob costas
Bill Mumy;	"";	"";	bill mumy
House of Bonaparte;	"";	"";	name
Beryl;	"";	"";	beryl
Black Russian;	"";	"";	black russian
Bundaberg Rum;	"";	"";	bundaberg rum
Ben Nevis;	"";	"";	ben nevis
Bipolar I disorder;	"";	"";	bipolar disorder
Bacardi;	"";	"";	bacardi limited
Bunsen burner;	"";	"";	bunsen burner
Blue whale;	balaenoptera;	musculus;	""
Bolsheviks;	"";	"";	bolsheviks
Barney Bubbles;	"";	"";	barney bubbles
Basic English;	"";	"";	basic english
Bagpuss;	"";	"";	@officialbagpuss}} to share archive footage not widely available, such as several short stories narrated by oliver postgate.
Bézout's identity;	"";	"";	bézout's identity
Rockwell B-1 Lancer;	"";	"";	b-1 lancer
Book of Common Prayer;	"";	"";	widely varying}} the actual language of the 1662 revision was little changed from that of cranmer. with two exceptions, some words and phrases which had become archaic were modernised; secondly, the readings for the [[epistle]] and [[gospel]] at holy communion, which had been set out in full since 1549, were now set to the text of the 1611 authorized king james version of the bible. the [[psalter]], which had not been printed in the 1549, 1552 or 1559 books—was in 1662 provided in [[miles coverdale]]'s translation from the [[great bible]] of 1538.
Birmingham Small Arms Company;	"";	"";	the birmingham small arms company limited (bsa)
Bovril;	"";	"";	}}
Benjamin D. Santer;	"";	"";	benjamin david santer
Bill Bixby;	"";	"";	bill bixby
Bronze Star Medal;	"";	"";	bronze star medal
Ballarat;	"";	"";	ballarat
Bohdan Khmelnytsky;	"";	"";	bohdan khmelnytsky<br/>{{nobold
Ben Bova;	"";	"";	ben bova
Barbagia;	"";	"";	barbagia
Boeing B-17 Flying Fortress;	"";	"";	b-17 flying fortress
Zebrafish;	danio;	rerio;	''danio rerio''
Battle of Adwa;	"";	"";	battle of adwa}}
Bjørn Lomborg;	"";	"";	bjørn lomborg
Banda Islands;	"";	"";	banda islands
Brisbane Broncos;	"";	"";	brisbane broncos}}), but they play their home games at [[suncorp stadium]] in nearby [[milton, queensland
Brisbane Lions;	"";	"";	crowd
Bloody Sunday (1972);	"";	"";	derrynote
Bruno of Querfurt;	"";	"";	bruno of querfurt
Bo Diddley;	"";	"";	bo diddley
Bela Lugosi;	"";	"";	bela lugosi
Bride of the Monster;	"";	"";	bride of the monster
Biathlon World Championships;	"";	"";	biathlon world championships
Biotite;	"";	"";	biotite
Brigham Young;	"";	"";	brigham young
Bill Bryson;	"";	"";	bill bryson
Big Audio Dynamite;	"";	"";	big audio dynamite
Bentley;	"";	"";	bentley motors limited
Chordate;	"";	"";	chordates
Charlize Theron;	"";	no}};	charlize theron
Chess;	"";	no;	""
Charlie Chaplin;	"";	no}};	charlie chaplin
The World Factbook;	"";	"";	the world factbook
Copenhagen;	"";	"";	copenhagen
Combinatorics;	"";	no;	""
Geography of Canada;	"";	"";	canada
Demographics of Canada;	"";	"";	fertility
Politics of Canada;	"";	"";	politics of canada
Christianity;	"";	"";	christianity
Computing;	"";	no;	""
Khmer language;	"";	"";	khmer
Carnivora;	"";	"";	carnivoran
Citizen Kane;	"";	no;	citizen kane
Callitrichidae;	"";	"";	callitrichidae<ref name=msw3>{{msw3 groves
Cebidae;	"";	"";	cebidae <ref name=msw3>{{msw3 groves
Chondrichthyes;	"";	"";	cartilaginous fishes
Carl Linnaeus;	"";	"";	carl von linné}}
Catatonia;	"";	"";	catatonia
Country music;	"";	"";	country
Crony capitalism;	"";	no;	""
Common law;	"";	"";	the common law by oliver wendell holmes jr.}}; also available at [http://biotech.law.lsu.edu/books/holmes/claw_c.htm the climate change and public health law site]
Common descent;	"";	"";	zoonomia; or the laws of organic life: in three parts (volume 1) (1818)}} retrieved 2015-11-23.
Constellation;	"";	no;	""
Catalan language;	"";	"";	catalan
STS-51-F;	"";	"";	sts-51-f
On the Consolation of Philosophy;	"";	"";	the consolation of philosophy
Crouching Tiger, Hidden Dragon;	"";	"";	crouching tiger, hidden dragon
Charlemagne;	"";	"";	charlemagne
Computer science;	"";	no;	""
Demographics of Chad;	"";	"";	h}}
Chad National Army;	"";	"";	chad national army
